lote,veredicto,motivo,institucion,dominio_responde,dominio_real,nombre_real,nombre_coincide,url_programas,cantidad,niveles,tipo,alerta
01,inservible,dominio muerto,4Life College,NO,4lifecollege.edu.au NXDOMAIN,?,?,?,?,?,?,DOMINIO MUERTO · hay que re-localizar la institucion
01,inservible,dominio muerto,ABC School of English,NO,abcschool.co.uk resuelve pero rechaza conexion,?,?,?,?,?,?,SERVIDOR CAIDO · puertos 80 y 443 rechazan · dominio abandonado
01,corregir,nombre distinto al real,ACADEMIA Australia,si,academia21.com,Academia21 (Australian Academy of Vocational Education and Trades) · RTO 21595,parcial,menu Courses,~20-25,"Cert III/IV, Dip, Adv Dip + ingles",si,la marca real es Academia21 · ciudad null en la ficha
01,ok,-,ACAH,si,acah.edu.au,Australian College of Agriculture & Horticulture,si,menu COURSES,~25,"Cert II-IV, Dip, Adv Dip",si,-
01,corregir,nombre distinto al real,ACAP,si,acap.edu.au,ACAP University College · TEQSA University College,parcial,https://www.acap.edu.au/courses/,~40,Undergrad Cert a Master,si,YA NO es Australian College of Applied Psychology · ficha lo tiene como College Privado/Vocacionales y se queda corta
01,corregir,nombre distinto al real,ACBI,si,acbi.edu.au,Australian College of Business Intelligence · RTO 40835 · CRICOS 03426E,parcial,https://www.acbi.edu.au/courses/,~26,"Cert IV, Dip, Adv Dip, Grad Dip",si,BLOQUEA BOTS: 403 sin User-Agent de navegador (Cloudflare). Con UA de Chrome responde 200
01,ok,-,ACE English,si,aceenglishmalta.com,ACE English Malta,si,https://www.aceenglishmalta.com/es/cursos/,~10,"Idiomas CEFR, business, exam prep, juniors",si,-
01,observacion,"ficha dice ""Todos los programas"" y solo tiene 4 cursos de coaching · enganoso",ACE Sports Academy,si,acesports.edu.au,ACE Sports Academy · RTO 31414 · CRICOS 03005D,si,https://www.acesports.edu.au/courses.html,4,"Cert II-IV + Diploma, todos de deporte",si,"ficha dice ""Todos los programas"" y solo tiene 4 cursos de coaching · enganoso"
01,ok,-,ACLA,si,studyatlantic.com,Atlantic Canada Language Academy,si,https://studyatlantic.com/programs/,~6-7,Idiomas + frances y espanol,si,-
01,revisar_a_mano,catálogo no enumerable,ACU,si,acu.edu.au,Australian Catholic University,si,https://www.acu.edu.au/study-at-acu/find-a-course,?,Pregrado a PhD,si,"catalogo detras de BUSCADOR, no lista plana"
01,revisar_a_mano,catálogo no enumerable,AGI anglo-german institute,si,agi-german-courses.de,anglo-german institute (agi German courses),si,https://www.agi-german-courses.de/en/german-courses-in-stuttgart/,?,Aleman A1-C2,si,"la web es un CONFIGURADOR, no un catalogo enumerable · sin sitemap"
01,corregir,"apunta al dominio del grupo, no al propio",AIBT,si,aibtglobal.edu.au,Australia Institute of Business and Technology · RTO 41138 · CRICOS 03430J,si,https://aibtglobal.edu.au/courses/,90+,"Cert III/IV, Dip, Adv Dip, Grad Dip",si,"sitio PARAGUAS de 5 escuelas internas · muchos cursos ""Currently Not Accepting Enrolments"" · filtrar por disponibilidad"
01,observacion,otorga BACHELOR pero la ficha solo permite Vocacionales · deja fuera los pregrados,AIT,si,ait.edu.au,Academy of Interactive Technology · Institute of Higher Education,si,https://www.ait.edu.au/courses/,~10,Bachelor + Diploma,si,otorga BACHELOR pero la ficha solo permite Vocacionales · deja fuera los pregrados
01,observacion,ficha dice Perth; el sitio lista Adelaide y NO Perth,ALG,si,alg.edu.au,Australian Learning Group · RTO 91165,si,https://alg.edu.au/courses/,~7 areas,"Cert III/IV, Diploma",si,ficha dice Perth; el sitio lista Adelaide y NO Perth
01,inservible,dominio muerto,ALI,NO,studymontreal.com apunta a 127.0.0.1,?,?,?,?,?,?,DOMINIO MUERTO · DNS publico apunta a loopback
02,ok,-,ALTEC College,si,altec.edu.au,Pass Global Pty Ltd t/a ALTEC College,si,https://www.altec.edu.au/courses/,~16,"Ingles, Cert III-IV, Dip, Adv Dip, Grad Dip",si,-
02,inservible,no es una institución (agencia),AMET Education,si,amet.com.au,AMET Education,si,no tiene,0,n/a,AGENCIA,NO ES INSTITUCION: agencia de reclutamiento + servicios migratorios. No dicta programas
02,observacion,ficha guarda solo la sigla,ANIBT,si,anibt.edu.au,Australian National Institute of Business & Technology · RTO 21368 · CRICOS 02506B,si,https://www.anibt.edu.au/courses/,~30,"Cert III/IV, Dip, Adv Dip, Grad Dip",si,ficha guarda solo la sigla
02,observacion,"es PATHWAY COLLEGE, la ficha lo marca category=Universidad. 3 sedes, ficha dice 1",ARU College,si,arucollege.com,"ARU College (pathway de Anglia Ruskin, operado por Navitas)",si,https://www.arucollege.com/undergraduate/,~19 areas,"Foundation, First Year, Pre-Masters",si,"es PATHWAY COLLEGE, la ficha lo marca category=Universidad. 3 sedes, ficha dice 1"
02,revisar_a_mano,catálogo no enumerable,AUT Auckland University of Technology,si (bloquea),aut.ac.nz,?,?,?,?,?,?,NO AUDITABLE: 403 Cloudflare a todo acceso automatizado. Requiere verificacion manual
02,inservible,dominio muerto,Ability - MEGT,NO,-,?,?,?,?,?,?,"DOMINIO MUERTO: NXDOMAIN, el dominio ya no existe"
02,inservible,no es una institución (red),Academies Australasia,si,academies.edu.au,Academies Australasia Group,si,https://academies.edu.au/courses/,180-250,High School a Master,RED,"ES UNA RED DE 18 COLLEGES, no una escuela"
02,corregir,nombre distinto al real,Academies Australasia Hair & Beauty,si,brishair.com.au,"Brisbane and Gold Coast School of Hairdressing, Barbering and Beauty",parcial,https://www.brishair.com.au/courses,2 lineas,Peluqueria y Barberia,si,CONFIRMA el caso Brisbane desde otra ficha: sin NI UN programa de estetica
02,corregir,"apunta al dominio del grupo, no al propio",Academies Australasia Institute,si,academies.edu.au,Academies Australasia Institute · RTO 90806 · CRICOS 02398A,si,"(del grupo, no propia)",?,Vocacional,si,SIN SITIO PROPIO: apunta al dominio del grupo
02,inservible,duplicado de otra ficha,Academies Australasia Polytechnic,si,aapoly.edu.au,Academies Australasia Polytechnic (AAPoly),si,https://aapoly.edu.au/courses/,~20+,Cert IV a Master,si,DUPLICADO exacto con la ficha siguiente
02,inservible,duplicado de otra ficha,Academies Australasia Polytechnic (AAPOLY),si,aapoly.edu.au,Academies Australasia Polytechnic (AAPoly),si,https://aapoly.edu.au/courses/,~20+,Cert IV a Master,si,DUPLICADO de la anterior · fusionar
02,observacion,"ciudad null en la ficha (Southport, Gold Coast)",Academique,si,academique.com.au,Academique,si,https://www.academique.com.au/courses/,~16-18,"Ingles, Cert III/IV, Dip, Adv Dip",si,"ciudad null en la ficha (Southport, Gold Coast)"
02,corregir,"apunta al dominio del grupo, no al propio",Academy of English,si,academies.edu.au,Academy of English · CRICOS 02399M,si,https://academies.edu.au/courses-syd-english/,~3,Solo ELICOS,si,SIN SITIO PROPIO: apunta al dominio del grupo
02,observacion,opera en Salerno Y Napoles. OJO: existe otra Accademia Italiana de moda en Florencia,Accademia Italiana,si,accademia-italiana.it,Accademia Italiana,si,https://accademia-italiana.it/en/courses/,~10+,Italiano para extranjeros,si,opera en Salerno Y Napoles. OJO: existe otra Accademia Italiana de moda en Florencia
02,observacion,ficha guarda nombre parcial,Actilingua,si,actilingua.com,ActiLingua Academy Vienna,si,https://www.actilingua.com/german-courses/,~15-18,Aleman A1-C2,si,ficha guarda nombre parcial
03,ok,-,Admiral Farragut Academy,si,farragut.org,Admiral Farragut Academy,si,https://farragut.org/academics/,~6,K-12,si,-
03,corregir,dominio obsoleto,Ahts Training & Education,redirige,alliancecollege.edu.au,Alliance College (ex Adelaide Hospitality and Tourism School),no,https://alliancecollege.edu.au/alliance-courses,~40+,"Cert II/III/IV, Diploma, Adv Dip, Grad Dip, ELICOS",si,REBRANDING: ficha con nombre y dominio viejos; ahora Adelaide Y Sydney
03,inservible,el dominio es de otra institución,Albright,si,albrightinstitute.edu.au,Albright Institute of Business and Language,parcial,https://albrightinstitute.edu.au/,~24,"ELICOS, Cert, Diploma, Adv Dip, Grad Dip",si,"ciudades mal (dice Perth, no aparece); categoria subestima: es mayoritariamente VET"
03,observacion,"ficha sin ciudad (Merrimac, Gold Coast)",All Saints Anglican School,si,asas.qld.edu.au,All Saints Anglican School,si,https://www.asas.qld.edu.au/our-school/programs,~3,Pre-Prep a Year 12,si,"ficha sin ciudad (Merrimac, Gold Coast)"
03,observacion,partner_group dice Kaplan; Kaplan la cedio a Inspirit Capital,Alpadia,si,alpadia.com,Alpadia Language Schools,si,https://www.alpadia.com/es/cursos-idiomas,~6,"Idiomas, campamentos, ano academico, prep examenes",si,partner_group dice Kaplan; Kaplan la cedio a Inspirit Capital
03,inservible,no es una institución (agencia),Amerigo,si,amerigoeducation.com,Amerigo Education,si,https://www.amerigoeducation.com/en/our-schools,32+ colegios,Secundaria,AGENCIA,NO ES UN COLEGIO: red que ubica en 32+ colegios socios. Venderla como institucion es incorrecto
03,corregir,nombre distinto al real,Ance,si,ance.vic.edu.au,Australian National College of English,parcial,https://ance.vic.edu.au/course/,~5,Ingles/ELICOS,si,catalogada VET pero solo ofrece ingles
03,observacion,"ficha 2 ciudades, el sitio declara 4 campus",Anglia Ruskin University - ARU,si,aru.ac.uk,Anglia Ruskin University (ARU),si,https://aru.ac.uk/study/course-search,cientos,"Pregrado, postgrado, PhD, college 16-18, apprenticeships",si,"ficha 2 ciudades, el sitio declara 4 campus"
03,ok,-,Anglo continental,si,anglo-continental.com,Anglo-Continental Educational Group,si,https://www.anglo-continental.com/english-courses-in-england/,~20+,"Ingles, prep examenes, CELTA, junior, 50+",si,-
03,observacion,no se confirmo oferta de idiomas que la ficha marca,Arbutus College,si,arbutuscollege.com,Arbutus College,si,https://arbutuscollege.com/program-finder/,~6,Diploma/certificado + co-op,si,no se confirmo oferta de idiomas que la ficha marca
03,corregir,nombre distinto al real,Ascenda School of Management,si,acsenda.com,Acsenda School of Management,no,https://acsenda.com/academic-programs/,2 grados,"Bachelor (BBA, Hospitality) + pathways",si,NOMBRE MAL ESCRITO: es Acsenda con C. Ficha marca Idiomas pero la oferta es de grado
03,inservible,el dominio es de otra institución,Ascent College of technology,redirige,matrixcollege.ca,"Matrix College of Management, Technology and Healthcare",no,https://www.matrixcollege.ca/diploma-programs/quebec-residents/,~7,AEC + pathway frances + micro credenciales,si,INSTITUCION DISTINTA: el sitio no menciona Ascent. Ficha dice publico y es privado
03,observacion,"ficha 1 ciudad, sitio lista 3. Catalogada VET pero es higher education TEQSA",Asia Pacific International College (APIC),si,apicollege.edu.au,Asia Pacific International College (APIC),si,https://apicollege.edu.au/courses/,~25+,"Diploma, Bachelor, Grad Cert, Grad Dip, Master",si,"ficha 1 ciudad, sitio lista 3. Catalogada VET pero es higher education TEQSA"
03,observacion,"ficha solo Dublin; tambien Malta, Liverpool y Clare",Atlas Language School,si,atlaslanguageschool.com,Atlas Language School,si,https://atlaslanguageschool.com/courses,~10,"Ingles, prep examenes, junior, CELTA, pre-foundation",si,"ficha solo Dublin; tambien Malta, Liverpool y Clare"
03,corregir,nombre distinto al real,Atpal,si,atpalcanada.com,Atpal Languages,parcial,https://atpalcanada.com/programs/,~9,"Ingles y frances, prep examenes, pathway",si,nombre real Atpal Languages; tambien ensena frances
04,ok,-,AIBT,si,aibtglobal.edu.au,Australia Institute of Business and Technology,si,https://aibtglobal.edu.au/courses/,~90+,"Cert III/IV, Dip, Adv Dip, Grad Dip",si,-
04,inservible,duplicado de otra ficha,AIBT - International,si,aibtglobal.edu.au,Australia Institute of Business and Technology,parcial,idem,~90+,idem,si,"DUPLICADO de la ficha anterior: mismo dominio, el sitio nunca menciona una entidad separada"
04,revisar_a_mano,catálogo no enumerable,Australian Catholic University (ACU),si,acu.edu.au,Australian Catholic University,si,https://www.acu.edu.au/study-at-acu/find-a-course,cientos,"Pregrado, posgrado, investigacion, pathway, cursos cortos",si,"catalogo es BUSCADOR dinamico, no lista: no encaja en el pipeline de extraccion"
04,corregir,nombre distinto al real,Australian College of Applied Professions (ACAP),si,acap.edu.au,ACAP University College,parcial,https://www.acap.edu.au/courses/,~30+,Cert a Master,si,RENOMBRADA: hoy es ACAP University College (TEQSA)
04,inservible,el dominio es de otra institución,Australian College of Dance,si,alg.edu.au,Australian Learning Group,NO,https://alg.edu.au/courses/,~12,"Cert III, Cert IV, Diploma",si,INSTITUCION FANTASMA: ALG no tiene NI UN curso de danza y nunca menciona este nombre. Candidata a eliminar
04,observacion,sin pagina indice de cursos,ACIT / IFTV,si,acit.edu.au,Australian College of IT & Institute of Film and Television,si,(sin indice; links desde la home),~6 areas,"Diploma, Adv Dip, ELICOS",si,sin pagina indice de cursos
04,inservible,el dominio es de otra institución,Australian College of Sport & Fitness,si,alg.edu.au,Australian Learning Group,NO,https://alg.edu.au/courses/,~12,"Cert III/IV, Diploma",si,El dominio es de ALG; el nombre no aparece en el sitio. Si hay cursos de fitness pero bajo marca ALG
04,corregir,nombre distinto al real,Australian College of Technology,si,academies.edu.au,Academies Australasia Group Limited,NO,menu COURSES por ciudad,180-250,"Cert, Dip, Adv Dip, Bachelor",si (grupo),"Es un GRUPO (9 campus + Singapur), no esta institucion. El sitio nunca menciona el nombre"
04,observacion,ficha dice solo Tasmania; tiene Launceston y Melbourne,Australian Federation College,si,afcollege.edu.au,Australian Federation College · RTO 45616 · CRICOS 03854G,si,seccion Courses (sin indice unico),~18,"Cert IV a Grad Dip, ELICOS",si,ficha dice solo Tasmania; tiene Launceston y Melbourne
04,observacion,"pese al nombre, el grueso es construccion/trades",AHMI,si,ahmi.edu.au,Australian Health and Management Institute · RTO 70252 · CRICOS 03595K,si,https://www.ahmi.edu.au/courses,~28,"Cert III/IV, Dip, Adv Dip + cursos cortos",si,"pese al nombre, el grueso es construccion/trades"
04,observacion,hay que recorrer 7 categorias,Australian Ideal College,si,aic.edu.au,Australian Ideal College · CRICOS 03053G · RTO 91679,si,(sin indice; 7 categorias),~20+,"Cert III/IV, Dip, Adv Dip, Grad Dip",si,hay que recorrer 7 categorias
04,observacion,solo idiomas,AICOL,si,aicol.com.au,Australian International College Of Language,si,https://aicol.com.au/english-courses-to-study-aicol/,~12+,"ELICOS A2-C2, Cambridge, IELTS, PTE, kids",si,solo idiomas
04,inservible,dominio muerto,Australian International High School,NO,-,?,?,?,?,?,?,DOMINIO MUERTO: academies.nsw.edu.au no resuelve DNS
04,corregir,dominio obsoleto,Australian Language Schools,redirige,alscollege.com.au,ALS College · CRICOS 02885G · RTO 32044,parcial,https://alscollege.com.au/courses/,?,ELICOS + VET,si,LOS DOS dominios de la ficha obsoletos; hoy se llama ALS College
04,inservible,el dominio es de otra institución,Australian Learning Group (ALG),si,alg.edu.au,Australian Learning Group · RTO 91165,si,https://alg.edu.au/courses/,~12,"Cert III/IV, Diploma",si,Es la institucion real detras de las 2 fichas fantasma (Dance y Sport & Fitness)
05,revisar_a_mano,el sitio bloquea acceso automatizado,James Cook University (JCU),bloquea,www.jcu.edu.au,?,?,?,?,?,institucion,"Cloudflare devuelve challenge ""Just a moment..."" (403) incluso con UA de Chrome y de Safari; DNS resuelve OK (Cloudflare 104.18.18.28) — el sitio esta vivo pero no auditable por fetch. Requiere navegador real."
05,inservible,el dominio es de otra institución,Fleming College,si,flemingcollege.ca,"Sir Sandford Fleming College (usa ""Fleming College"" como marca)",parcial,https://flemingcollege.ca/programs/ (A-Z en /programs/a-z),~80+,"Certificado, Diploma, Advanced Diploma, Post-grad certificate, Aprendizajes, Bachelor (nursing con Trent)",institucion,"Ficha dice ""College Privado"" pero es un colegio PUBLICO de Ontario; partner_group=GUS no aparece en el sitio (GUS opera un campus aparte ""Fleming College Toronto""), verificar que el acuerdo comercial sea sobre este dominio."
05,corregir,"apunta al dominio del grupo, no al propio",Charlton Brown,redirige,charltonbrown.edu.au (301 desde charltonbrown.com.au),Charlton Brown Pty Ltd trading as Charlton Brown (RTO 2508),si,https://charltonbrown.edu.au/course/,"? (5 facultades: ELICOS, Educacion/Salud/Comunidad, Hospitalidad/Cocina, Ingenieria/IT, Negocios)","Certificado, Diploma, Advanced Diploma, ELICOS, paquetes pathway",institucion,El dominio de la ficha (.com.au) redirige a otro host (.edu.au) — actualizar. Es miembro del NIET Group (logos NIET/Rhodes/UniTrack): dominio y marca conviven con un grupo paraguas.
05,inservible,dominio muerto,Munich Business School,no,?,?,?,?,?,?,?,"El campo `sitio` dice literalmente ""nait"" — no es un dominio. ""NAIT"" es el acronimo del Northern Alberta Institute of Technology (Canada): parece contaminacion de otra ficha. No se audito nada porque la regla es visitar solo el dominio oficial de la ficha y no hay ninguno. Requiere corregir el dato en origen."
05,inservible,dominio muerto,Royal Greenhill Institute of Technology,no,—,—,?,—,—,—,?,DOMINIO MUERTO confirmado contra DNS publico 8.8.8.8: NXDOMAIN tanto en www.rgit.edu.au como en el apex rgit.edu.au. No es un 403 ni un bloqueo: el dominio no existe.
05,corregir,nombre distinto al real,William Angliss Institute of TAFE,si,www.angliss.edu.au,William Angliss Institute (TAFE Victoria · RTO 3045 · CRICOS 01505M),parcial,https://www.angliss.edu.au/courses/,"? (categorias: Foods, Tourism, Hospitality, Events, Hotel Management)","Certificado, Diploma, Grado (degree), cursos cortos, aprendizajes",institucion,"El nombre en el sitio es ""William Angliss Institute"" sin ""of TAFE"" (es TAFE, pero no lo usa en la marca). Sin observaciones criticas."
05,corregir,dominio obsoleto,Western Sydney University - Sydney City Campus,redirige,city.westernsydney.edu.au (301 desde westernsydney.edu.au/city),Western Sydney University Sydney City Campus,si,https://city.westernsydney.edu.au/courses/,~14,Pregrado (9) · Postgrado/master (5) · pathways,institucion,"El path de la ficha redirige a otro host (subdominio city.). El campus opera con Navitas como socio operador (link ""Agent Information"" a Navitas): la oferta es un subconjunto de WSU, no el catalogo completo de la universidad."
05,revisar_a_mano,el sitio bloquea acceso automatizado,University of Tasmania (UTas),bloquea,www.utas.edu.au,?,?,?,?,?,institucion,"Cloudflare challenge ""Just a moment..."" (403) en /international, / y /courses, con UA de Chrome y de Safari. Sitio vivo pero no auditable por fetch. La ficha apunta a /international (portal de admisiones internacionales), no a la raiz."
05,corregir,dominio obsoleto,IELS Malta,redirige,www.iels.school (desde ielsmalta.com/en),IELS - Institute of English Language Studies,si,https://www.iels.school/english-courses,~11,"Idiomas: General, Intensive, 30+, Business, IELTS, TOEIC, Cambridge FCE/CAE/CPE, EAP, privadas, online, CELTA (teacher training)",institucion,"El dominio de la ficha ya solo sirve una pagina de redireccion a iels.school — actualizar. Lista estatica y enumerable. `puede_vender` duplica ""Idiomas"" dos veces (ruido en el dato)."
05,inservible,no es una institución (agencia),New England College,si,www.nec.intostudy.com,New England College (sitio operado por INTO University Partnerships),si,https://www.nec.intostudy.com/en/degrees,60+ pregrado · 20+ postgrado,Pregrado y Postgrado (no solo pathway),agencia,"El dominio de la ficha NO es el de la institucion (nec.edu) sino el micrositio del partner INTO. Lo que se extraiga de aqui es el catalogo curado por INTO, no el catalogo real del college. Coherente con partner_group=INTO, pero hay que saberlo antes de extraer."
05,ok,-,QIBA - Queensland International Business Academy,si,qiba.edu.au,Queensland International Business Academy (QIBA Pty Ltd),si,https://qiba.edu.au/all-courses/,13+,"Certificate IV, Diploma, Advanced Diploma (VET), ELICOS, PTE prep, Professional Year",institucion,-
05,corregir,dominio obsoleto,Centre for English Language in the University of South Australia (CELUSA),redirige,international.unisa.edu.au 302 -> adelaide.edu.au/study/international-students/,"Adelaide University (NO aparece ""CELUSA"" en ningun lado)",no,"https://adelaide.edu.au/study/english-language-centre/ (del sucesor, no de CELUSA)",?,Idiomas / pathway,institucion,"FICHA MUERTA. La URL exacta de la ficha da 404, el path padre /pre-entry-and-pathway-programs/ da 404, y todo international.unisa.edu.au redirige a adelaide.edu.au: UniSA ya no opera como marca independiente y CELUSA no existe en el sitio del sucesor. Reasignar a ""English Language Centre"" de Adelaide University o dar de baja."
05,revisar_a_mano,catálogo no enumerable,Golden Gate University,si,ggu.edu,Golden Gate University,si,https://ggu.edu/degrees-programs/,? (decenas),"Associate, Bachelor, Master, Doctorado (DBA), certificados under/grad",institucion,"Ojo menor: `puede_vender` dice ""Solo Postgrado"" y la universidad si tiene associate y bachelor — es restriccion comercial, no error de ficha, pero confirmar con el partner (Wellspring) que el pregrado esta excluido a proposito."
05,ok,-,North Park University,si,www.northpark.edu,North Park University,si,https://www.northpark.edu/academics/all-majors-programs/,70+ majors/minors,"Pregrado, Postgrado, Seminario teologico",institucion,-
05,revisar_a_mano,catálogo no enumerable,Bangor University,si,www.bangor.ac.uk,Bangor University,si,https://www.bangor.ac.uk/courses,? (A-Z por nivel),"Pregrado, Postgrado taught, Postgrado research, cursos cortos/CPD",institucion,"CATALOGO NO ENUMERABLE: /courses es un buscador dinamico con filtros, no una lista estatica — la extraccion posterior necesita otro tratamiento (recorrer los A-Z por nivel). Ademas `puede_vender`=""Solo pathway / Foundation & Pre master"" via Oxford International: esos programas NO viven en bangor.ac.uk sino en el partner, asi que extraer de este dominio traera oferta que no se puede vender."
05,inservible,el dominio es de otra institución,SCEI,si,www.scei.edu.au,Southern Cross Education Institute (SCEI),si,https://www.scei.edu.au/Courses,"? (4 areas: Aged Care & Disability, Health Services, Early Childhood, Community Services)",VET (Certificado / Diploma). NO se vio ELICOS,institucion,"`puede_vender` INCONSISTENTE: la ficha lo clasifica como ""Instituto Idiomas"" y habilita ""Idiomas"", pero el sitio solo muestra formacion vocacional (cuidado, salud, infancia, comunidad) y no menciona ELICOS en ningun lado. Ademas el listado carga por tabs dinamicos (""Loading tabs..."") — no enumerable en HTML plano."
06,observacion,"NO muestra RTO ni CRICOS · no otorga titulacion, es prep de examen · no sirve para visa de estudio · puede_vender vacio ",Sydney PTE Academy,si,sydneypte.com.au,Sydney PTE Academy,si,https://www.sydneypte.com.au/courses/,3,Solo preparacion examen PTE Academic,institucion (centro de coaching),"NO muestra RTO ni CRICOS · no otorga titulacion, es prep de examen · no sirve para visa de estudio · puede_vender vacio y category null"
06,inservible,duplicado de otra ficha,CCEL - Canadian College of English Language,si,canada-english.com,Canadian College of English Language (CCEL),si,https://canada-english.com/en/smrt-english-esl,~15-20 propios,Idiomas ESL (todos los niveles) + pathways,institucion,"los diplomas vocacionales que aparecen son de PARTNERS (Canadian College, Stenberg College), NO los otorga CCEL · puede_vender trae ""Idiomas"" duplicado"
06,inservible,el dominio es de otra institución,Union College,si,union.edu,"Union College (Schenectady, NY · fundado 1795)",si,https://www.union.edu/academic/majors-minors,62+ areas,Solo Bachelor (liberal arts),institucion,"""American Honors Program"" y ""American Success Program"" de puede_vender NO APARECEN en el sitio · ficha dice ciudad ""Nueva York"" pero esta en Schenectady (~4h de NYC) · tipo_adivinado ""curso_corto"" para un college que solo da pregrado"
06,corregir,nombre distinto al real,Trebas,si,trebas.com,Trebas Institute Quebec Inc.,parcial,https://www.trebas.com/programs/,~10,Diploma / ACS (sin grados),institucion,"grupo GUS confirmado (infra guscancolleges.ca) · solo campus Montreal · ficha dice ""Todos los programas"" pero NO hay grados ni idiomas, solo diplomas de carrera"
06,revisar_a_mano,el sitio bloquea acceso automatizado,University of New England (UNE),bloquea,une.edu.au,University of New England,si,https://www.une.edu.au/study/courses,?,"Pregrado, postgrado e investigacion/PhD",institucion,"403 Cloudflare a fetchers sin headers completos; con UA+Accept de Chrome responde 200 (cf-mitigated: challenge) · catalogo detras de BUSCADOR dinamico, no lista plana · ficha con category null, ciudad null y puede_vender vacio"
06,corregir,dominio obsoleto,Sydney institute of business and techonology (sibt),redirige,sibt.nsw.edu.au (cae el www),Sydney Institute of Business and Technology (SIBT),si,https://sibt.nsw.edu.au/courses/,~7,Diploma pathway + Foundation,institucion,"puede_vender INCONSISTENTE: dice ""Vocacionales (Cert, Dip, Adv Dip)"" y ""Todos los programas"" pero NO hay Cert III/IV, ni Adv Dip, ni grados propios · es pathway a Western Sydney University · Navitas confirmado · typo ""techonology"" en la ficha"
06,inservible,el dominio es de otra institución,ICP - University of Portsmouth,si,www.navitas.com es el GRUPO · el real es icp.navitas.com,Navitas (el dominio de la ficha) / International College Portsmouth (el real),no,https://icp.navitas.com/,navitas.com lista 90+ colleges,n/a,red / grupo paraguas,"🔴 FICHA FANTASMA: el dominio apunta al holding Navitas, no al college. En navitas.com ""ICP"" solo aparece como una fila del directorio. Extraer de aqui traeria los 90+ colleges del grupo como si fueran programas de Portsmouth. CORREGIR sitio a icp.navitas.com (responde 200)"
06,ok,-,McKendree University,si,mckendree.edu,McKendree University,si,https://www.mckendree.edu/academics/programs/,50+ majors,Pregrado + Postgrado (presencial y online),institucion,-
06,observacion,"puede_vender INCONSISTENTE en 2 frentes: NO hay postgrado (nada de NFQ 9) y los ""Idiomas"" son de OTRA entidad, Galway Cu",Galway Business School,si,galwaybusinessschool.ie,Galway Business School,si,https://www.galwaybusinessschool.ie/programmes/,~6,NFQ 6-8: certificados + bachelor,institucion,"puede_vender INCONSISTENTE en 2 frentes: NO hay postgrado (nada de NFQ 9) y los ""Idiomas"" son de OTRA entidad, Galway Cultural Institute, con dominio propio · ""Todos los programas"" es falso"
06,inservible,duplicado de otra ficha,New College Group - ncg,redirige,newcollegegroup.com (cae el www),New College Group - English Language Schools in the UK,si,https://newcollegegroup.com/our-courses/,~7+ (adultos) + juniors,Solo idiomas,red (grupo de escuelas),"es un GRUPO multi-campus, no una escuela · ficha dice ""Manchester, Liverpool"" pero el sitio tambien lista Cheshire y Portsmouth · puede_vender trae ""Idiomas"" duplicado"
06,inservible,duplicado de otra ficha,Browns English Language,si,brownsenglish.edu.au,BROWNS English Language School Pty Ltd (opera tambien como BROWNS Professional),parcial,https://brownsenglish.edu.au/courses/,~10,"Solo idiomas (general, academico, examenes, juniors)",institucion,"ficha dice solo Brisbane; el sitio lista Brisbane, Gold Coast y Melbourne · RTO 31998 / CRICOS 02663M (es RTO, asi que via ""BROWNS Professional"" podria haber VET que el catalogo publico no expone) · puede_vender trae ""Idiomas"" duplicado"
06,revisar_a_mano,catálogo no enumerable,Lakehead University,si,lakeheadu.ca,Lakehead University,si,https://www.lakeheadu.ca/programs,?,"Pregrado, posgrado, doctorado (+ DVM colaborativo)",institucion,"ficha pone ""Ontario"" en el campo ciudad: es la PROVINCIA · campus reales Thunder Bay, Orillia y Barrie · catalogo jerarquico por facultades/departamentos, no lista plana enumerable"
06,ok,-,KEELE UNIVERSITY INTERNATIONAL COLLEGE (KUIC),si,kuic.keele.ac.uk,Keele University International College (KUIC),si,https://kuic.keele.ac.uk/study/,~17 areas (15 UG + 2 PG),"Foundation, International Year One, Pre-Master's",institucion (pathway college operado por Navitas),-
06,observacion,"ficha dice ciudad ""New York"" pero esta en Oneonta, ~4h de NYC · enganoso para el estudiante que compra ""Nueva York"" · si",Hartwick College,si,hartwick.edu,"Hartwick College (Oneonta, NY)",si,https://www.hartwick.edu/academics/majors-and-minors/,~60-70 majors/minors,Solo Bachelor (BA/BS),institucion,"ficha dice ciudad ""New York"" pero esta en Oneonta, ~4h de NYC · enganoso para el estudiante que compra ""Nueva York"" · sin posgrado propio (solo acuerdos cooperativos)"
06,revisar_a_mano,catálogo no enumerable,Southern Cross Education Institute (Higher Education),si,scei-he.edu.au,Southern Cross Education Institute - Higher Education,si,https://www.scei-he.edu.au/courses,?,Bachelor/diploma (VET a HE) + ELICOS,institucion,"ENTIDAD SEPARADA del ""Southern Cross Education Institute"" (el VET), que el propio sitio lista como ""OUR PARTNER"" · no mezclar catalogos · TEQSA PRV14066 / CRICOS 03739K · catalogo por tabs filtrables, no lista plana · ficha con category null y puede_vender vacio"
06,revisar_a_mano,el sitio bloquea acceso automatizado,Griffith University (GU),bloquea,griffith.edu.au,Griffith University,si,https://www.griffith.edu.au/study/degrees,?,"Pregrado, postgrado e investigacion",institucion,"403 Cloudflare a fetchers sin headers completos; con UA+Accept de Chrome responde 200 (cf-mitigated: challenge) · catalogo es BUSCADOR con filtros, no lista enumerable · 6 campus en SE Queensland (ficha con ciudad null) · category null y puede_vender vacio"
07,ok,-,French in Normandy,si,frenchinnormandy.com,French in Normandy IH Rouen,si,https://www.frenchinnormandy.com/french-courses-france/,~15,Idiomas todos los niveles (CEFR) + prep DELF/DALF/TCF + teacher training Erasmus+ + French 50+/gastronomia,institucion,-
07,observacion,"Ficha dice ""College Publico"" pero es RTO PRIVADO; ficha dice Adelaide pero la sede principal son 2 campus en Sydney (Geo",Nortwest College,si,nortwest.edu.au,Nortwest College (Nortwest Pty Ltd · ABN 17 123 969 175 · RTO 91781 · CRICOS 03256G),si,https://www.nortwest.edu.au/Courses.aspx,~8 areas,Vocacional Cert/Dip/Adv Dip + Graduate Diploma of Management + ELICOS,institucion,"Ficha dice ""College Publico"" pero es RTO PRIVADO; ficha dice Adelaide pero la sede principal son 2 campus en Sydney (George St y York St) + Melbourne + Adelaide"
07,observacion,"Ficha con category null, puede_vender vacio y tipo_adivinado ""curso_corto"" pese a que otorga hasta Master; campus Sydney",The Australian Institute of Music (AIM),si,aim.edu.au,The Australian Institute of Music,si,https://aim.edu.au/courses/,~20+,"Diploma, Bachelor (varias especializaciones), Graduate Certificate, Graduate Diploma, Master of Music",institucion,"Ficha con category null, puede_vender vacio y tipo_adivinado ""curso_corto"" pese a que otorga hasta Master; campus Sydney y Melbourne (ficha sin ciudad)"
07,corregir,"apunta al dominio del grupo, no al propio",University of Tasmania International Pathway College,bloquea,utas.edu.au,?,?,?,?,?,?,"Cloudflare JS challenge: 403 tambien con UA de Chrome, devuelve ""Just a moment..."" · sitio VIVO pero no auditable sin navegador real. Ademas el dominio de la ficha es el de la universidad, no el del pathway college (partner_group UP Education) · verificar que no sea ficha paraguas"
07,inservible,duplicado de otra ficha,Gold Coast Learning Centre,si,goldcoaststudy.com,Gold Coast Learning Centre (ABN 51 448 401 177 · RTO 32285 · CRICOS 03268C),si,https://www.goldcoaststudy.com/courses/,"~40 (paginado, 4 paginas)","ELICOS (General English, IELTS prep) + Cert III, Cert IV, Diploma y Advanced Diploma en 9 areas",institucion,"puede_vender inconsistente: ficha marcada solo [""Idiomas"",""Idiomas""] (valor DUPLICADO) y category ""Instituto Idiomas"", pero la mayoria del catalogo es vocacional Cert III -> Adv Dip"
07,revisar_a_mano,catálogo no enumerable,University of Technology Sydney (UTS),si,uts.edu.au,University of Technology Sydney (UTS),si,https://www.uts.edu.au/courses,"? (cientos, sin conteo en el sitio)","Undergraduate, Postgraduate coursework, Research Masters, PhD, online",institucion,"Ficha con category null, puede_vender vacio y tipo_adivinado ""curso_corto"" pese a ser universidad completa"
07,corregir,nombre distinto al real,France Langue,si,sejour.fl-france.fr,"Les ateliers FL – IH Paris, Nice Massena, Bordeaux, Biarritz, Lyon",parcial,"sin catalogo unico · paginas por audiencia: /adultes/, /kids-juniors/, /francais-professionnel/, /groupes/, /au-pair/, /fl-online-school/, /examens/",~15-20,Idiomas todos los niveles + DELF/DALF/TCF + frances profesional + junior/surf camp + au pair + online,institucion,"REBRAND: la marca actual es ""Les ateliers FL""; ""France Langue"" aparece 1 sola vez en toda la home. Ficha lista Martinique pero el sitio solo opera 5 sedes (Paris, Nice, Bordeaux, Biarritz, Lyon) · Martinique ya no existe. Catalogo NO enumerable en una sola pagina"
07,corregir,dominio obsoleto,MLC College of Business Technology and Healthcare,redirige,mlccollege.com -> mlc-college.com (301),MLC College of Business Technology and Healthcare,si,https://www.mlc-college.com/diploma-programs,? (sin conteo en el sitio),"Diploma 1 y 2 anios + Postgraduate Diploma + certificaciones profesionales (tech, healthcare, business, IT)",institucion,"CIUDAD MAL EN LA FICHA: el sitio da direccion Unit 4, 5865 McLaughlin Road, MISSISSAUGA, Ontario L5R3V5 · la ficha dice Montreal. Ademas puede_vender vacio pese a otorgar diplomas"
07,observacion,La URL de la ficha NO es la home institucional: es una landing de captacion con >100 caracteres de UTM/gclid/gbraid · re,MIU City University Miami,si,educacion.miuniversity.edu (landing) · institucional: miuniversity.edu,"MIU City University Miami, Inc.",si,https://miuniversity.edu/,~23,"Bachelor (~2), Master (~10), Continuing Education / certificados (~11)",institucion (parte del grupo PROEDUCA Universidades),La URL de la ficha NO es la home institucional: es una landing de captacion con >100 caracteres de UTM/gclid/gbraid · reemplazar por https://miuniversity.edu/. Institucion de educacion a distancia licenciada por la Commission for Independent Education (FL); la landing sola solo muestra masters y oculta los bachelor
07,revisar_a_mano,catálogo no enumerable,TAFE QLD,si,tafeqld.edu.au,TAFE Queensland,si,https://tafeqld.edu.au/search-results,400+,"Short courses y micro-credenciales, Certificados, Diplomas y Advanced Diplomas, Degrees (higher ed), English Language and Literacy Services","institucion (red publica estatal, 60+ sedes en Queensland)","CATALOGO NO ENUMERABLE: es un buscador dinamico con filtros por region y area, no una lista navegable · la extraccion posterior necesita otro tratamiento (API/scroll/paginacion por filtro)"
07,observacion,"Category MAL: la ficha dice ""Instituto Idiomas"" pero es un colegio independiente K-12 con internado (day and boarding sc",Pickering College,si,pickeringcollege.on.ca,Pickering College,si,https://www.pickeringcollege.on.ca/academics,~6 divisiones + programas auxiliares,"JK-Grado 12 (Junior School JK-5, Sphere 4-5, Middle 6-8, Senior 9-12), ESL Boarding Academy grados 9-10, ESL Summer Camp, post-graduate year, Global Leadership Program",institucion,"Category MAL: la ficha dice ""Instituto Idiomas"" pero es un colegio independiente K-12 con internado (day and boarding school) · el ESL es un programa auxiliar, no el core. puede_vender [""High school"",""Todos los programas""] si es coherente"
07,corregir,nombre distinto al real,INSA,si,insabarcelona.com,"INSA Barcelona – Business, Marketing & Communication School / INSA International Business School",parcial,https://insabarcelona.com/estudios/,~45,"2 Bachelor Degrees, 5 Carreras Superiores (FP grado superior), ~35 Masters (incl. online), Business Summits",institucion,"SITIO COMPROMETIDO: la home tiene un div oculto (style=""height: 0px; width: 0px; overflow: hidden"") con texto de spam farmaceutico y enlace saliente a farmacialaguna24.es · inyeccion SEO activa, no es contenido de la escuela. La pagina /estudios/ esta limpia. Ficha dice solo ""INSA"" (nombre incompleto)"
07,corregir,dominio obsoleto,University of Southern Queensland (Sydney),redirige,usqsydney.nsw.edu.au -> www.unisqsydney.nsw.edu.au (rebrand USQ -> UniSQ) · destino bloquea,?,?,?,?,?,?,"Dominio de la ficha OBSOLETO por el rebrand USQ->UniSQ. El destino esta tras Cloudflare JS challenge (403 con UA de Chrome; solo /robots.txt responde 200) · no auditable sin navegador real. DNS publico 8.8.8.8 resuelve OK a 192.250.232.197, no esta muerto. Ficha con category null y puede_vender vacio"
07,inservible,no es una institución (red),LTL language school,si,ltl-school.com,LTL Language School,si,"sin catalogo unico · paginas por ciudad/idioma (/learn-chinese-in-beijing/, /learn-japanese-in-tokyo/, /learn-korean-in-seoul/, /learn-vietnamese-in-saigon/...) + /high-school/, /gap-year-asia/, /online/, /master-classes/, /language-proficiency-exams/",~16 sedes x varios formatos,"Idiomas de principiante a avanzado + semestre, summer/winter camps, gap year, high school, school trips, heritage speakers, prep de examenes, online",red,"Es una RED de escuelas propias en 4 idiomas (mandarin, japones, coreano, vietnamita) y ~16 ciudades, no una escuela unica. Ficha pais = ""ASIA"" (no es un pais) y category ""Camps"" subrepresenta el catalogo. Catalogo NO enumerable en una pagina. Ficha omite Japon/Vietnam y ciudades (Xi'an, Kunming, Chengde, Kaohsiung, Singapur, Hanoi, Osaka, Tokio)"
07,corregir,"apunta al dominio del grupo, no al propio",SRH Berlin University of Applied Sciences,redirige,srh-berlin.de/en/ -> www.srh-university.de/en/ (301),SRH University,parcial,https://www.srh-university.de/en/,200+,"Bachelor, Master, MBA, short courses/certificados, dual study (Study & Work)","institucion (grupo multi-campus, 18 sedes en Alemania)","REBRAND/CONSOLIDACION: ""SRH Berlin University of Applied Sciences"" ya no existe como marca propia · ahora es ""SRH University"" con 18 campus (Berlin, Dresden, Heidelberg, Hamburgo, Colonia, Munich...). El catalogo de 200+ programas es del grupo entero, NO especifico de Berlin · hay que filtrar por campus antes de extraer. Ficha con category ""Universidad"" ok pero puede_vender vacio"
07,revisar_a_mano,el sitio bloquea acceso automatizado,Charles Sturt University (CSU),bloquea,csu.edu.au,?,?,?,?,?,?,"Cloudflare JS challenge: 403 tambien con UA de Chrome y headers completos (Cf-Mitigated: challenge, ""Just a moment..."") · probado tambien /robots.txt y study.csu.edu.au, ambos 403 · sitio VIVO pero no auditable sin navegador real. Ficha con category null, puede_vender vacio y tipo_adivinado ""curso_corto"" pese a ser universidad"
08,observacion,Las paginas de listado (/study/undergraduate-courses/) NO renderizan cursos sin JS (0 enlaces a curso en el HTML crudo) ,University of Roehampton,si,www.roehampton.ac.uk,University of Roehampton,si,https://www.roehampton.ac.uk/study/,~182,"Undergraduate (~104), Postgraduate taught (~75), Postgraduate research (~3), Foundation, Higher Technical Qualifications, apprenticeships, short courses",institucion,"Las paginas de listado (/study/undergraduate-courses/) NO renderizan cursos sin JS (0 enlaces a curso en el HTML crudo) · el catalogo SI es enumerable via https://www.roehampton.ac.uk/sitemap.xml (1292 URLs, patrones /undergraduate-courses/<slug>/ y /postgraduate-taught-courses/<slug>/) · usar sitemap para la extraccion"
08,revisar_a_mano,el sitio bloquea acceso automatizado,La Trobe College,bloquea,www.latrobe.edu.au,?,?,?,?,?,?,"Cloudflare JS challenge: 403 con UA de Chrome y headers completos (""Just a moment..."") en /, /courses, /study, /about, /robots.txt y /sitemap.xml, con y sin www · sitio VIVO (responde el edge de Cloudflare), no muerto, pero no auditable sin navegador real. ALERTA DE FICHA: el dominio es el corporativo de La Trobe University, NO el del pathway college; con partner_group=Navitas la ficha deberia apuntar a La Trobe College Australia · verificar manualmente antes de extraer o se extraera el catalogo entero de la universidad"
08,corregir,nombre distinto al real,HAWTHORN,si,www.hawthornenglish.edu.au,Hawthorn Melbourne (razon social en el pie: Hawthorn Learning Pty Ltd · ABN 50 124 208 171),parcial,https://www.hawthornenglish.edu.au/courses/,~8,"SOLO idiomas: ingles general, ingles academico y preparacion para universidad y secundaria",institucion,"puede_vender INCONSISTENTE: la ficha promete ""Vocacionales (Cert, Dip, Adv Dip)"" pero el sitio no ofrece ni un Certificate ni un Diploma · es exclusivamente ELICOS. Ficha dice ""HAWTHORN"" en mayusculas, el sitio se llama ""Hawthorn Melbourne"""
08,corregir,dominio obsoleto,Casa Toronto & Casa Vancouver,redirige,www.casa-toronto.com -> www.casacanada.com (301),Casa Student Housing,parcial,https://casacanada.com/toronto-residences/ · /vancouver-residences/ · /homestay/,~4,"No hay niveles academicos: residencias estudiantiles Toronto, residencias Vancouver (incl. GEC King Edward), homestay y familias anfitrionas",proveedor,"NO es una institucion educativa ni tiene programas: es un proveedor de alojamiento estudiantil (coherente con category ""Proveedor"" y puede_vender [""Alojamiento""], pero no debe entrar al pipeline de extraccion de programas). El sitio ya no usa las marcas ""Casa Toronto""/""Casa Vancouver"" sino ""Toronto Residences""/""Vancouver Residences"""
08,inservible,no es una institución (red),Supreme Business College,si,academies.edu.au,"Academies Australasia Group Limited (fundada 1908, ex Garratt's Limited)",no,https://academies.edu.au/about-us/our-colleges/,+180 calificaciones en TODO el grupo,"Certificados, Diplomas, Advanced Diplomas, Bachelor (via Academies Australasia Polytechnic), ELICOS, high school",red,"DOMINIO PARAGUAS: el sitio es del grupo, no de esta escuela. Supreme Business College SI figura como uno de sus 18 colleges miembros (Sydney y Melbourne) pero NO tiene sitio ni catalogo propio · las paginas de cursos estan organizadas por CAMPUS (courses-syd-*, courses-mel-*, courses-per-*, courses-bri-*, courses-singapore), no por college, asi que no hay forma de aislar los programas de Supreme desde este dominio. La home es JS/Elementor (el HTML crudo no trae los enlaces); usar https://academies.edu.au/wp-sitemap-posts-page-1.xml. Ficha con category null, partner_group null y puede_vender vacio"
08,observacion,"Devuelve 403 a fetchers sin UA de navegador; con UA de Chrome responde 200 · NO esta caido. Campus en Sydney, Melbourne,",ECA College,si,www.ecacollege.edu.au,ECA College · operada por Education Centre of Australia (ECA) · ABN 14 111 918 775 · RTO 45012 · TEQSA PRV14334 · CRICOS 02644C,si,https://www.ecacollege.edu.au/courses,7,"Ingles (General English, English for Academic Purposes), Diploma (2), Advanced Diploma (1), Graduate Diploma (2)",institucion,"Devuelve 403 a fetchers sin UA de navegador; con UA de Chrome responde 200 · NO esta caido. Campus en Sydney, Melbourne, Brisbane y Adelaide. Ficha con category null y puede_vender VACIO pese a otorgar Diploma/Advanced Diploma/Graduate Diploma + ELICOS"
08,inservible,duplicado de otra ficha,DID deutsch-institut worldwide,si,www.did.de,did deutsch-institut GmbH,parcial,https://www.did.de/en/german-courses,~12 categorias de curso,"Idiomas: aleman general, preparacion de examenes, via universitaria, aleman profesional, online; y para jovenes: cursos de verano, campamentos de invierno, high school, viajes de clase, clases en casa del profesor",institucion,"El nombre real no lleva ""worldwide"" (es did deutsch-institut GmbH). Las sedes de adultos si coinciden con la ficha (Berlin, Frankfurt, Hamburgo, Munich) pero la ficha OMITE las sedes de jovenes: Augsburgo, Oberwesel y Viena (Austria) · ojo, Viena implica que la ficha pais=""Germany"" es incompleta. puede_vender trae ""Idiomas"" DUPLICADO"
08,revisar_a_mano,el sitio bloquea acceso automatizado,University of South Wales,bloquea,www.southwales.ac.uk,"University of South Wales (confirmado por el <title> de su propia pagina 404, que si sirve el origen)",si,?,?,?,institucion,"Cloudflare JS challenge: 403 con UA de Chrome y headers completos en /, /courses, /courses/, /study/, /about/, /sitemap.xml, con y sin www · sitio VIVO, no muerto, pero no auditable sin navegador real. Unica ruta que atraviesa es /robots.txt (404 del origen), y su titulo confirma que el dominio SI pertenece a la University of South Wales. Ficha con tipo_adivinado ""vacacional"" para una universidad completa · inconsistente"
08,revisar_a_mano,catálogo no enumerable,Universidad Nebrija,si,www.nebrija.com,Universidad Nebrija,si,https://www.nebrija.com/estudios/,?,"Grados y dobles grados, Postgrados/Masteres, Doctorados, grados online, programas integrados internacionales",institucion,"CATALOGO NO ENUMERABLE: /estudios/ es un buscador dinamico que carga por JS (""Solo unos segundos, estamos cargando los resultados"") y el HTML servido llega a mostrar ""Parece que por el momento no hay programas"" · la extraccion posterior necesita otro tratamiento (API/render). Ademas NO pude confirmar en el sitio los ""Cursos de espanol"", ""Cursos de verano"" ni el ""Semestre internacional"" que promete puede_vender · verificar. puede_vender trae 4 entradas con texto libre y erratas (""semesstre"", ""Mastr"")"
08,corregir,"apunta al dominio del grupo, no al propio",Business & Hotel Management School,si,es.bhms.ch,BHMS Business and Hotel Management School,si,? (no hay pagina unica consolidada; el catalogo esta partido en Business & Hospitality y Culinary Arts),~9,"Certificado de postgrado, Diploma de postgrado, Bachelor (3 anios), Master, MBA, diplomas culinarios",institucion,"Es escuela miembro del Benedict Education Group (grupo paraguas), aunque el dominio si es propio de BHMS. puede_vender INCONSISTENTE: ficha marcada ""Vocacionales (Cert, Dip, Adv Dip)"" pero la escuela otorga Bachelor, Master y MBA. Sin listado consolidado de programas · la extraccion debe recorrer las dos ramas por separado"
08,ok,-,University of New York in Prague,si,www.unyp.cz,University of New York in Prague (UNYP),si,https://www.unyp.cz/academic-programs/,~16,"Bachelor (7), Master (3), MBA (1, con 6 concentraciones), PhD (1), Foundation/preparatorios (4)",institucion,-
08,revisar_a_mano,catálogo no enumerable,Fanshawe College,si,www.fanshawec.ca,Fanshawe College,si,https://www.fanshawec.ca/programs-and-courses,220+,"Certificados y programas preparatorios, Diplomas y Advanced Diplomas, Degrees, Graduate Studies, micro-credenciales",institucion,"CATALOGO NO ENUMERABLE: el listado es un buscador dinamico (""Fanshawe Pathfinder"", Custom Viewbook, Career Quiz) con filtros, no una lista navegable · la extraccion posterior necesita otro tratamiento. Sede en London (Ontario) mas campus regionales: London Downtown, London South, Huron/Bruce, Simcoe/Norfolk, St. Thomas/Elgin, Woodstock/Oxford"
08,observacion,Sedes coherentes con la ficha: campus principal West Melbourne + talleres en Maidstone y Werribee. Ningun curso marcado ,Oceania Polytechnic Institute of Education Pty Ltd,si,www.opie.vic.edu.au,Oceania Polytechnic Institute of Education (OPIE) · Registered Training Organisation,si,https://www.opie.vic.edu.au/#courses (los cursos viven en paginas sueltas opie.vic.edu.au/course-<codigo>/),~8,"Certificate III (3), Certificate IV (1), Diploma (2), Advanced Diploma (2)",institucion,"Sedes coherentes con la ficha: campus principal West Melbourne + talleres en Maidstone y Werribee. Ningun curso marcado como ""not accepting enrolments"". No hay indice de cursos propiamente dicho: son anclas en la home hacia paginas individuales"
08,revisar_a_mano,catálogo no enumerable,University of Leeds,si,www.leeds.ac.uk,University of Leeds,si,https://courses.leeds.ac.uk,"? (cientos, sin conteo visible en el sitio)","Undergraduate, Masters (postgraduate taught), research/doctorado, foundation, online, CPD",institucion,"CATALOGO NO ENUMERABLE: el buscador vive en un SUBDOMINIO distinto al de la ficha (courses.leeds.ac.uk), es dinamico por keyword y no publica un conteo ni un indice A-Z · los research degrees ademas se van a un portal aparte de PhD opportunities. La extraccion necesita otro tratamiento"
08,inservible,no es una institución (red),High School Otawa Carleton SD,si,ocdsb.ca,Ottawa-Carleton District School Board,parcial,https://studyottawa.ocdsb.ca/ (International Education Programs),~128 colegios (~95 primarias + ~33 secundarias),"Primaria (K-8) y secundaria (grados 9-12), mas programas cortos (Global Classroom, Winter English Explorer), programa de verano y formacion docente",red,"NO es un high school: es un distrito escolar publico con 120+ colegios. El nombre de la ficha esta mal escrito (""Otawa"" y ""Carleton SD""); el nombre real es Ottawa-Carleton District School Board. La venta internacional no se hace desde ocdsb.ca sino desde el subdominio studyottawa.ocdsb.ca · la ficha deberia apuntar ahi"
08,observacion,"Es ""A Member of Navitas"" pero la ficha tiene partner_group NULL (comparar con las otras fichas Navitas del lote, que si ",Western Sydney University International College,si,internationalcollege.westernsydney.edu.au,Western Sydney University International College,si,https://internationalcollege.westernsydney.edu.au/courses/,~8,"Foundation (4: general, Business, Health Science and Nursing, Science) y Diploma (4: Arts, Business, Engineering, ICT)",institucion,"Es ""A Member of Navitas"" pero la ficha tiene partner_group NULL (comparar con las otras fichas Navitas del lote, que si lo traen). Ficha con category null, ciudad null y puede_vender VACIO. El sitio NO ofrece pre-masters pese al tipo_adivinado ""curso_corto"""
09,observacion,"FICHA DICE USA/MIAMI y el sitio NO lista campus en Miami: Milan(x2), Florencia, Paris, Londres, Dubai, Riyadh, Mumbai, S",Istituto Marangoni,si,istitutomarangoni.com,Istituto Marangoni,si,https://www.istitutomarangoni.com/es/elige-tu-curso,~50+,"Bachelor 3 anios, Master/MA, cursos cortos, preparatorios",institucion (red de campus propios),"FICHA DICE USA/MIAMI y el sitio NO lista campus en Miami: Milan(x2), Florencia, Paris, Londres, Dubai, Riyadh, Mumbai, Shanghai, Shenzhen. Pais y ciudad de la ficha estan mal"
09,revisar_a_mano,catálogo no enumerable,Charles Darwin University (NT),si,cdu.edu.au,Charles Darwin University (CRICOS 00300K),si,https://www.cdu.edu.au/study,? (26+ areas de estudio),"VET/TAFE, pregrado, postgrado, PhD, pathway, cursos cortos",institucion (dual sector),"tipo_adivinado ""curso_corto"" y puede_vender VACIO para una universidad dual-sector completa · catalogo por buscador dinamico, no lista plana"
09,corregir,"apunta al dominio del grupo, no al propio",Ermitage International School,si,ermitage.fr,Ermitage International School Paris,parcial,https://www.ermitage.fr/french-bilingual-programs y /ib-programs,~5-6 rutas,"Pre-K, Primaria, College, Lycee, IB PYP/MYP/DP (3 a 18 anios)",institucion (parte de Ermitage Education Group),"es COLEGIO, no tiene ""programas"" vendibles como catalogo · el footer enlaza al grupo paraguas Ermitage Education Group · ficha tipo_adivinado ""intercambio"" no corresponde"
09,corregir,nombre distinto al real,"Speos, Paris Photographic Institute",si,speos-photo.com,Speos International Photography School,parcial,https://speos-photo.com/en/1-year-photography-programs/,~12-15,"1 anio intensivo, 2 anios, cortos 2-5 meses, workshops",institucion,"NOMBRE DISTINTO: el sitio se llama ""Speos International Photography School"", no ""Paris Photographic Institute"" · no otorga master tradicional pese a que la ficha permite ""Pregrado & Postgrado"""
09,ok,-,UOW College Australia,si,uowcollege.edu.au (uowcollegeaustralia.edu.au redirige aqui),UOW College Australia (RTO 91159 · CRICOS 02723D),si,https://www.uowcollege.edu.au/courses-pathways/,~11 areas,"Ingles, Foundation, University prep, Cert y Diploma VET, cursos cortos",institucion (college pathway de University of Wollongong),-
09,inservible,el dominio es de otra institución,Ulster University,bloquea,ulster.ac.uk,Ulster University,si,https://www.ulster.ac.uk/courses,?,"Pregrado, Postgrado, eLearning, Short courses y CPD",institucion,"PAIS MAL EN LA FICHA: es Irlanda del Norte (UK), no Ireland · campus actuales del sitio: Belfast, Coleraine, Derry~Londonderry · JORDANSTOWN YA NO APARECE · 403 sin UA de navegador (Cloudflare/Squiz) · catalogo Funnelback dinamico"
09,corregir,nombre distinto al real,QUB - The Queen's University Of Belfast,bloquea,qub.ac.uk,Queen's University Belfast,parcial,https://www.qub.ac.uk/courses/,?,"Pregrado, Postgrado taught, Investigacion",institucion,"403 sin UA de navegador · catalogo es BUSCADOR dinamico, no lista enumerable · ficha ""Todos los programas"" sin acotar"
09,revisar_a_mano,el sitio bloquea acceso automatizado,University of Tasmania,bloquea,utas.edu.au,University of Tasmania,si,https://www.utas.edu.au/study,? (6 areas de estudio),"Pregrado, Postgrado, Investigacion, online",institucion,"403 sin UA de navegador (Squiz/Cloudflare) · catalogo por buscador, no lista plana"
09,inservible,el dominio es de otra institución,University of Waikato College,si (pero no es su dominio),navitas.com,Navitas (grupo global de 100+ colleges en 18 paises),no,https://www.navitas.com/study/colleges-campuses/,?,"pathway, ingles, diplomas, degrees via universidades socias",red / grupo paraguas,"FANTASMA: el dominio de la ficha es el del GRUPO Navitas, no el del college · el sitio no es la institucion · MISMO DOMINIO que la ficha de Swansea (TCSU) en este mismo lote · hay que re-localizar el dominio propio del Waikato College"
09,corregir,nombre distinto al real,The University of Adelaide,si,adelaide.edu.au (www redirige a apex),Adelaide University,parcial,https://adelaide.edu.au/study/degrees/compare-degrees/,"? (cientos, 6 colleges)","Pregrado, Postgrado, Investigacion, cursos cortos",institucion,"CAMBIO DE NOMBRE: el sitio ya se presenta como ""Adelaide University"" (fusion con UniSA), no ""The University of Adelaide"" · catalogo por buscador dinamico"
09,inservible,la institución cerró,IES College,si (solo aviso),iescollege.com,IES College,si,ninguna,0,ninguno,institucion CERRADA,"INSTITUCION CERRADA: el sitio solo sirve el aviso ""ceased operations on 31st January 2026"" + formulario para pedir registros academicos · NO hay catalogo · sacar de la oferta"
09,inservible,el dominio es de otra institución,Swansea College and University (TCSU),si (pero no es su dominio),navitas.com,"The College, Swansea University (listado dentro de Navitas)",no,https://www.navitas.com/study/colleges-campuses/,?,"Foundation, Year 1, Pre-master",red / grupo paraguas,FANTASMA + DUPLICADO DE DOMINIO: apunta al grupo Navitas igual que la ficha de Waikato College · el dominio propio del college no esta en la ficha
09,inservible,duplicado de otra ficha,NYLC,si,nylanguagecenter.com,New York Language Center,parcial,https://www.nylanguagecenter.com/programs/,~3 formatos x varios niveles,"Solo ESL (grupal, privado, cursos especiales)",institucion,"ficha usa la sigla NYLC · 3 sedes (Upper West Side, Jackson Heights Queens, Bronx), no solo ""New York"" generico · puede_vender trae ""Idiomas"" duplicado"
09,inservible,el dominio es de otra institución,University of Exeter,si,exeter.ac.uk,University of Exeter,si,https://www.exeter.ac.uk/subjects/,?,"Pregrado, Master, PhD, online, apprenticeships, PGCE",institucion,ficha marca partner_group INTO pero el dominio es el de la universidad y NO menciona INTO · los Foundation/Year1/Pre-master que la ficha permite vender NO viven en este dominio (viven en el centro INTO) · catalogo por buscador
09,corregir,nombre distinto al real,University of Strathclyde,si,isc.strath.ac.uk,University of Strathclyde International Study Centre,parcial,https://isc.strath.ac.uk/programmes,~4,"Undergraduate Foundation, International Year Two, Pre-Masters, ingles","red (centro operado por Study Group, no la universidad)","el dominio NO es la universidad: es el International Study Centre ""maintained by Study Group"" · la ficha lo vende como ""Universidad"" · para pregrado/postgrado real hay que usar strath.ac.uk"
09,inservible,el convenio terminó,Lipscomb University,si (stub),international.lipscomb.edu,Lipscomb University (pagina residual de Study Group),parcial,https://lipscomb.edu/admissions/international-admissions,0 en este dominio,ninguno listado aqui,red (resto de centro Study Group),"CONVENIO TERMINADO: la pagina dice ""our contract with the university has ended"" y remite a lipscomb.edu · el partner_group ""Study Group"" de la ficha esta desactualizado · sin catalogo en este dominio"
10,corregir,nombre distinto al real,Avon Maitland Schools,si,amdsb.ca,Avon Maitland District School Board (AMDSB),parcial,https://www.amdsb.ca/apps/pages/index.jsp?uREC_ID=1088899&type=d&pREC_ID=1366718,~45 escuelas,Elemental + Secundaria (grados 9-12),red (junta escolar publica de Huron y Perth),"NO ES UNA INSTITUCION sino una JUNTA de ~45 escuelas · el brazo internacional se llama ""Avon Maitland Schools Canada"" y vive en OTRO dominio (yourschoolsincanada.com) que la ficha no tiene"
10,observacion,"SITIO COMPROMETIDO: la pagina en espanol tiene SEO spam inyectado (CBD, ""Delta 8 THC"", enlaces salientes a tiendas) veri",Hansa Language Centre,si,hansacanada.com,Hansa Language Centre (Escuela de ingles Hansa Canada),si,https://hansacanada.com/es/english-courses/,~15-20,"Idiomas: ingles general, IELTS/TOEFL/CELPIP, nocturnos, juniors, privados + 10 idiomas extra",institucion,"SITIO COMPROMETIDO: la pagina en espanol tiene SEO spam inyectado (CBD, ""Delta 8 THC"", enlaces salientes a tiendas) verificado en el HTML crudo · ademas la URL de la ficha (/es/escuela-de-ingles/) no es la de cursos"
10,revisar_a_mano,catálogo no enumerable,The University of Queensland (UQ),si,uq.edu.au,"The University of Queensland (TEQSA PRV12080, Group of Eight)",si,https://study.uq.edu.au/study-options/programs,336,"Bachelor, Grad Cert/Dip, Master, PhD/MPhil",institucion,"catalogo detras de BUSCADOR dinamico paginado (12 paginas, filtros), no lista plana · ficha sin category y con puede_vender VACIO pese a ser una Go8"
10,inservible,el dominio es de otra institución,Navitas Professional Institute,redirige,navitas-professional.edu.au -> 301 a py.acap.edu.au (DESTINO ROTO),? no verificable,no,?,?,?,?,"FANTASMA + MUERTO EFECTIVO: la marca ya no opera · el dominio de la ficha tiene certificado TLS EXPIRADO desde 15-ago-2025 y redirige a py.acap.edu.au, que no presenta certificado por HTTPS y devuelve 409 Conflict por HTTP (WP Engine mal configurado) · lo que sobrevive es ACAP (acap.edu.au, ya auditado en lote 01) · ficha sin category y puede_vender vacio"
10,observacion,"NO otorga pregrado propio: son diplomas-pathway que dan entrada a 2do ano en Curtin University · la ficha marca ""Todos l",Curtin College,si,curtincollege.edu.au,Colleges of Business and Technology (WA) Pty Ltd trading as Curtin College · CRICOS 02042G,si,https://www.curtincollege.edu.au/courses/,~8,Diploma pathway + Master Qualifying Program (no hay grados propios),institucion (grupo Navitas),"NO otorga pregrado propio: son diplomas-pathway que dan entrada a 2do ano en Curtin University · la ficha marca ""Todos los programas"" y eso SOBREVENDE lo que el college puede emitir"
10,revisar_a_mano,el sitio bloquea acceso automatizado,"City St Georges, University of London",bloquea,city.ac.uk -> 301 a citystgeorges.ac.uk,? no verificable,?,?,?,?,?,"DOBLE PROBLEMA: (a) el dominio de la ficha esta OBSOLETO, redirige al nuevo tras la fusion con St George's; (b) citystgeorges.ac.uk sirve un Cloudflare MANAGED CHALLENGE (JS) que devuelve 403 a todo fetcher incluso con UA de Chrome, en home, /study/ y /robots.txt · esta ficha hay que auditarla a mano en navegador"
10,observacion,"pathway a Adelaide University · ficha sin category, SIN partner_group (deberia decir Navitas, como Curtin College) y pue",Eynesbury College,si,eynesbury.edu.au,"Eynesbury College (EEA, ABN 20 008 194 689)",si,https://www.eynesbury.edu.au/programs/,~9,"Foundation, 5 Diplomas, Grad Cert, ELICOS",institucion (grupo Navitas),"pathway a Adelaide University · ficha sin category, SIN partner_group (deberia decir Navitas, como Curtin College) y puede_vender VACIO"
10,revisar_a_mano,catálogo no enumerable,Community College of Philadelphia,si,ccp.edu,Community College of Philadelphia,si,https://www.ccp.edu/degrees-programs,?,"Associate, Certificate, transferencia y continuing education",institucion,"NI ""American Honors"" NI ""American Success"" NI Wellspring aparecen en el sitio · verificado en home, /degrees-programs y /admission-aid/admissions/international-students (esta ultima solo habla de F-1 y ~150 internacionales, sin programas de marca) · el puede_vender de la ficha describe productos que el college NO anuncia · catalogo detras de ""Program Finder"" dinamico"
10,observacion,"la ficha apunta a http:// y el sitio sirve https · catalogo REPARTIDO en 3 secciones sin listado unico, la extraccion ti",Burlington School,si,burlingtonschool.co.uk,"Burlington School (escuela de ingles en Londres desde 1990, sede Balham)",si,"no hay pagina unica: /courses-for-adults/, /courses-for-young-learners/, /courses-for-groups/",~5 para adultos + young learners + grupos,"Idiomas Pre-A1 a C1/C2, IELTS, Cambridge, especialistas, 1-a-1",institucion,"la ficha apunta a http:// y el sitio sirve https · catalogo REPARTIDO en 3 secciones sin listado unico, la extraccion tiene que recorrer las tres"
10,inservible,no es una institución (agencia),Encompass,si,encompassexp.net,Encompass Experiences,parcial,https://www.encompassexp.net/immersion-programs,~6 categorias,"High/Middle School placement, inmersion, tours de ingles, colocacion universitaria",agencia,"NO ES INSTITUCION: es una agencia de colocacion e intercambio en EEUU/Canada, no imparte nada propio · la ficha la lista como si vendiera ""High School"" e ""Idiomas"" de casa · vender esto como institucion es enganoso"
10,corregir,nombre distinto al real,Photography Studies College,si,psc.edu.au,PSC Creative College (ex Photography Studies College) · TEQSA 12200 · RTO 0111 · CRICOS 00257G,parcial,https://www.psc.edu.au/courses,? (5 categorias),"Bachelor, Diplomas, cursos cortos",institucion,"CAMBIO DE NOMBRE Y DE ALCANCE: ya no es solo fotografia, suma diseno grafico, moda y screen media · otorga BACHELOR · ficha sin category y con puede_vender VACIO"
10,revisar_a_mano,catálogo no enumerable,University of Windsor,si,uwindsor.ca,University of Windsor,si,https://www.future.uwindsor.ca/programs/,?,Pregrado + Postgrado,institucion,"el catalogo vive en un SUBDOMINIO distinto (future.uwindsor.ca) con filtros dinamicos por query string, no es lista plana · ficha sin category"
10,revisar_a_mano,el sitio bloquea acceso automatizado,The Hotel School,si (bloquea sin UA),hotelschool.scu.edu.au,The Hotel School,si,https://hotelschool.scu.edu.au/courses/,6,"Diploma, Associate Degree, Bachelor, Grad Cert, Grad Dip, Master",institucion (opera con Southern Cross University),"BLOQUEA BOTS: 403 sin User-Agent de navegador (Cloudflare); con UA de Chrome responde 200 · los titulos los emite Southern Cross University, no es proveedor independiente · ficha sin category y puede_vender VACIO pese a llegar hasta Master"
10,inservible,el dominio es de otra institución,International House,si,ihworld.com,International House World Organisation,parcial,https://ihworld.com/learn/study-abroad/study-abroad-schools/,130+ escuelas afiliadas en 45+ paises,Idiomas,red (paraguas),"FANTASMA: la ficha dice Sydney, Australia y el directorio oficial NO lista ninguna escuela en Australia (si Vancouver, Malta, Bangkok, etc.) · ademas NO es una escuela sino una red, y el propio sitio aclara que ""no tiene responsabilidad legal por las acciones o gestion de las escuelas individuales"" · el dominio correcto seria el de la escuela de Sydney, no el de la red"
10,corregir,dominio obsoleto,George Mason University,redirige,www2.gmu.edu -> 301 a www.gmu.edu,George Mason University,si,https://www.gmu.edu/academics,?,"Pregrado, Postgrado, continuing/professional education",institucion,el dominio de la ficha (www2) es un 301 al canonico www.gmu.edu · corregir el dominio para que la extraccion no dependa del redirect
10,inservible,el dominio es de otra institución,Brisbane School of Beauty,si,brishair.com.au,"Academies Australasia Hair & Beauty (AAHB), trading as Brisbane School of Hairdressing / Brisbane School of Barbering",parcial,https://www.brishair.com.au/courses,~4,Peluqueria y barberia (Cert/Dip),institucion (grupo Academies Australasia),"FANTASMA PARCIAL: la marca ""Brisbane School of Beauty"" NO existe en el sitio; lo que opera es PELUQUERIA y BARBERIA (la palabra ""beauty"" solo aparece en el nombre corporativo AAHB) · el dominio mismo es ""brishair"" · si se vende como escuela de belleza, el alumno no recibe lo prometido · si acepta internacionales"
11,inservible,el dominio es de otra institución,Azurlingua,si,azurlingua.com,Azurlingua School – Nice – Private Higher Education Establishment,si,https://azurlingua.com/courses-main,"? (adultos + juniors, sin conteo publicado)","Idiomas (francés general, DELF/DALF)",institucion,"La URL EXACTA de la ficha (https://www.azurlingua.com/) NO carga: el certificado sólo cubre azurlingua.com, el host www no está en los altnames (curl exit 60). Usar el apex. Además el sitio está en Nice, no dice ciudad la ficha, y NO menciona pertenecer a Alpadia/Kaplan → partner_group ""Alpadia"" sin confirmar."
11,ok,-,ILA Montpellier,si,ila-france.es,Institut Linguistique Adenet (ILA),si,https://www.ila-france.es/cursos-frances,~40,"Idiomas (francés general/intensivo, DELF-DALF, verano, profesional, 50+, junior)",institucion,-
11,inservible,el dominio es de otra institución,FIC - Simon Fraser University,si,sfu.ca,Simon Fraser University,no,https://www.sfu.ca/main/programs/what-can-i-study.html,"? (undergraduate + graduate, sin conteo)","Pregrado, Posgrado, Educación continua",institucion,"FANTASMA: el dominio es el de la universidad, no el de FIC (Fraser International College, pathway de Navitas, dominio propio). Ni ""FIC"" ni ""Fraser International College"" aparecen en sfu.ca (0 coincidencias en home ni en la página de programas). La ficha promete Foundation/Year One/Pre-master, que los vende FIC, no SFU."
11,revisar_a_mano,catálogo no enumerable,The College Western Sydney University,si,westernsydney.edu.au/thecollege,The College at Western Sydney University,si,https://www.westernsydney.edu.au/future/study/application-pathways/the-college/courses,?,"Diploma pathway (entrada a 2º año de bachelor), English Language Programs, Workplace Skilling (RTO)","institucion (división pathway de la universidad, no entidad independiente)","El campo `sitio` de la ficha viene sin esquema (""www.westernsydney.edu.au/thecollege"") y con path: no es un dominio, hay que normalizarlo antes de crawlear. `category` null y `puede_vender` vacío pese a que sí vende diplomas + inglés."
11,inservible,no es una institución (red),Gedu Globlal Education,si,gedu.global,Global Education Group (GEDU),parcial,https://gedu.global/ (sin directorio central de instituciones),~10-12 instituciones miembro,"n/a (no imparte, agrupa)",red,"NO ES UNA INSTITUCIÓN: es un grupo paraguas UK (Greenford) que agrupa Global Banking School, English Path, Australian Performing Arts Conservatory, etc. en 8-16 países. Catálogo NO enumerable: no hay lista central de programas. Typo en el nombre de la ficha (""Globlal""). `puede_vender` = ""Todos los programas"" es indefendible aquí."
11,revisar_a_mano,el sitio bloquea acceso automatizado,Queensland University of Technology (QUT),bloquea,qut.edu.au,?,?,?,?,?,?,"BLOQUEA, NO ESTÁ MUERTA. DNS OK (43.245.41.63). Devuelve 403 con challenge de Cloudflare (cdn-cgi/challenge-platform) tanto en / como en /courses, incluso con UA de Chrome + Accept/Accept-Language/Sec-Fetch-* completos. Requiere navegador real (headless con JS) para auditar y para la extracción posterior. `category` null y `puede_vender` vacío en una universidad completa."
11,observacion,"`tipo_adivinado` = ""curso_corto"" y `puede_vender` VACÍO, pero otorga Bachelor y Master. Acreditada como Higher Education",Kent Institute Australia,si,kent.edu.au,Kent Institute Australia Pty Ltd,si,https://kent.edu.au/courses/,~7-8,"Certificate y Diploma (VET) + Bachelor (Accounting, Business, IT) + Master (ICT)",institucion,"`tipo_adivinado` = ""curso_corto"" y `puede_vender` VACÍO, pero otorga Bachelor y Master. Acreditada como Higher Education Institute + RTO. No se detectó ELICOS."
11,inservible,no es una institución (red),Education Queensland International (EQI),si,eqi.com.au,Education Queensland International,si,https://eqi.com.au/find-a-school/eqi-school-list,? escuelas (lista enumerable),"Primaria, Preparación secundaria, Secundaria, Bachillerato Internacional, Study Abroad, tours, refuerzo de inglés",red,"NO ES UNA INSTITUCIÓN: es el brazo internacional del gobierno de Queensland que coordina la red de colegios públicos estatales. No imparte clases. Lo que se vende es colegio-por-colegio, no un catálogo propio. `tipo_adivinado` = ""curso_corto"" es incorrecto (es educación K-12)."
11,corregir,nombre distinto al real,Red River College,si,rrc.ca,Red River College Polytechnic (RRC Polytech),parcial,https://www.rrc.ca/explore/,150+,"Certificate, Diploma, Advanced Diploma, Degree, Apprenticeship, micro-credentials, part-time/online",institucion,"CAMBIO DE NOMBRE: hoy es ""Red River College Polytechnic"" / marca ""RRC Polytech""; la ficha usa el nombre viejo. La ciudad real es Winnipeg (la ficha pone ""Manitoba"", que es la provincia)."
11,revisar_a_mano,catálogo no enumerable,Macquarie University (Macquarie),si,mq.edu.au,Macquarie University,si,https://www.mq.edu.au/study/find-a-course,? (17 áreas de estudio · buscador dinámico),Pregrado y Posgrado,institucion,"Devolvió 403 a fetcher simple y 200 con UA de Chrome + headers completos → NO está caída, filtra bots. Catálogo NO enumerable directo: es un buscador dinámico partido en 17 áreas (/study/find-a-course/<area>). `category` null y `puede_vender` vacío en una universidad completa."
11,inservible,no es una institución (red),ICRGU - Robert Gordon University,si,navitas.com,Navitas Pty Limited,no,https://www.navitas.com/study/colleges-campuses/,60+ colleges del grupo,"n/a (no imparte, agrupa)",red,"DOMINIO EQUIVOCADO/COMPARTIDO: la ficha apunta al grupo Navitas, no a ICRGU ni a Robert Gordon University. ""International College Robert Gordon University"" sólo aparece como una fila en la tabla de colleges del grupo. Un crawler sobre navitas.com traerá los 60+ colleges, no los programas de ICRGU. Mismo patrón de contaminación que la ficha FIC-SFU de este lote."
11,corregir,dominio obsoleto,University of South Australia (UniSA),redirige,unisa.edu.au → adelaide.edu.au,Adelaide University,no,https://adelaide.edu.au/study/,?,Pregrado y Posgrado,institucion,"REDIRECT 302 A OTRA UNIVERSIDAD: UniSA se fusionó y ya no existe como institución separada; el sitio destino habla de ""UniSA transitioning students"". La ficha está obsoleta: nombre, dominio y probablemente toda la oferta. `category` null y `puede_vender` vacío."
11,revisar_a_mano,catálogo no enumerable,Greenwich College,si,greenwichcollege.edu.au,Greenwich College,si,https://www.greenwichcollege.edu.au/elicos,? (inglés + VET),"ELICOS, Cambridge, IELTS + Certificate/Diploma VET (Management/Marketing/IT, Hospitality, Health & Care)",institucion (parte de NextEd Group),"`puede_vender` dice sólo ""Idiomas"" pero también vende VET Certificate/Diploma → inconsistente. Son 6 campus (Sydney, Melbourne, Perth, Brisbane, Gold Coast, Adelaide), la ficha sólo lista 2. `partner_group` ""Nexted"" sí se confirma (NextEd Group en el footer)."
11,inservible,el dominio es de otra institución,Global Village English Centres,si,gvenglish.com,Global Village English (GV),parcial,https://gvenglish.com/english-courses/,~15+,"Idiomas: inglés general, business, preparación de exámenes, academic pathways, junior/teen, y también francés (TCF/TEF)",institucion (2 campus: Victoria y Calgary),"El nombre de la ficha, ""Global Village English Centres"", NO aparece en el sitio: hoy se presenta como ""Global Village English"" / ""GV"". Opera 2 sedes (Victoria + Calgary); la ficha sólo registra Victoria."
11,corregir,dominio obsoleto,Australian Wings Academy,redirige,awa.qld.edu.au → flightone.edu.au,"Flight One Australia Pty Ltd / Flight One Education Pty Ltd (""Flight One School of Aviation"" y ""Flight One School of Engineering"")",no,https://flightone.edu.au/courses/,~12-13,"Diploma de piloto profesional, licencias CPL/PPL/RPL, habilitaciones (jet, Cirrus), ingeniería aeronáutica (certificados, apprenticeship, RPL)",institucion,"REDIRECT 301 PERMANENTE + REBRAND: ""Australian Wings Academy"" ya no es la marca; sólo sobrevive en un enlace de LinkedIn. Además el sitio opera desde Adelaide / South Australia pese al dominio .qld.edu.au → la ficha (país Australia, sin ciudad) y el dominio sugieren Queensland, que ya no corresponde. Sin aviso de cierre ni de inscripciones suspendidas."
11,corregir,nombre distinto al real,Box Hill,si,boxhill.edu.au,Box Hill Institute,parcial,https://www.boxhill.edu.au/courses/study-options/,? (17 study areas + slugs de curso individuales),"Certificate, Diploma, Advanced Diploma, Undergraduate degree, Apprenticeships/Pre-apprenticeships, Short courses, VCE/VDSS y ELICOS (English for Academic Purposes)",institucion,"Sitio JS-renderizado y SIN sitemap.xml: las raíces obvias (/courses/, /courses, /study/, /study-areas/) devuelven 404 y sólo funcionan subrutas concretas (/courses/study-options/, /study-areas/<slug>, /international-students/international-courses/) → catálogo NO enumerable con fetch simple, requiere navegador o mapeo manual de slugs. Nombre de la ficha incompleto (""Box Hill"" vs ""Box Hill Institute""). ELICOS confirmado, así que ""Idiomas"" en puede_vender sí se sostiene."
12,corregir,nombre distinto al real,Victoria University (Sydney),si,www.vu.edu.au,"Victoria University (CRICOS 00124K Melbourne · 02475D Sydney y Brisbane) · el campus se llama ""VU Sydney""",parcial,https://www.vu.edu.au/vu-sydney/courses-at-vu-sydney,? (3 niveles; se ven ~7 especializaciones de master + Bachelor of Early Childhood Education),"Higher Education Diploma, Pregrado, Postgrado",institucion,"La ficha apunta a un PATH de campus dentro del dominio de la universidad. La oferta de VU Sydney es un SUBCONJUNTO de Victoria University: extraer de vu.edu.au traeria el catalogo de Melbourne, que no es lo que la ficha promete. Ficha sin category, sin partner_group y con puede_vender VACIO."
12,inservible,duplicado de otra ficha,La Trobe University Sydney,bloquea,www.latrobe.edu.au,?,?,?,?,?,institucion,"Cloudflare challenge confirmado (HTTP 403 + header `Cf-Mitigated: challenge` + body ""Just a moment..."") incluso con UA de Chrome. NO es un sitio muerto: requiere navegador real. Ademas es DUPLICADO de dominio con la ficha ""La Trobe University"" de este mismo lote. El campus de Sydney lo opera Navitas y no vive en la raiz de latrobe.edu.au: el dominio de esta ficha es el de la universidad entera, no el del campus. partner_group=Navitas sugiere que la ficha deberia apuntar al sitio del partner."
12,inservible,no es una institución (agencia),Liverpool John Moores University,si,www.ljmuisc.com,"LJMU International Study Centre (""Maintained by Study Group"")",no,https://www.ljmuisc.com/programmes,4,"International Foundation Year, International Year One, Pre-Masters, pre-cursos de ingles",agencia,"El dominio NO es el de la universidad (ljmu.ac.uk) sino el centro pathway operado por Study Group. Coherente con puede_vender (solo Foundation/Year 1/Pre-master), pero la ficha se llama como la universidad: quien extraiga de aqui obtendra 4 programas puente, no el catalogo de LJMU. Renombrar la ficha a ""LJMU International Study Centre"" para no confundir al asesor."
12,inservible,no es una institución (agencia),Nacel Espana,si,www.nacel.es,"Nacel Espana, S.L. — ""agencia internacional de Viajes Linguisticos""",si,https://www.nacel.es/es/#nuestros-programas,"~6 categorias, cada una con 3-10 destinos","Ano academico en el extranjero, campamentos de verano, cursos de idiomas 16+, cursos de verano para jovenes, inmersion en familia, viajes escolares",agencia,"NO ES UNA INSTITUCION EDUCATIVA: es una agencia de viajes linguisticos, es decir el mismo tipo de negocio que el cliente. Lo que vende son programas alojados en terceros (colegios y escuelas de otros paises), no programas propios: el ""catalogo"" que se extraiga seran paquetes, no titulaciones. `puede_vender` repite ""High School"" dos veces (ruido en el dato). Los programas se navegan por anclas del home, no hay listado unico enumerable."
12,observacion,"Lista estatica y enumerable, la mejor del lote. Pero la ficha tiene `category`=null, `partner_group`=null y `puede_vende",Queensland Academy of Technology (QAT),si,qat.qld.edu.au (www redirige al apex),"Queensland Academy of Technology (QAT), nombre comercial de Australia Moreton Education Group Pty Ltd (ABN 68 105823309)",si,https://qat.qld.edu.au/international/courses/,22,"Certificate III (2), Certificate IV (4), Diploma (5), Advanced Diploma (2), Graduate Diploma (1), ELICOS/IELTS (2), cursos cortos (7)",institucion,"Lista estatica y enumerable, la mejor del lote. Pero la ficha tiene `category`=null, `partner_group`=null y `puede_vender` VACIO: hoy no se puede vender nada de una escuela con 22 cursos listos para extraer. Un curso corto (HLTAID012) es solo domestico. Opera bajo un grupo (Australia Moreton Education Group) aunque la marca es propia."
12,inservible,el dominio es de otra institución,Georgian English,si,www.georgiancollege.ca,Georgian College,no,https://www.georgiancollege.ca/academics/programs/,"153 (""Showing 153 of 153 programs"")","Ontario College Certificate, Diploma, Advanced Diploma, Honours Bachelor Degree (4), Graduate Certificate, aprendizajes, micro-credenciales",institucion,"FICHA FANTASMA: ""Georgian English"" no existe como marca ni como programa en el sitio. El dominio es el del Georgian College completo (college publico de Ontario). La ficha lo clasifica ""Instituto Idiomas"" y solo habilita ""Idiomas"" (duplicado), pero lo unico de idiomas que aparece es ""General Arts and Science - English for Academic Purposes"" y un pathway GAAS-EAP: 1 programa dentro de 153. Ademas la URL de la ficha apunta a /international/admissions/, que no es el catalogo. El listado es un buscador con filtros (dinamico), no una lista plana."
12,inservible,no es una institución (agencia),Oxford Royale,si,www.oxford-royale.com,Oxford Royale Academy (opera como Oxford Programs Limited en UK y OR Education Inc. en USA),parcial,https://www.oxford-royale.com/courses,"53 (""Showing 53 of 53 courses"")","Cursos de verano / enriquecimiento academico para edades 12-15, 13-15, 16-18 y 19-23. Sin credito academico",agencia,"El propio sitio declara que ""does not operate under the aegis of the University of Oxford or those other institutions"" y que solo CONTRATA las instalaciones: es un proveedor de programas, no una institucion acreditada. Las sedes incluyen Oxford, Cambridge, Londres, Yale y Nueva York (y MIT/Penn en 2026), asi que el pais de la ficha (""UK"", ciudad ""Oxford"") describe solo una parte. `puede_vender` INCONSISTENTE: dice ""High School"" y ""Todos los programas"" y no hay ni High School ni titulaciones, solo verano no acreditado."
12,corregir,nombre distinto al real,Baylor University,si,isc.baylor.edu,Baylor University International Study Center,parcial,no existe (isc.baylor.edu/programs da 404),0,—,institucion,"FICHA MUERTA COMERCIALMENTE. El dominio responde 200 pero sirve UNA sola pagina de aviso: ""Our contract with the university is in its final year... the ISC will be operated by Baylor starting in January 2024. Baylor University ISC's last Study Group student intake was August 2023."" No hay ningun catalogo que extraer. `partner_group`=""Study Group"" ya NO aplica desde ene-2024, y `puede_vender` promete ""International Year, Master, Undergraduate Degree"" que por este canal ya no existen. Reapuntar a admissions.web.baylor.edu/admission/international/international-gateway-program (unico link util de la pagina) o dar de baja."
12,inservible,no es una institución (red),TAFE Queensland,si,tafeqld.edu.au (www redirige al apex),TAFE Queensland (RTO 0275 · PRV13003),si,https://tafeqld.edu.au/courses,400+,"Certificados (I a IV), Diploma, Advanced Diploma, Bachelor (higher education), cursos cortos, micro-credenciales, programas de ingles",red,"Es una RED de 60+ sedes agrupadas en 6 regiones (Greater Brisbane, Gold Coast, Sunshine Coast, Wide Bay Burnett, North Queensland, Darling Downs & South West), no un campus unico: la extraccion tiene que manejar la dimension ""location"" o generara 400 programas sin lugar. Catalogo servido por buscador dinamico (/search-results), no enumerable en HTML plano. Ficha sin category, sin partner_group y con `puede_vender` VACIO pese a 400+ cursos."
12,inservible,no es una institución (agencia),QS,si,admissions.qs.com,QS Student Recruitment (plataforma construida sobre Appian Corporation),parcial,no aplica,0,—,agencia,"NO ES UNA INSTITUCION Y NO TIENE CATALOGO. La URL de la ficha es la pantalla de LOGIN de un SaaS de admisiones de QS (Quacquarelli Symonds), con usuario/contrasena y SSO. Nada extraible sin credenciales. La ficha es coherente consigo misma (category=""Proveedor"", puede_vender vacio) pero no pinta nada en un catalogo de instituciones: candidata a mover a otra tabla o dar de baja."
12,revisar_a_mano,catálogo no enumerable,Royal Melbourne Institute of Technology (RMIT),si,www.rmit.edu.au,RMIT University,si,https://www.rmit.edu.au/study-with-us/levels-of-study,? (cientos; ~20+ areas de estudio),"Pregrado, Postgrado, Vocacional (TAFE), pre-universitario, online",institucion,"CATALOGO NO ENUMERABLE: el home es un buscador (""Search courses"") y la navegacion es por area (/study-with-us/engineering, /design, ...), no hay lista estatica. La extraccion posterior necesita recorrer nivel x area. Ficha sin category, sin partner_group y con `puede_vender` VACIO: una de las universidades mas grandes de Australia hoy no es vendible segun el dato."
12,corregir,dominio obsoleto,Torrens University Australia,redirige,www.torrens.edu.au (desde www.tua.edu.au),Torrens University Australia Ltd · ABN 99 154 937 005 · RTO 41343 · TEQSA PRV12209,si,https://www.torrens.edu.au/courses,300+ (declarado en el sitio),"Pregrado, Postgrado, dobles titulaciones, Higher Degrees by Research",institucion,"El dominio de la ficha (tua.edu.au) REDIRIGE a otro dominio (torrens.edu.au) — actualizar el dato. /courses es un hub de 7 categorias con ejemplos, no una lista: no enumerable directamente. El dominio alberga marcas/colegios internos absorbidos (Billy Blue College of Design, Blue Mountains International Hotel Management School): comportamiento de dominio compartido, hay que decidir si esas escuelas son fichas propias. 5 campus (Sydney, Melbourne, Brisbane, Adelaide, Blue Mountains). Ficha sin category y con `puede_vender` VACIO."
12,observacion,"`puede_vender` INCONSISTENTE en dos frentes: habilita ""Pregrado & Postgrado"" cuando no existe ningun pregrado/grado, y h",IEM Digital Business School,si,iembs.com,IEM Digital Business School — Escuela de Negocios en Valencia,si,https://iembs.com/masters/ y https://iembs.com/cursos/,~20-30,"Master (~10), dobles titulaciones master (~5), cursos intensivos (~15), formacion in-company. NO hay grado ni FP",institucion,"`puede_vender` INCONSISTENTE en dos frentes: habilita ""Pregrado & Postgrado"" cuando no existe ningun pregrado/grado, y habilita ""Vocacionales (Cert, Dip, Adv Dip)"" cuando no hay FP ni titulos vocacionales oficiales — solo postgrado privado y cursos cortos. Ademas `ciudad`=null cuando el sitio dice Valencia, y `category`=null. El catalogo esta partido en dos paginas (/masters/ y /cursos/), no hay una sola."
12,inservible,dominio muerto,Intensive English Language Institute (IELI),no,—,—,?,—,—,—,?,"DOMINIO MUERTO confirmado contra DNS publico 8.8.8.8: NXDOMAIN tanto en www.ieli.com.au como en el apex ieli.com.au (""Non-existent domain""). No es un 403 ni un challenge de Cloudflare: el dominio no existe y no hay a que conectarse (curl code=000 en http y https). Ficha sin category, sin partner_group y con `puede_vender` vacio → dar de baja o pedir el dominio actual al partner."
12,inservible,duplicado de otra ficha,La Trobe University,bloquea,www.latrobe.edu.au,?,?,?,?,?,institucion,"Mismo Cloudflare challenge que la ficha de Sydney (403 + `Cf-Mitigated: challenge` con UA de Chrome). Sitio vivo, no auditable por fetch. DUPLICADO: comparte dominio exacto con ""La Trobe University Sydney"" en este mismo lote, pero con `puede_vender` DISTINTO (aqui: Pregrado & Postgrado + Study abroad + Idiomas + Todos los programas; alla: Foundation & Pre master + Vocacionales + Todos los programas) y `partner_group` distinto (aqui null, alla Navitas). Hay que decidir cual es la ficha buena ANTES de extraer o se duplicara el catalogo entero de La Trobe con permisos comerciales contradictorios."
12,inservible,no es una institución (agencia),Whitecliffe University of Applied Sciences,si,"www.oxfordinternational.com (micrositio del partner, no dominio propio)","Whitecliffe University of Applied Sciences · nombres comerciales ""Whitecliffe University Berlin"" y ""Whitecliffe""; antes Berlin International University of Applied Sciences",si,https://www.oxfordinternational.com/courses/?_course_partner=50292,9,"Bachelor y Master en Arquitectura, Diseno de Interiores y Business/MBA · 100% en ingles",agencia,"PAIS Y CIUDAD ERRADOS: la ficha dice UK / Belfast y la universidad esta en BERLIN, ALEMANIA (Charlottenburg), es privada state-recognised y parte del BAU Global Education Network (fundada 2012 como satelite de Bahcesehir University, Estambul). Ojo con el nombre: existe ademas un ""Whitecliffe"" en Nueva Zelanda — verificar que la ficha no este mezclando dos instituciones. Segundo problema: el dominio no es el de la institucion sino la pagina de partner de Oxford International, asi que lo extraible son los 9 programas curados por el agente, no el catalogo real. `puede_vender` VACIO pese a partner_group=""Oxford International""."
13,observacion,"Es un COLEGIO K-12 australiano (CRICOS 00355F), no un proveedor de cursos: no tiene catalogo enumerable de programas, la",Westbourne Grammar School,si,www.westbournegrammar.com,Westbourne Grammar School,si,"https://www.westbournegrammar.com/learning/our-approach/ (secciones /learning/early-learning, /middle-school, /senior-school)",n/a — no hay catalogo de programas,"K-12 (Early Learning a Year 12, VCE) + short-stay para internacionales",institucion,"Es un COLEGIO K-12 australiano (CRICOS 00355F), no un proveedor de cursos: no tiene catalogo enumerable de programas, la extraccion posterior no encontrara nada que listar. `tipo_adivinado`=""curso_corto"" es incorrecto. Lo unico vendible a un internacional vive en /international/ (matricula regular) y /international/short-stay-programs/. El home es JS-driven; el sitemap.xml si es navegable."
13,inservible,no es una institución (agencia),The University of Oklahoma,si,www.ou.intostudy.com,University of Oklahoma — micrositio operado por INTO University Partnerships Ltd,parcial,https://www.ou.intostudy.com/en/degrees,170+ pregrado (postgrado sin conteo publicado),"Pregrado, Postgrado, pathway",agencia,"El dominio de la ficha NO es el de la universidad (ou.edu) sino el micrositio del partner INTO. Lo que se extraiga es el catalogo curado por INTO, no el catalogo real de OU. Coherente con partner_group=INTO, pero hay que saberlo antes de extraer. Mismo patron que New England College en el lote 05."
13,corregir,nombre distinto al real,Language ON,si,languageonschools.com,LANGUAGE ON Schools,parcial,https://languageonschools.com/es/nuestros-cursos/,~8-10,"Solo idiomas: ingles general/intensivo/semi-intensivo, business, reduccion de acento, TOEFL/IELTS, online, privadas",institucion (red de ~11 sedes propias),"`puede_vender` INCONSISTENTE: incluye ""Todos los programas"" pero la escuela SOLO da ingles — el sitio declara explicitamente que el programa ""no esta disenado para calificar para empleo"". Ademas `ciudad` esta incompleta: la ficha lista 6 sedes y el sitio lista ~11 (suma Miami Beach, Boca Raton, West Palm Beach, Newark, Boston, LA). Opera parte de la red via partners (inlingua Washington DC, My Study Agency): no todas las sedes son propias."
13,corregir,nombre distinto al real,OntarioTech University,si,ontariotechu.ca,Ontario Tech University,parcial,https://ontariotechu.ca/programs/,? — 6 facultades + School of AI + School of Graduate and Postdoctoral Studies; 100+ programas co-op de entrada directa,"Pregrado, Postgrado, transferencia college-to-university, educacion continua, online",institucion,"El nombre real lleva espacio (""Ontario Tech University""); la ficha escribe ""OntarioTech"". `ciudad`=""Ontario"" es la PROVINCIA, no la ciudad — el campus esta en Oshawa. `puede_vender` habilita ""Foundation & Pre master"" y el sitio NO publica foundation ni pre-master: solo transferencia desde college. Verificar antes de vender pathway aqui."
13,corregir,"apunta al dominio del grupo, no al propio",UP Education,si,www.up.education,UP Education,si,https://www.up.education/study/tertiary-providers,270 cursos declarados · ~21 instituciones miembro · 64 campus,Vocacional/tertiary hasta pathway universitario,red (grupo paraguas),"ES UN GRUPO PARAGUAS, no una institucion. Agrupa ~21 colleges con marca y sitio propios (Yoobee, NZMA, NZ School of Tourism, NZ Institute of Sport, NZTC, ICHM, Endeavour, Monarch, Acknowledge Education, Builders Academy, Swinburne Open Ed...). Extraer de este dominio traera un INDICE DE PROVEEDORES, no programas: cada miembro necesita su propia ficha. Ademas `pais`=""International"" esconde que el alcance real es Australia + Nueva Zelanda."
13,corregir,dominio obsoleto,Charles Darwin University (Sydney),redirige,www.cdu.edu.au/locations/sydney-campus (desde /international/study-sydney),Charles Darwin University,si,https://www.cdu.edu.au/study/sydney-courses,8,"SOLO maestrias — Data Science, IT (Cyber Security), IT (Information Systems), Project Management, Professional Accounting x2, MBA x2",institucion,"La URL de la ficha redirige a otro path — actualizar. El campus de Sydney (Level 7, 815 George St, Haymarket) ofrece EXCLUSIVAMENTE postgrado: `tipo_adivinado`=""curso_corto"" es incorrecto y `puede_vender` esta vacio. Es un subconjunto del catalogo de CDU, no la universidad completa: no subir al dominio raiz al extraer. No se detecto operador tercero en el campus."
13,observacion,"`category`=""College Público"" es INCORRECTO: es un college PRIVADO operado por Navitas (coherente con partner_group=Navit",Griffith college,si,www.griffithcollege.edu.au,Griffith College,si,https://www.griffithcollege.edu.au/study-options/,~13,"Diploma (11 areas), Foundation (1), Masters Qualifying Program (1)",institucion,"`category`=""College Público"" es INCORRECTO: es un college PRIVADO operado por Navitas (coherente con partner_group=Navitas). No otorga titulos propios — es pathway hacia Griffith University, se posiciona como ""a more supported start to university"". `puede_vender` duplica el mismo concepto dos veces (""Foundation & Pre master"" y ""Foundation, Year 1, Pre master""): ruido en el dato. Campus: Brisbane City, Gold Coast (Southport) y online."
13,inservible,dominio muerto,iEdu.Study,no,"— el dominio de la ficha no existe; el real es iedu.study, que hace 301 a https://amet.com.au/iEdu.study/",AMET Education,no,https://amet.com.au/iedu-study/,400+ cursos Emeritus (de 85+ universidades) + grados IU Berlin,"Profesional/ejecutivo (Emeritus); Bachelor, Master y MBA (IU Berlin)",agencia,"FICHA ROTA + FANTASMA. `sitio`=""www.iedu.study.com"" es NXDOMAIN confirmado contra 8.8.8.8 — el dominio esta MALFORMADO (sobra el "".com""; el TLD real es .study). El dominio bueno, iedu.study, redirige a AMET Education, que se define textualmente como ""an international student recruitment agency"": es una AGENCIA, no una institucion. Y nada de lo que ofrece es propio: revende Emeritus e IU Berlin (universidad ALEMANA), pese a que la ficha dice pais=Australia. Ninguna de las tres cosas de la ficha (dominio, tipo, pais) sobrevive la verificacion."
13,inservible,el dominio es de otra institución,University of Kent,si,www.kent.ac.uk,University of Kent,si,https://www.kent.ac.uk/courses (+ /courses/undergraduate y /courses/postgraduate),?,"Pregrado, Postgrado",institucion,"CATALOGO NO ENUMERABLE: /courses es un buscador dinamico (""Search all available courses"" por nombre, materia o codigo UCAS), no una lista estatica — la extraccion posterior necesita otro tratamiento (recorrer los indices por nivel). Ademas `partner_group`=""Oxford International"" NO aparece en ninguna parte del sitio: si el acuerdo comercial es pathway/foundation via Oxford International, esos programas no viven en kent.ac.uk y extraer de aqui traera oferta que no se puede vender. Mismo problema que Bangor University en el lote 05."
13,corregir,dominio obsoleto,Le Cordon Bleu Australia,redirige,www.cordonbleu.edu/australia/home/en (desde /australia),Le Cordon Bleu Australia — parte de Le Cordon Bleu International B.V.,si,https://www.cordonbleu.edu/australia/programmes/en,~35-40,"Certificate III (Commis), Certificate IV (Chef de Partie), Diplome de Cuisine/Patisserie, Diplome CordonTec, Advanced Diploma, Bachelor (Business / Hotel & Restaurant Mgmt), Master/MBA, cursos cortos",institucion,"DOMINIO COMPARTIDO: cordonbleu.edu aloja toda la red global (Francia, Japon, etc.) y solo el path /australia corresponde a esta ficha — un crawler que suba al dominio raiz traera paises que no se venden. La oferta VARIA POR CAMPUS (Sydney, Melbourne, Adelaide, Brisbane): un mismo programa no esta disponible en los cuatro. `tipo_adivinado`=""curso_corto"" subestima el catalogo: hay bachelor y master. CRICOS 02380M / RTO 4959 / TEQSA PRV12100."
13,corregir,dominio obsoleto,Schiller Langue School,redirige,german-language.school (el www de la ficha es NXDOMAIN; el apex solo responde por HTTP puerto 80 y hace 302),Schiller Language School GmbH & Co. KG,parcial,https://german-language.school/german-language-courses,~6 niveles A1-C1 + vias especializadas,"Idiomas (aleman) + preparacion universitaria, aleman medico, formacion vocacional, examenes telc",institucion,"El dominio de la ficha esta MUERTO en www: NXDOMAIN confirmado contra 8.8.8.8 para www.schiller-language-school.com. El apex si resuelve (80.67.16.8) pero ya NO sirve HTTPS — solo responde en puerto 80 y redirige a german-language.school. Actualizar el dato. El nombre de la ficha escribe ""Langue"" (frances) en vez de ""Language"". La ficha dice solo Berlin; el sitio opera Berlin Y Bonn. Ademas no es solo escuela de idiomas: hace admisiones universitarias, visado y alojamiento — funciona como pathway provider."
13,corregir,nombre distinto al real,ILAC College,si,ilacinternationalcollege.com,ILAC International College,parcial,https://ilacinternationalcollege.com/programs/,2 diplomas + ~4 micro-credenciales + credit transfer,"Diploma (Business Administration, Sales & Marketing); micro-credenciales (AI for Non-Technical Professionals, Designing AI Workflows, Accelerated Digital Marketing, Intro to Project Management)",institucion,"El nombre real es ""ILAC International College"", no ""ILAC College"". Catalogo MUY pequeno (2 diplomas reales) — `puede_vender`=""Todos los programas"" sugiere un volumen que no existe. Convive con ilac.com, la escuela de IDIOMAS del mismo grupo, que es otra entidad y otro dominio (el propio sitio enlaza a ilac.com/ilac-campuses/): si se quiere vender ELICOS hay que apuntar a ilac.com, no aqui. Campus: Toronto y Vancouver (coincide con la ficha)."
13,observacion,"Es un COLEGIO K-12 privado en Research, Victoria (CRICOS 00138D), no un proveedor de cursos: no tiene catalogo enumerabl",Eltham College,si,www.elthamcollege.vic.edu.au (el http de la ficha hace 301 a https),ELTHAM College,si,https://www.elthamcollege.vic.edu.au/learning/,n/a — no hay catalogo de programas,"K-12 (Early Learning Centre, Junior School Prep-Y6, Senior School Y7-12) + 90+ co-curriculares",institucion,"Es un COLEGIO K-12 privado en Research, Victoria (CRICOS 00138D), no un proveedor de cursos: no tiene catalogo enumerable. `tipo_adivinado`=""curso_corto"" es incorrecto y `puede_vender` esta vacio. OJO NOMBRE AMBIGUO: existe otro ""Eltham College"" en Londres (UK); el de esta ficha es el australiano — no confundirlos en la extraccion posterior ni en busquedas. Internacionales via /admissions/international-student-admission."
13,revisar_a_mano,el sitio bloquea acceso automatizado,Monash University,bloquea,www.monash.edu,?,?,?,?,?,institucion,"Cloudflare MANAGED CHALLENGE, no sitio caido: devuelve 403 con pagina ""Just a moment..."" y header `Cf-Mitigated: challenge`, con UA de Chrome, tanto en www.monash.edu como en el apex monash.edu. DNS resuelve OK. El sitio esta VIVO pero no es auditable ni extraible por fetch — requiere navegador real con JS y cookies. Mismo caso que James Cook y UTas en el lote 05: si la extraccion posterior depende de HTTP plano, estas tres fichas fallaran en silencio."
13,revisar_a_mano,el sitio bloquea acceso automatizado,The University of Newcastle (UoN),bloquea,www.newcastle.edu.au (el apex hace 301 a www),?,?,?,?,?,institucion,"Cloudflare managed challenge (403, `Cf-Mitigated: challenge`, ""Just a moment..."") con UA de Chrome. DNS resuelve OK y el apex redirige normalmente a www antes de toparse con el challenge. Sitio vivo, no auditable por fetch. Nota aparte: `tipo_adivinado`=""curso_corto"" para una universidad publica australiana grande es sospechoso, `category` y `partner_group` estan en null y `puede_vender` vacio — la ficha esta practicamente sin llenar."
13,corregir,dominio obsoleto,Browns English Language School,redirige,brownsenglish.edu.au (desde www.brownsenglish.edu.au),BROWNS English Language School Pty Ltd trading as BROWNS English Language School y BROWNS Professional,si,https://brownsenglish.edu.au/courses/,15+,"Ingles general y academico, IELTS, Junior Programs (primaria y secundaria), Study + Work (vocacional via BROWNS Professional)",institucion,"El www de la ficha redirige al apex — corregir. RTO 31998 / CRICOS 02663M, sin grupo matriz. FICHA VACIA vs realidad: `category`=null, `partner_group`=null, `ciudad`=null y `puede_vender`=[] , pero la escuela vende claramente Idiomas + programas junior + vocacional y opera tres campus (Brisbane, Gold Coast, Melbourne). Declara 140+ pathways hacia universidades y colleges: hay oferta comercial real que la ficha no captura."
14,observacion,"`puede_vender` INCONSISTENTE: la ficha solo habilita ""Vocacionales (Cert, Dip, Adv Dip)"" pero el college otorga tambien ",St. Lawrence College - SLC,si,www.stlawrencecollege.ca,St. Lawrence College,si,https://www.stlawrencecollege.ca/programs,55+,"Certificado, Graduate Certificate, Diploma, Advanced Diploma, Bachelor (BScN), aprendizajes",institucion,"`puede_vender` INCONSISTENTE: la ficha solo habilita ""Vocacionales (Cert, Dip, Adv Dip)"" pero el college otorga tambien bachelor y graduate certificates. Ademas `tipo_adivinado`=""curso_corto"" no describe nada de esta oferta. Es college PUBLICO de Ontario (3 campus: Kingston, Brockville, Cornwall), la ficha dice ""Ontario"" a secas."
14,observacion,CATALOGO NO ENUMERABLE desde una sola URL: hay que recorrer 2 secciones + paginas sueltas. Ficha dice Brisbane y el siti,Site Institute,si,si.edu.au,Site Institute (RTO 32479 · CRICOS 03475G),si,NO existe pagina indice: https://si.edu.au/courses/ da 404. Los cursos cuelgan de https://si.edu.au/trades/ y https://si.edu.au/engineering-and-civil/,~6,"Certificate III (Carpentry, Cabinet Making), Diploma y Dual Diploma (Engineering Technical / Civil Construction Design), English for Engineering, Industry Safety Induction",institucion,CATALOGO NO ENUMERABLE desde una sola URL: hay que recorrer 2 secciones + paginas sueltas. Ficha dice Brisbane y el sitio confirma South Brisbane QLD. El dominio si.edu.au es corto y confundible con el Smithsonian (si.edu) — verificado que NO lo es.
14,inservible,el dominio es de otra institución,New Jersey Institute of Technology,si,www.njit.edu,New Jersey Institute of Technology (NJIT),si,https://www.njit.edu/academics/degrees,"? (5 colleges + Honors: Architecture & Design, Business, Computing, Engineering, Humanities, Math & Science)","Pregrado, Postgrado (master), Doctorado, Graduate Certificates, online, pre-college",institucion,"`partner_group`=""Study Group"" NO aparece en ningun lado de njit.edu (ni Study Group, ni pathway, ni Navitas, ni INTO). Si el acuerdo comercial es via Study Group, el catalogo vendible NO es el de njit.edu sino el del partner — confirmar antes de extraer. Ruido menor: `puede_vender` repite ""Pregrado & Postgrado"" dos veces."
14,revisar_a_mano,catálogo no enumerable,RMIT University,si,www.rmit.edu.au,RMIT University,si,https://www.rmit.edu.au/study-with-us/levels-of-study,? (20+ areas de estudio),"Pregrado, Postgrado, VOCACIONAL/VET, pre-university, cursos cortos, microcredenciales, online",institucion,"Universidad DUAL-SECTOR (higher ed + VET en la misma entidad): la ficha la marca solo ""Universidad""/""Pregrado & Postgrado"" y con eso se pierde toda la oferta vocacional, que si es vendible. El listado es un buscador con filtros (""Search courses""), no una lista estatica — la extraccion necesita recorrer los 20+ subject pages. Conviven submarcas (RMIT Vietnam, RMIT Europe, RMIT Online, RMIT UP para pathways) en el mismo dominio."
14,corregir,nombre distinto al real,Victoria University of Wellington,si,www.wgtn.ac.nz,Te Herenga Waka - Victoria University of Wellington,parcial,https://www.wgtn.ac.nz/study/programmes-courses,? (7 facultades),"Pregrado, Postgrado taught, Postgrado research/doctorado",institucion,"El nombre oficial en el sitio lleva el prefijo maori ""Te Herenga Waka""; la ficha guarda solo la mitad inglesa. Ojo tambien con el dominio: es wgtn.ac.nz, NO victoria.ac.nz — si alguien ""corrige"" el dominio al que suena logico, rompe la ficha. Tiene campus en Auckland ademas de los 3 de Wellington."
14,observacion,Es un pathway college operado por NAVITAS dentro de un SUBDOMINIO de la University of Hertfordshire. Lo que se extraiga ,HERTFORDSHIRE INTERNATIONAL COLLEGE (HIC),si,hic.herts.ac.uk,Hertfordshire International College (HIC),si,https://hic.herts.ac.uk/study/,~20+,"Pre-sessional English, Foundation e International Year One (15 areas), Pre-Master's",institucion,"Es un pathway college operado por NAVITAS dentro de un SUBDOMINIO de la University of Hertfordshire. Lo que se extraiga de aqui es solo la oferta pathway de HIC, no el catalogo de la universidad — coherente con `puede_vender`=""Foundation, Year 1, Pre master"" y con `partner_group`=Navitas. Sin correcciones."
14,revisar_a_mano,catálogo no enumerable,Southern Cross University (SCU),si,www.scu.edu.au,Southern Cross University,si,https://www.scu.edu.au/study/courses/ (el buscador oficial es https://course-search.scu.edu.au),?,"Pregrado, Postgrado, research (PhD, Masters by Thesis), Diploma via SCU College, ELICOS, pathway, cursos cortos",institucion,"TRES problemas: (1) el campo `sitio` viene sin esquema (""www.scu.edu.au""), (2) `category`=null y `puede_vender`=[] — la ficha esta VACIA, hoy no autoriza vender nada, y (3) el buscador de cursos course-search.scu.edu.au devuelve challenge de Cloudflare (""Just a moment..."", 403) incluso con UA de Chrome: el sitio principal si responde 200 pero el catalogo real NO es fetcheable. La extraccion posterior necesita navegador real."
14,inservible,la institución cerró,Central Australian College CAC,si,cac.edu.au,Central Australian Institute Of Technology Pty. Ltd. T/A CAC - Central Australian College (RTO 22302 · CRICOS 03217C),si,https://cac.edu.au/courses-list/,"? (7 areas: automotriz, construccion, civil construction design, community & care, ingles, hospitalidad, management)","Certificado, Diploma, Advanced Diploma, graduate, ELICOS",institucion,"La ciudad de la ficha esta mal: dice ""Tasmania, Melbourne"" y los campus reales son Melbourne CBD, West Footscray (VIC), Brisbane CBD (QLD) y Hobart CBD (TAS) — falta Brisbane. Admisiones abiertas, sin cursos marcados como cerrados. El nombre legal es una razon social distinta con ""T/A""."
14,inservible,no es una institución (agencia),Performance education,si,www.performance.edu.au,Gradability Pty Ltd trading as Performance Education,parcial,https://www.performance.edu.au/our-programs,~2,Professional Year (IT · acreditado ACS) y AI Employability Accelerator. NO otorga titulos academicos,agencia,"ALERTA GRAVE · `puede_vender` FALSO. La ficha lo clasifica ""College Privado"" y habilita ""Pregrado & Postgrado"" + ""Todos los programas"", pero esta organizacion NO confiere ni un solo grado: es un proveedor de Professional Year y empleabilidad (coaching, internship, colocacion laboral) para graduados que YA estudiaron en instituciones australianas. Vender pregrado/postgrado contra esta ficha es vender algo que no existe."
14,corregir,"apunta al dominio del grupo, no al propio",St George International College,si,www.sgiccanada.com,St. George International College (SGIC),si,https://www.sgiccanada.com/programs,~12,"SOLO idiomas y afines: General English/ESL, SSP-I/SSP-A, English for Medicine, English for Professionals, Business English, IELTS prep, i-TESOL, TYCP, Pathway Program (UCPP), Summer & Winter Camps, High School",institucion,"`puede_vender` SOBREDIMENSIONADO: la ficha dice ""Todos los programas"" pero SGIC es una escuela de idiomas (Toronto y Vancouver) — no hay diplomas, ni co-op, ni grados. `category`=null: deberia ser ""Instituto Idiomas"". Opera ademas St. George Academy (high school) como entidad aparte bajo el mismo paraguas."
14,inservible,dominio muerto,North Sydney English College NSEC,no,-,-,?,-,-,-,?,"DOMINIO MUERTO / PARQUEADO, confirmado contra DNS publico 8.8.8.8: northsydneycollege.com.au y su www resuelven a 103.224.182.244 (IP de parking de Trellian/Above.com) y la conexion se RESETEA tanto en :80 como en :443 con UA de Chrome. No es un 403 ni un challenge de Cloudflare: no hay servidor web sirviendo nada. Los dominios alternativos obvios tampoco existen (NXDOMAIN en northsydneyenglishcollege.com.au y en nsec.nsw.edu.au). Ficha inservible: hay que pedirle el dominio vigente a ""The education group"" (`partner_group`) o dar de baja."
14,corregir,"apunta al dominio del grupo, no al propio",Universal English College,redirige,uec.edu.au (www.uec.edu.au redirige al apex),Universal English College (CRICOS 00053J · ABN 19 003 525 764),si,https://uec.edu.au/study-english-with-us/,8,"Idiomas/ELICOS: General English, Cambridge prep, IELTS prep, Academic English (pathway), High School Preparation, Junior Holiday, Kids Holiday, After School",institucion,"Ficha VACIA: `category`=null y `puede_vender`=[] — hoy no autoriza vender nada, aunque es claramente un ""Instituto Idiomas"" con 8 cursos enumerables. El campo `sitio` viene sin esquema (""www.uec.edu.au""). No se ve grupo paraguas en el sitio; declara pathway partners (ej. Macquarie University), que es otra cosa. Escuela pequena: ~150 alumnos."
14,inservible,no es una institución (agencia),High Schools International Ireland,si,www.hsinet.org,High Schools International (HSI),parcial,https://www.hsinet.org/programs,7,"Classic Exchange, Public School Program, Private School Program, Group Short Stays, Guardianship, Welcome Camp, Sao Paulo Connection",agencia,"ALERTA GRAVE · NO ES UNA INSTITUCION EDUCATIVA. Es una agencia de colocacion y guardianship con sede en Dublin (Castleriver House, Parliament St) que ubica estudiantes internacionales en ~150 colegios irlandeses socios; tiene portal ""for-agents"" y ""partner-registration"", o sea es un intermediario B2B igual que el cliente. La ficha la marca `category`=""High School"" con ""Todos los programas"". El sitio publica PROGRAMAS, no un catalogo de colegios (hay un ""schools-finder"" dinamico detras de registro). Ademas el nombre real no lleva ""Ireland""."
14,ok,-,KPU,si,www.kpu.ca,"Kwantlen Polytechnic University (usa ""KPU"" como marca)",si,https://www.kpu.ca/find-your-program,140+,"Citation, Certificate, Diploma, Associate Degree, Bachelor, Post-Baccalaureate Diploma, Graduate Diploma, Graduate Certificate, Certificate of Completion",institucion,-
14,corregir,"apunta al dominio del grupo, no al propio",NABA,si,www.naba.it,NABA - Nuova Accademia di Belle Arti,parcial,https://www.naba.it/en/undergraduate · /en/postgraduate · /en/academic-masters,~40+,"Bachelor of Arts (AFAM I nivel), Master of Arts (AFAM II nivel), Academic Masters de 1 ano (~14), PhD en Artistic Practice, foundation/summer/semester abroad",institucion,"`puede_vender` INCONSISTENTE: la ficha habilita ""Vocacionales (Cert, Dip, Adv Dip)"" y NABA solo otorga titulos ACADEMICOS reconocidos por el MUR italiano (BA/MA/PhD) — no hay certificados vocacionales. Es parte del grupo paraguas GALILEO GLOBAL EDUCATION (no declarado en la ficha). La ficha dice ciudad Milan pero hay campus tambien en Roma y en Londres (abre 2026/27). `partner_group` esta escrito ""Nouva Accademia NABA"" — typo de ""Nuova""."
14,corregir,"apunta al dominio del grupo, no al propio",Universidad Europea de Madrid o Valencia,si,universidadeuropea.com,Universidad Europea,parcial,https://universidadeuropea.com/oferta-academica/,300+,"Grado, Master, Formacion Profesional (FP), Doctorado",institucion,"DOMINIO PARAGUAS + FICHA AMBIGUA: un solo registro (""Madrid o Valencia"") cubre lo que en el sitio son 4 sedes con personalidad juridica distinta (Universidad Europea de Madrid, de Valencia, de Canarias y de Andalucia). Sin desdoblar, cualquier programa extraido queda sin sede asignable — y las homologaciones/precios/becas difieren por sede. La ficha ni siquiera menciona Andalucia. El listado es un buscador dinamico con filtros (modalidad, ubicacion, idioma, area), no una lista estatica."
15,revisar_a_mano,el sitio bloquea acceso automatizado,Macquarie University,bloquea,mq.edu.au (CNAME a mqu-web.saas.squiz.cloud),?,?,https://www.mq.edu.au/study/find-a-course (destino del 301 de courses.mq.edu.au),?,?,institucion (no verificado en el sitio),"SITIO VIVO, NO MUERTO: Cloudflare managed challenge (cf-mitigated: challenge, ""Just a moment..."") devuelve 403 a todo fetcher incluso con UA de Chrome y headers de navegador · DNS resuelve OK · hasta robots.txt cae en el challenge · no auditable sin navegador real con JS"
15,observacion,"NO VENDIBLE COMO CATALOGO: es un colegio de ninas K-12, no tiene ""programas"" comercializables por una agencia de estudio",Tara Anglican School for Girls,si,tara.nsw.edu.au,Tara Anglican School for Girls,si,https://www.tara.nsw.edu.au/learning/,~3 divisiones + rutas IB/HSC,K-12 (ELC a Year 12) · IB PYP/MYP · IB DP desde 2027 · HSC,"institucion (colegio K-12, dia e internado)","NO VENDIBLE COMO CATALOGO: es un colegio de ninas K-12, no tiene ""programas"" comercializables por una agencia de estudios en el exterior · tipo_adivinado ""curso_corto"" es falso · category NULL, ciudad NULL (es Sydney/Parramatta) y puede_vender VACIO"
15,inservible,el dominio es de otra institución,OHLA - Open Hearts Language Academy,si,ohla.com,Open Hearts Language Academy (OHLA),si,https://www.ohla.com/ourprograms/,5,"Solo ESL: General, Academic, Exam Prep, TOEFL, Gap Year (9 niveles)",institucion,"CIUDAD DESACTUALIZADA: la ficha lista ""Miami, Boca Raton, Orlando, Tampa"" y el sitio solo muestra Miami, Orlando y Tampa — BOCA RATON YA NO APARECE · puede_vender ""Todos los programas"" contradice lo visto: solo idiomas · los ""12.000 programas de grado"" que promociona el sitio son de UniApplyNow (empresa hermana), NO de OHLA"
15,corregir,dominio obsoleto,Western Washington University,redirige,international.wwu.edu → students.studygroup.com/study-options/direct-admit/western-washington-university (301 cross-host),Western Washington University (pagina comercial de Study Group),si (pero en sitio ajeno),https://students.studygroup.com/study-options/direct-admit/western-washington-university,"~15 destacados de ""200+"" declarados",Undergraduate y Graduate (direct admit),"red (Study Group, no la universidad)","EL DOMINIO DE LA FICHA YA NO ES UN SITIO PROPIO: la pagina destino dice literal ""This page was previously on international.wwu.edu"" · NO hay catalogo enumerable, solo ~15 carreras destacadas y un prospecto PDF · para el catalogo real hay que usar wwu.edu"
15,revisar_a_mano,catálogo no enumerable,NAIT,si,nait.ca,Northern Alberta Institute of Technology (NAIT),si (la ficha usa solo la sigla),https://www.nait.ca/programs,"? (7 escuelas: Business, Construction, Energy, Health, Manufacturing, Media/IT, Transportation)","Certificados, diplomas, aprendizajes de oficios, applied degrees, educacion continua",institucion (politecnico),"ficha guarda solo la sigla, sin el nombre completo · tipo_adivinado ""curso_corto"" y category NULL para un politecnico que SI otorga degrees · puede_vender ""Todos los programas"" sin acotar"
15,revisar_a_mano,catálogo no enumerable,Thomas Jefferson University,si (home 200) pero catalogo ROTO,jefferson.intostudy.com,"Thomas Jefferson University · sitio de INTO University Partnerships (""(c) 2026 INTO UNIVERSITY PARTNERSHIPS LTD AND IUP 2 LLP"")",si,https://www.jefferson.intostudy.com/en/degrees,?,?,"red (centro INTO, no la universidad)","PAGINA DE PROGRAMAS CAIDA: /degrees y /en/degrees devuelven HTTP 500 (el home carga bien) — la extraccion posterior fallara en este dominio · el dominio es de INTO, no de la universidad · para el catalogo real hay que usar jefferson.edu"
15,corregir,nombre distinto al real,Leeds Beckett University,si,isc.leedsbeckett.ac.uk,"Leeds Beckett University International Study Centre (""Maintained by Study Group"")",parcial,https://isc.leedsbeckett.ac.uk/programmes,3 rutas,"International Foundation Year, International Year One, cursos de ingles",red (International Study Centre operado por Study Group),"LA FICHA PROMETE ""Pre master"" Y EL SITIO NO LO OFRECE (solo Foundation, Year One e ingles) · el dominio NO es la universidad; la ficha lo clasifica como ""Universidad"" · para pregrado/postgrado real es leedsbeckett.ac.uk"
15,revisar_a_mano,el sitio bloquea acceso automatizado,Royal Roads University,bloquea,royalroads.ca (www.royalroads.ca.edgekey.net · Akamai),?,?,?,?,?,institucion (no verificado en el sitio),"SITIO VIVO, NO MUERTO: 403 persistente con UA de Chrome + Accept/Sec-Fetch completos (respuesta Akamai de 371 bytes, sin cabeceras Cloudflare) · DNS resuelve OK a Akamai · /programs y /robots.txt tambien 403 · no auditable sin navegador real"
15,inservible,el dominio es de otra institución,International House - LSI PORTSMOUTH,si (pero no es su dominio),ihworld.com,International House World Organisation (red de 130+ escuelas afiliadas en 45+ paises),no,https://ihworld.com/schools/countries/united-kingdom/ih-portsmouth/,0 propios (la red lista 130+ escuelas),n/a en este dominio,red / grupo paraguas,"FANTASMA + DOMINIO EQUIVOCADO: la ficha apunta al paraguas IH World, no a la escuela · el dominio propio es lsi-portsmouth.co.uk (200 OK, verificado) · la ficha mezcla dos marcas: la pagina de IH confirma ""LSI Portsmouth / IH Portsmouth"" · MISMO DOMINIO que la ficha de IH London en este mismo lote"
15,inservible,el dominio es de otra institución,International House - London,si (pero no es su dominio),ihworld.com,International House World Organisation,no,https://ihworld.com/schools/countries/united-kingdom/ih-london/,0 propios,n/a en este dominio,red / grupo paraguas,"FANTASMA + DUPLICADO DE DOMINIO: mismo ihworld.com que la ficha de LSI Portsmouth · el dominio propio de la escuela es ihlondon.com (200 OK, verificado) · ademas IH London vende 17 idiomas extranjeros y CELTA/DELTA, no solo ingles: puede_vender ""Idiomas"" se queda corto"
15,revisar_a_mano,el sitio bloquea acceso automatizado,James Cook University JCU,bloquea,"jcu.edu.au (Cloudflare, 104.18.18.28)",?,?,?,?,?,institucion (no verificado en el sitio),"SITIO VIVO, NO MUERTO: Cloudflare managed challenge 403 con UA de Chrome y headers completos · DNS resuelve OK · /courses y /courses-and-study tambien 403, coursefinder.jcu.edu.au no resuelve · la ciudad ""Brisbane"" de la ficha queda SIN VERIFICAR por el bloqueo"
15,inservible,el dominio es de otra institución,Nova Southeastern University,si,nova.edu,Nova Southeastern University,si,https://www.nova.edu/degrees.html,130+,"Bachelor, Master, Doctorado y profesional (medicina, farmacia, derecho, psicologia, enfermeria)",institucion,"CATALOGO NO ENUMERABLE: selector con filtro dinamico por tipo de grado, no lista plana · la ficha marca partner_group ""Enrollment Advisory Group EAG"" que el sitio NO menciona · puede_vender trae ""Pregrado"" duplicando ""Pregrado & Postgrado"""
15,revisar_a_mano,catálogo no enumerable,University of Southern Queensland (UniSQ),si,unisq.edu.au (139.86.7.80),University of Southern Queensland (UniSQ),si,https://www.unisq.edu.au/study/degrees-and-courses,? (9 areas de estudio),"Pregrado, postgrado, investigacion/PhD, pathway, cursos cortos",institucion,"FICHA PRACTICAMENTE SIN CLASIFICAR: tipo_adivinado ""curso_corto"", category NULL, ciudad NULL y puede_vender VACIO para una universidad completa que otorga hasta PhD · catalogo hibrido (categorias + ""Career Finder""), no lista plana"
15,inservible,duplicado de otra ficha,BCUIC - Birmingham City University,redirige,www.bcuic.navitas.com → bcuic.bcu.ac.uk (cross-host),Birmingham City University International College (BCUIC),si,https://bcuic.bcu.ac.uk/study/,~35,"Pathway pregrado (~20 areas), pathway postgrado (~14 areas), ingles pre-sessional",red (college pathway operado por Navitas dentro del dominio de BCU),"EL DOMINIO NAVITAS DE LA FICHA YA NO ES EL VIGENTE: redirige al dominio de la universidad · category ""Universidad"" es incorrecto: es un college pathway y NO otorga titulos propios (progresion a un degree de BCU) · puede_vender trae ""Foundation & Pre master"" DUPLICADO"
15,observacion,"unica de las 3 fichas IH del lote que SI apunta a su dominio propio · category NULL y puede_vender ""Todos los programas""",International House Belfast,si,ihbelfast.com (151.101.66.159),International House Belfast,si,https://ihbelfast.com/courses/,~8-10,"Ingles general e intensivo, prep Cambridge B2/C1/C2 y OET, CELTA (formacion docente), junior 12-17",institucion (afiliada a la red IH World),"unica de las 3 fichas IH del lote que SI apunta a su dominio propio · category NULL y puede_vender ""Todos los programas"" cuando solo vende idiomas + formacion docente · la categoria ""Foreign Languages"" del propio sitio sale vacia (""No data was found"")"
15,revisar_a_mano,el sitio bloquea acceso automatizado,The University of Newcastle,bloquea,newcastle.edu.au (CNAME a uonew-web.saas.squiz.cloud),?,?,?,?,?,institucion (no verificado en el sitio),"SITIO VIVO, NO MUERTO: Cloudflare managed challenge 403 con UA de Chrome y headers completos · DNS resuelve OK (misma plataforma Squiz que Macquarie) · /study y /degrees tambien 403 · la ciudad ""Orimbah"" de la ficha parece un error de tipeo de Ourimbah, SIN VERIFICAR por el bloqueo"
16,inservible,el dominio es de otra institución,International House - Brisbane,si,ihworld.com,International House World Organisation,no,https://ihworld.com/learn/study-abroad/study-abroad-schools/,~50 escuelas afiliadas (no programas),"Ingles general, examenes (Cambridge/IELTS), Business English, young learners, CELTA/formacion docente",red / grupo paraguas,"FANTASMA: el dominio es el de la RED IH (130+ escuelas afiliadas en 45+ paises, ""privately owned and operated""), no el de la escuela de Brisbane · el directorio de escuelas NO lista NINGUNA en Australia ni en Brisbane · hay que re-localizar el dominio propio o dar la ficha de baja"
16,observacion,"category dice ""College Privado"" y SMC es un COMMUNITY COLLEGE PUBLICO de California · catalogo real vive en catalog.smc.",Santa Monica College,si,smc.edu,Santa Monica College,si,https://www.smc.edu/academics/areas-of-interest/all-programs.php,~200+,"Associate, transfer (UC/USC/LMU), algunos Bachelor, certificados, ESL, community education",institucion,"category dice ""College Privado"" y SMC es un COMMUNITY COLLEGE PUBLICO de California · catalogo real vive en catalog.smc.edu (sistema aparte)"
16,corregir,nombre distinto al real,Ravensbourne University,si,ravensbourne.ac.uk,Ravensbourne University London,parcial,https://www.ravensbourne.ac.uk/study,?,"Pre-degree, Undergraduate, Postgraduate, Professional Development",institucion,"nombre real incluye ""London"" · partner_group ""Oxford International"" NO se menciona en ningun lado del sitio · catalogo es BUSCADOR dinamico (course search), no lista enumerable"
16,corregir,dominio obsoleto,James Cook University Brisbane (JCUB),redirige + bloquea,jcub.edu.au 301 -> jcu.edu.au/brisbane,"? (Cloudflare managed challenge ""Just a moment..."")",?,?,?,?,?,"el dominio de la ficha YA NO ES SUYO: 301 permanente al campus Brisbane dentro de jcu.edu.au · el destino devuelve challenge de Cloudflare incluso con UA de Chrome (NO esta muerto, bloquea) · ficha sin ciudad, sin category y con puede_vender VACIO · requiere fetch con navegador real"
16,corregir,"apunta al dominio del grupo, no al propio",New Zealand Management Academies Limited,si,nzma.ac.nz,New Zealand Management Academies Ltd (NZMA),si,https://www.nzma.ac.nz/courses,? (12 areas de estudio),Vocacional: certificados y diplomas (no se confirma degree),"institucion (opera 3 marcas: NZMA, The Culinary Collective, NZIS · parte de UP Education)","ficha dice 3 ciudades (Auckland, Wellington, Christchurch) y el sitio lista ~9 campus + online (Hamilton, Manukau, Sylvia Park, Porirua, Trades South, Hastings) · el dominio alberga 3 marcas internas + footer del grupo UP Education · puede_vender contradictorio: ""Vocacionales"" y ""Vocational and Higher Education"" a la vez"
16,observacion,"PUEDE_VENDER INCOMPLETO: la ficha solo permite ""Postgrado, study abroad y summer"" pero Elisava SI otorga GRADOS (Diseno ",ELISAVA,si,elisava.net,Elisava Facultad de Diseno e Ingenieria de Barcelona,si,https://www.elisava.net/grados/ y https://www.elisava.net/masters/,~20+,"Grado (2), Master/Postgrado (mayoria), cursos cortos, summer, study abroad, Doctorado",institucion (adscrita a UVic-UCC),"PUEDE_VENDER INCOMPLETO: la ficha solo permite ""Postgrado, study abroad y summer"" pero Elisava SI otorga GRADOS (Diseno e Innovacion · Ingenieria de Diseno Industrial) y tiene doctorado · ademas tiene campus en Madrid, no solo Barcelona · titulos van adscritos a UVic-UCC"
16,inservible,el dominio es de otra institución,BPP University,si,bpp.com,BPP (BPP Holdings Limited) · parte de Lyceum Education Group,parcial,https://www.bpp.com/courses,300+ programas,"Pregrado, Postgrado, cualificaciones profesionales, apprenticeships, CPD",red / grupo paraguas,"el dominio es el del GRUPO, no el de la universidad: aloja Firebrand, StaySharp, Buttercups, Estio, Digital Marketing Institute, Acsenda, Arbutus College y BPP Institute ademas de BPP University · partner_group ""Oxford International"" no aparece · el catalogo mezcla cursos profesionales no-universitarios con los degrees"
16,corregir,nombre distinto al real,Signet Institute,si,signet.edu.au,Signet Institute Of Australia,parcial,https://signet.edu.au/courses/,~19-20,"Certificate III (9), Certificate IV (3), Diploma (5), Advanced Diploma (2), Graduate Diploma (1)",institucion (RTO),"CATALOGO NO ENUMERABLE: el sitio es una SPA React que devuelve HTML vacio (""You need to enable JavaScript"") · la unica via de extraccion es el sitemap.xml (63 URLs, ultima modificacion jul-2024 · sitio posiblemente sin mantenimiento) · puede_vender ""Todos los programas"" es FALSO: 0 bachelor, solo VET · las 5 areas son automotive, business, community, construction, healthcare"
16,inservible,dominio muerto,The University of Adelaide College,no (el host de la ficha) / redirige (el apex),www.college.adelaide.edu.au = NXDOMAIN en 8.8.8.8 · college.adelaide.edu.au 301 -> www.kaplancollegeadelaide.edu.au,Kaplan International College Adelaide,no,https://www.kaplancollegeadelaide.edu.au/programs,~18,"Foundation Studies (2), Degree Transfer standard+extended (10), Pre-Masters (3), English EAP/General (2), Express Preparation (1)",institucion (pathway operado por Kaplan hacia Adelaide University),"CAMBIO DE MARCA + HOST MUERTO: el subdominio exacto de la ficha (www.) NO RESUELVE en DNS publico · el apex redirige a un dominio distinto y la institucion ya se llama ""Kaplan International College Adelaide"" · la universidad destino ahora se presenta como ""Adelaide University"" (fusion con UniSA) · ficha sin ciudad, sin category, puede_vender VACIO"
16,inservible,el dominio es de otra institución,EP English Path / GBS Group,si,englishpath.com,"English Path (EP), part of the GEDU group",parcial,https://www.englishpath.com/courses/,~15-20,"General English (+ frances, aleman, arabe), examenes, Business English, young learners, Pathway, certificados profesionales, CELTA, Work & Study",institucion (cadena propia dentro del grupo GEDU),"CIUDADES MAL: la ficha dice Londres/Manchester/Birmingham/Leeds y el sitio NO lista Manchester · si lista 11 campus en 9 paises (Londres, Birmingham, Leeds, Dublin, Malta, Paris, Berlin, Toronto, Dubai, Riad, Brisbane) · el nombre de la ficha mezcla dos marcas (EP y GBS) y GBS no aparece en este dominio · ""Todos los programas"" es enganoso: los degrees viven en GEDU Global, otro dominio"
16,corregir,dominio obsoleto,Insenia,redirige,insenia.org 301 -> insenia.es,Insenia Design School Madrid,parcial,"https://www.insenia.es/ (listado por secciones, no hay indice unico)",~10-15,"Masteres profesionales (homologados por UDIMA), cursos profesionales 12 meses, cursos cortos",institucion (escuela vocacional de diseno de interiores),"tipo_adivinado ""pregrado"" y puede_vender ""Pregrado & Postgrado / Todos los programas"" NO CORRESPONDEN: no otorga pregrado, solo masteres profesionales y cursos de interiorismo/arquitectura de interiores · el dominio de la ficha (.org) redirige a .es · catalogo sin pagina indice, hay que recorrer URLs sueltas"
16,observacion,"ciudad de la ficha VACIA: esta en Brisbane QLD (Level 5, 119 Charlotte St) · category y puede_vender VACIOS para un RTO ",Mastery Institute Australia (MIA),si,mastery.edu.au (www 301 -> apex),QIHE Pty Ltd T/A Mastery Institute Australia · RTO 40813,si,"https://mastery.edu.au/ (menu ""Our Course"", sin indice unico)",~5-6,"Certificate III (Early Childhood), Diploma (Remedial Massage), certificaciones de primeros auxilios HLTAID011/012, CPE, VET Student Loans",institucion (RTO),"ciudad de la ficha VACIA: esta en Brisbane QLD (Level 5, 119 Charlotte St) · category y puede_vender VACIOS para un RTO vocacional · catalogo fragmentado: los short courses viven en una plataforma externa, no hay pagina unica que los liste"
16,observacion,"el dominio es el de la RED MUNDIAL, no el de la sede de Madrid · la ficha dice Spain/Madrid pero el dominio raiz mezcla ",Le Cordon Bleu,si,cordonbleu.edu,Le Cordon Bleu International B.V.,si (marca) / parcial (sede),https://www.cordonbleu.edu/programmes/es y campus Madrid en https://www.cordonbleu.edu/madrid/inicio/es,~30+ campus a nivel red · ~7-8 programas en Madrid,"Diplomas profesionales (Grand Diplome, Cocina, Pasteleria, Cocina Espanola, Plant-Based), Grado de Gastronomia (con Univ. Francisco de Vitoria), Bachelor/Master en hospitality, cursos cortos",red (institucion global con 30+ campus),"el dominio es el de la RED MUNDIAL, no el de la sede de Madrid · la ficha dice Spain/Madrid pero el dominio raiz mezcla programas de 30+ paises · para extraer hay que fijarse en /madrid/ o la extraccion traera catalogo global · el Grado de Gastronomia lo titula la Universidad Francisco de Vitoria, no LCB"
16,observacion,"ficha sin ciudad (es Melbourne/Bundoora), sin category y con puede_vender VACIO para un college con ~25 programas · part",La Trobe College Australia,si,latrobecollegeaustralia.edu.au,"La Trobe College Australia (Navitas Bundoora Pty Ltd, ABN 92 143 736 789)",si,https://www.latrobecollegeaustralia.edu.au/study-options/,~25,"Foundation Studies (2), Ingles (3), Undergraduate Certificates (6), Diplomas (9)",institucion (pathway college operado por Navitas),"ficha sin ciudad (es Melbourne/Bundoora), sin category y con puede_vender VACIO para un college con ~25 programas · partner_group deberia decir Navitas (mismo grupo que aparecio en el lote 09 con Waikato y Swansea)"
16,revisar_a_mano,el sitio bloquea acceso automatizado,Scuola Leonardo Da Vinci,bloquea,scuolaleonardo.com,Scuola Leonardo da Vinci - Italian language school,si,https://www.scuolaleonardo.com/Italian-language-general-courses.html (+ /academic-courses-in-italy.html),~15-20 tipos de curso,"Italiano general, larga duracion, examenes (CILS/CELI), senior, individual, arte y moda, preparacion universitaria e IMAT (medicina)",institucion (4-5 escuelas propias),"403 sin UA de navegador, 200 con UA de Chrome (NO esta muerto) · CIUDADES INCOMPLETAS: la ficha dice Milan/Roma/Florencia y el sitio tambien opera TURIN y VIAREGGIO · puede_vender solo ""Idiomas"" pero tambien vende preparacion a universidad italiana e IMAT y cursos de arte/moda · catalogo en URLs .html sueltas, sin indice unico"
16,inservible,el dominio es de otra institución,The Language Gallery - TLG,si,thelanguagegallery.com,The Language Gallery (TLG),parcial,https://www.thelanguagegallery.com/business-courses/,2,Certificate of Higher Education (L4) y Diploma of Higher Education in Business Management (L5),institucion (marca del grupo GUS),"DOS ERRORES GRAVES: (1) PAIS FALSO - la ficha dice Canada / Toronto y Vancouver y el sitio NO menciona Canada en ningun lado; opera solo en UK (Londres, Birmingham, Nottingham) · (2) YA NO VENDE IDIOMAS - la seccion /language-courses/ redirige al contenido de negocios y el sitio dice textualmente que solo se puede elegir entre los DOS cursos de business · la ficha la marca ""Idiomas"" x2 · GUS solo aparece en la ruta de un asset del footer, nunca por escrito"
17,observacion,"Ciudad de la ficha mal: los campus son New Westminster y Coquitlam (Metro Vancouver), no Vancouver ciudad",Douglas College,si,douglascollege.ca,Douglas College,si,https://www.douglascollege.ca/programs-and-courses,100+,"Cert, Post-Degree Cert, Dip, Post-Bacc Dip, Associate, Bachelor, Grad Dip",institucion,"Ciudad de la ficha mal: los campus son New Westminster y Coquitlam (Metro Vancouver), no Vancouver ciudad"
17,ok,-,Victoria University,si,vu.edu.au,"Victoria University (TEQSA PRV12152, CRICOS 00124K, RTO 3113)",si,https://www.vu.edu.au/study-at-vu/courses/browse-study-areas/all-courses-a-to-z,~400,"TAFE/vocacional, pregrado, postgrado, Master by Research, PhD",institucion,-
17,observacion,"El pathway con Oxford International SI existe (cpage.sfsu.edu/pathway) pero es SOLO ""International Year One"" (pregrado).",San Francisco State University,si,sfsu.edu,San Francisco State University (SF State),si,https://bulletin.sfsu.edu/programs,76 bachelor + 63 master + 57 cert + 16 credential,"Pregrado, postgrado, doctorado",institucion,"El pathway con Oxford International SI existe (cpage.sfsu.edu/pathway) pero es SOLO ""International Year One"" (pregrado). No hay Foundation ni Pre-master: `puede_vender` ""Foundation & Pre master"" es incorrecto"
17,inservible,no es una institución (red),Victorian Government Schools,bloquea,"study.vic.gov.au (DNS ok -> doet-web.matrix.squiz.cloud, 2.58.104.10/.11)",?,?,?,?,?,red,"Cloudflare ""Just a moment..."" devuelve 403 incluso con UA de Chrome; NO es dominio muerto (DNS resuelve contra 8.8.8.8). Es el International Student Program del Dept. of Education de Victoria: paraguas de ~350 colegios publicos, no una institucion. Ficha sin category ni puede_vender"
17,observacion,Convenio INTO vigente: /study/international enlaza a INTO UEA. Pero el catalogo de pathway (Foundation/Year 1/Pre-master,University of East Anglia,si,uea.ac.uk,University of East Anglia (UEA),si,https://www.uea.ac.uk/search/courses,~500,"Pregrado, postgrado, PhD, CPD y cursos cortos",institucion,Convenio INTO vigente: /study/international enlaza a INTO UEA. Pero el catalogo de pathway (Foundation/Year 1/Pre-master) NO vive en uea.ac.uk sino en el dominio de INTO; extraer pathway desde aqui no funciona
17,observacion,"`puede_vender` marca ""Idiomas"" pero solo hay English for Academic Purposes como apoyo/pathway, no ELICOS general -> inco",Kaplan Business School - KBS,si,kbs.edu.au,Kaplan Business School Pty Ltd (ABN 86 098 181 947),si,https://www.kbs.edu.au/courses,~30,"Diploma, Bachelor, Grad Cert, Grad Dip, Master (MBA)",institucion,"`puede_vender` marca ""Idiomas"" pero solo hay English for Academic Purposes como apoyo/pathway, no ELICOS general -> inconsistente. `tipo_adivinado` ""vacacional"" tambien incorrecto (es higher education)"
17,observacion,"Ciudad real Thunder Bay, Ontario (la ficha solo dice ""Ontario""); ademas campus regionales en Dryden, Geraldton, Red Lake",Confederation College of Applied Arts and Tech,si,confederationcollege.ca,Confederation College,si,https://www.confederationcollege.ca/programs-courses/search,60+ full time (11 areas),"Cert, Dip, Adv Dip, Grad Cert, apprenticeships",institucion,"Ciudad real Thunder Bay, Ontario (la ficha solo dice ""Ontario""); ademas campus regionales en Dryden, Geraldton, Red Lake, Sioux Lookout, Kenora, Marathon, Fort Frances"
17,corregir,"apunta al dominio del grupo, no al propio",Ikon Institute of Australia,si,ikon.edu.au,"Ikon Institute of Australia (ABN 95 112 989 581, TEQSA PRV14055, CRICOS 03581E)",si,https://ikon.edu.au/courses/,~20,"Diploma, Bachelor, Grad Cert, Grad Dip, Master",institucion,"`partner_group` dice ""ALG - Australian Learning Group"" pero el sitio declara propiedad de EDU Holdings Limited (ALG aparece solo como marca hermana en la libguide). Verificar el partner_group"
17,inservible,no es una institución (red),ILSC,si,ilsc.com,ILSC Education Group Inc.,parcial,https://www.ilsc.com/es/language-schools/programs,?,"Idiomas (EN/FR/HI), prep de examenes, CELTA, pathway, junior, diplomas via Greystone",red,"Dominio de GRUPO paraguas: 5 paises (Canada, Australia, Irlanda, India, USA/ELS) + Greystone College. La ficha dice ""Canada"" pero el sitio no separa por pais; catalogo no enumerable directo, hay que filtrar por escuela/ciudad. Riesgo de duplicado con fichas de Greystone si existen en otros lotes"
17,observacion,"La ficha dice Hobart; el sitio opera Melbourne (Abbotsford, Broadmeadows) ADEMAS de Tasmania (Hobart, Huonville). Logos ",Australian Sovereign College,si,ausc.edu.au,Australian Sovereign College,si,https://ausc.edu.au/courses,9,Certificate III hasta Advanced Diploma y Graduate Diploma,institucion,"La ficha dice Hobart; el sitio opera Melbourne (Abbotsford, Broadmeadows) ADEMAS de Tasmania (Hobart, Huonville). Logos de partners (UTAS, Max Therapy Institute, Ruby Institute) sin relacion de propiedad declarada"
17,observacion,Campo `sitio` sin protocolo (www.tredcollege.edu.au) - normalizar. Ficha sin ciudad ni category: campus reales Sydney (N,TrEd College,si,tredcollege.edu.au,TrEd College,si,https://www.tredcollege.edu.au/courses/,~10,"General English + Diplomas (Nursing, Early Childhood)",institucion,"Campo `sitio` sin protocolo (www.tredcollege.edu.au) - normalizar. Ficha sin ciudad ni category: campus reales Sydney (NSW), Canberra (ACT), Adelaide (SA). Ofrece ingles ademas de vocacional, `puede_vender` esta vacio"
17,corregir,nombre distinto al real,Sarina Russo,si,sarinarusso.com.au,"The Sarina Russo Group - Employment, Education & Training",parcial,https://sarinarusso.com.au/training-education/vocational-training/find-a-course/,?,"Ingles general/academico, VET, higher education",grupo,"DOMINIO DE GRUPO, no de la escuela: SRG es sobre todo servicios de empleo. Las entidades educativas son Sarina Russo Institute (SRI) y Russo Business School, y el sitio ademas hospeda a James Cook University Brisbane. WebFetch da 403; con UA de Chrome responde 200 (no esta caido). Ficha sin category"
17,inservible,duplicado de otra ficha,BLI,si,bli.ca,BLI - BLI Canada (escuela de idiomas),parcial,https://bli.ca/es/programas-de-idiomas/,~15,"Idiomas EN/FR, preparacion de examenes, business, camps, pathway",institucion,"`puede_vender` trae ""Idiomas"" duplicado dos veces. Sedes reales Montreal y Quebec City (Canada) + Ciudad de Mexico; la ficha marca ""Montreal, Quebec"" como una sola ciudad"
17,observacion,"`puede_vender` incluye ""Idiomas"" y el sitio NO ofrece cursos de ingles -> inconsistente. Oferta muy chica (3 areas) y de",Unity College Australia,si,unity.edu.au,Unity College Australia,si,https://unity.edu.au/courses/,3 areas,"Cert/Diploma en Business Management, Leadership in Early Childhood Education, Christian Ministry & Theology",institucion,"`puede_vender` incluye ""Idiomas"" y el sitio NO ofrece cursos de ingles -> inconsistente. Oferta muy chica (3 areas) y de perfil cristiano/ministerial; un solo campus (Belconnen, ACT) + ""partner campuses"" sin detalle. ""Todos los programas"" sobredimensiona lo que hay"
17,ok,-,De Montfort University,si,dmu.ac.uk,De Montfort University,si,https://www.dmu.ac.uk/Study/Courses/Courses.aspx,~300,"Pregrado, postgrado, Foundation, distance learning, apprenticeships",institucion,-
17,corregir,nombre distinto al real,ICMP ( The institute),si,icmp.ac.uk,"The Institute of Contemporary Music Performance (ICMP Management Ltd, reg. 04780788)",parcial,https://www.icmp.ac.uk/study-at-icmp/find-a-course,20+,"Cursos cortos, Cert HE, BA (3 anos), MA",institucion,"Nombre de la ficha truncado/ambiguo (""ICMP ( The institute)""). La ficha dice Londres pero opera tambien Liverpool, Leeds y Glasgow. Pertenece a AD Education UK (grupo), aunque el dominio si es de la escuela. `puede_vender` ""Todos los programas"" en una escuela solo de musica"
18,corregir,nombre distinto al real,Taylors College Sydney,si,www.taylorssydney.edu.au,Navitas Australia Pty Limited (CRICOS 01682E) trading as Taylors College,parcial,https://www.taylorssydney.edu.au/programs/,2,Foundation / preparacion pre-universitaria,institucion (pathway college de Navitas),"el sitio NUNCA se llama ""Taylors College Sydney"": dice ""Taylors College"" operado por Navitas · SOLO 2 programas (University of Sydney Foundation Program + High Achievers Preparation Program), ambos pathway exclusivo a University of Sydney · NO hay ELICOS ni high school · tipo_adivinado ""curso_corto"" es incorrecto · category null, ciudad null y puede_vender VACIO"
18,inservible,el dominio es de otra institución,University of Massachusetts Amherst,si,www.umass.intostudy.com es el dominio de INTO · el propio de la universidad es umass.edu,"INTO University Partnerships Ltd and IUP 2 LLP (la universidad se nombra ""University of Massachusetts Amherst"")",no,https://www.umass.intostudy.com/en/degrees,"16+ graduate, agrupados en 4 colleges","Solo graduate direct entry (Engineering, Isenberg, Natural Sciences, Social & Behavioral Sciences)",red / grupo paraguas (pathway provider),"FICHA FANTASMA: el dominio es del holding INTO, no de UMass · ADEMAS los links internos de /degrees y /search apuntan a umass.intoglobal.dev — dominio de STAGING: un scraper que siga links SALE del sitio de produccion · tipo_adivinado dice ""pregrado"" pero aqui solo hay graduate · puede_vender trae ""Graduate Degrees"" DUPLICADO"
18,corregir,dominio obsoleto,Chisholm Institute,redirige,"chisholm.edu.au -> https://www.chisholm.edu.au/ (301, agrega www)","Chisholm Institute, se presenta comercialmente como ""Chisholm TAFE"" (RTO 0260 · CRICOS 00881F · TEQSA PRV12123)",si,https://www.chisholm.edu.au/courses,~20 areas / cientos de cursos,"Cert I-IV, Diploma, Adv Diploma, BACHELOR (via Higher Education College), aprendizajes y cursos cortos",institucion,"ficha con category null, ciudad null y puede_vender VACIO para un TAFE que llega hasta bachelor y posgrado · tipo_adivinado ""curso_corto"" es incorrecto · el catalogo se navega por facetas/career-fields, no es una lista plana"
18,corregir,nombre distinto al real,Kangan Institute,si,www.kangan.edu.au,Bendigo Kangan Institute ABN 74 802 942 886 trading as Kangan Institute (RTO 3077 · CRICOS 01218G),parcial,https://www.kangan.edu.au/courses,~10 departamentos,"Cert III/IV, Diploma, Adv Diploma (VET puro) · SIN bachelor",institucion (marca comercial de Bendigo Kangan Institute),"puede_vender dice ""Todos los programas"" pero NO otorga ningun grado: solo VET · la entidad legal real es Bendigo Kangan Institute, no ""Kangan Institute"" · tipo_adivinado ""curso_corto"""
18,corregir,nombre distinto al real,TAI - Centro universitario de Artes,si,taiarts.com,Escuela Universitaria de Artes TAI (Madrid) · centro adscrito a la Universidad Rey Juan Carlos (URJC),parcial,https://taiarts.com/estudios/,~30 (6 grados + 20+ masteres + diplomaturas),"Grado universitario (via URJC), Master, Diplomatura propia",institucion (centro universitario adscrito),"puede_vender dice ""Vocacionales (cert, Dip, Adv Dip)"" — categorias del sistema AUSTRALIANO aplicadas a un centro universitario espanol que otorga GRADOS via URJC · category ""College Privado"" y tipo_adivinado ""curso_corto"" tambien erroneos · typo ""cert"" en minuscula"
18,inservible,el dominio es de otra institución,Southern Illinois Universiy,si,www.siu.intostudy.com es el dominio de INTO · el propio de la universidad es siu.edu,"INTO University Partnerships Ltd and IUP 2 LLP (la universidad se nombra ""Southern Illinois University"")",no,https://www.siu.intostudy.com/en/degrees,"""150+ undergraduate y 70+ graduate"" segun el sitio","Undergraduate, Master, Doctoral",red / grupo paraguas (pathway provider),"FICHA FANTASMA: el dominio es del holding INTO, no de SIU · TYPO en el nombre de la ficha (""Universiy"") · los links internos apuntan a siu.intoglobal.dev (STAGING), igual que UMass · el catalogo es un BUSCADOR con facetas (facet-StudyLevel), no lista enumerable · los 150+/70+ son de SIU ENTERA, no lo vendible via el pathway INTO"
18,inservible,dominio muerto,Institut Europeen de Francais,no,institut-europeen.es NO EXISTE (NXDOMAIN en 8.8.8.8 y 1.1.1.1) · el dominio real institut-europeen.com redirige 301 a https://lsf-france.com/,"KLF Montpellier (LSF) · ""IEF"" solo sobrevive en PDFs internos (KLF-2023-LSF-IEF-INTERNAL-RULES.pdf)",no,https://lsf-france.com/french-courses/,~10-15,"Idiomas (frances) general/intensivo, university pathway, business, formacion de docentes, Bildungsurlaub",institucion (absorbida por LSF/KLF),"DOMINIO MUERTO + MARCA ABSORBIDA: el TLD .es es imposible para una escuela en Montpellier (contaminacion o typo de .com) · la marca ""Institut Europeen de Francais"" YA NO opera con sitio propio, quedo dentro de LSF/KLF Montpellier · CORREGIR sitio a https://lsf-france.com/"
18,corregir,nombre distinto al real,English Language Centre ELC,si,elc.edu,English Language Center (ELC),parcial,https://elc.edu/english-courses/,2 familias de programa · 12 niveles de ingles,SOLO idiomas (ingles): Adult Summer Campus + Summer Junior,institucion,"puede_vender ""Todos los programas"" es FALSO: no hay ni un grado ni un vocacional, solo cursos de ingles · la ficha dice ciudad ""California"" pero opera Los Angeles (UCLA) + Santa Barbara (UCSB) + BOSTON (Massachusetts) · el sitio escribe ""Center"" (US), la ficha ""Centre"" · la oferta visible es fuertemente ESTACIONAL (todo rotulado ""Summer""), ojo al extraer fuera de temporada"
18,observacion,"aparecen referencias a ""Green Education Group"" en los portales de curso — posible grupo propietario que la ficha NO regi",Shafston International College,si,"shafston.edu (http -> https, mismo host)",Shafston International College,si,https://shafston.edu/course/,~15-20,"ELICOS (General English, Cambridge, IELTS), Cert III/IV, Diploma, Adv Diploma, junior / high school prep",institucion,"aparecen referencias a ""Green Education Group"" en los portales de curso — posible grupo propietario que la ficha NO registra (partner_group null) · category null, ciudad null y puede_vender VACIO pese a tener idiomas + vocacionales + junior · opera Brisbane, Gold Coast y Sydney"
18,corregir,dominio obsoleto,Global College Australasia,redirige,"la ficha guarda ""www.globalcollege.edu.au"" SIN esquema · resuelve a https://globalcollege.edu.au/ (cae el www)",Global College Australasia (RTO 45088 · CRICOS 03564F),si,"NO tiene pagina unica de catalogo · menu ""Programs"" en https://globalcollege.edu.au/",~12,"Cert III/IV, Diploma, Adv Diploma, Post-Graduate (VET), ELICOS",institucion,el campo `sitio` viene SIN protocolo (http/https) — rompe cualquier fetcher que no lo normalice · esta en Perth WA (2 campus en East Perth) y la ficha tiene ciudad null · category null y puede_vender VACIO · catalogo NO enumerable: solo paginas sueltas por programa colgadas del menu
18,inservible,duplicado de otra ficha,BWS - Germanlingua,si,"www.bws-germanlingua.de (http -> https, mismo host)",BWS Germanlingua · Sprachschule / Language School,si,"NO hay pagina unica · una por ciudad: /language-school-munich/, /language-school-berlin/, /language-school-cologne/",?,Idiomas (aleman) + preparacion universitaria + formacion vocacional,institucion,"CATALOGO NO ENUMERABLE desde un solo sitio: la oferta esta partida en 3 paginas por ciudad (Munich, Berlin, Colonia) — la extraccion debe recorrer las 3 o traera un tercio · puede_vender trae ""Idiomas"" DUPLICADO"
18,inservible,duplicado de otra ficha,Universal English,si,"www.universalenglish.edu.au (http -> https, mismo host)",Universal English Pty Ltd (CRICOS 03750D · ABN 79 622 109 200),si,https://www.universalenglish.edu.au/courses,~9-10,"Idiomas (General English, ACE, EAP/IELTS, Cambridge FCE/CAE), junior camps, 1 vocacional (Master Barista), pathway",institucion,"partner_group DESACTUALIZADO: la ficha dice ""Universal Learning Group"" pero desde julio 2024 pertenece al OXFORD INTERNATIONAL EDUCATION GROUP · puede_vender trae ""Idiomas"" DUPLICADO y omite el vocacional y los junior camps · el grupo tambien opera Universal Higher Education (bachelors en IT y Film), entidad DISTINTA que no debe mezclarse en esta ficha"
18,inservible,dominio muerto,SERO Institute,no,"seroinstitute.com NO RESUELVE (SERVFAIL en 8.8.8.8 y en 1.1.1.1 · delegacion DNS rota, ni siquiera devuelve NS) · el real es seroinstitute.com.au (200)",Brisbane Career College Pty Ltd T/A Sero Institute (RTO 32303 · ABN 96 143 846 093),si,https://seroinstitute.com.au/courses/,~30+,"Cert I-IV, Diploma, Adv Diploma (VET) · sin idiomas ni grados",institucion,"DOMINIO EQUIVOCADO: le falta el `.au`, y ademas viene SIN protocolo · CORREGIR sitio a https://seroinstitute.com.au/ · category null, ciudad null y puede_vender VACIO para un RTO con 30+ cualificaciones · opera Brisbane, Gold Coast y Perth"
18,inservible,el dominio es de otra institución,Loyola University New Orleans,si,www.loyno.edu,Loyola University New Orleans,si,https://www.loyno.edu/academics/programs-degrees,60+ majors y minors,"Bachelor, Master, Doctoral y Derecho (JD)",institucion,"partner_group ""Wellspring"" NO aparece en ningun lado del sitio oficial — no verificable desde el dominio, confirmarlo por contrato · puede_vender repite lo MISMO dos veces con distinta redaccion (""Pregrado & Postgrado"" / ""Pregrado + Posgrado"")"
18,revisar_a_mano,catálogo no enumerable,Canberra Business And Technology College,si,cbtc.edu.au,Canberra Business and Technology College (CBTC),si,https://cbtc.edu.au/Home.html (home internacional) · NO publica pagina de catalogo,"? (la home muestra solo 3 cursos de ejemplo: HR Management, Business Studies, Commercial Cookery)","Certificate -> Diploma -> Advanced Diploma (declarado, sin listado)",institucion,"la RAIZ cbtc.edu.au es solo un SPLASH de 3 KB con 2 botones (Domestic -> domestic.cbtc.edu.au · International -> /Home.html): un fetcher que lea la raiz NO ve absolutamente nada del college · sitio SIN HTTPS (sirve por http y no redirige; TLS ausente) · NO publica numeros RTO/CRICOS visibles ni lista de cursos · puede_vender ""Todos los programas"" NO verificable desde el sitio"
18,inservible,el dominio es de otra institución,Wilfrid Laurier University,si,wlu.ca,Wilfrid Laurier University,si,https://www.wlu.ca/programs/index.html,100+ programas de grado + opciones y minors,"Bachelor, Master, PhD, certificados y diplomas de posgrado",institucion,"puede_vender promete ""Idiomas"" y ""Foundation & Pre master"" que NO aparecen en el buscador de programas del sitio — verificar antes de vender pathway · la ficha lista campus ""Toronto, Brantford, Waterloo"" pero el sitio nombra Waterloo, Brantford, Milton, Kitchener y Toronto (este ULTIMO solo MBA) · tipo_adivinado ""vacacional"" para una universidad completa · el catalogo es un BUSCADOR dinamico con filtros, no lista plana"
19,observacion,"RTO 40520 / CRICOS 03251A · puede_vender dice solo ""Vocacionales"" pero mas de la mitad del catalogo es ELICOS: falta ""Id",Cairns College of English & Business - CCEB,si,cceb.qld.edu.au,Cairns College of English and Business,si,https://cceb.qld.edu.au/courses/,~25-30,"ELICOS (General, Academic, IELTS, Cambridge) + VET Cert III a Advanced Diploma",institucion,"RTO 40520 / CRICOS 03251A · puede_vender dice solo ""Vocacionales"" pero mas de la mitad del catalogo es ELICOS: falta ""Idiomas"" en la ficha"
19,inservible,el dominio es de otra institución,John Paul College,si,www.jpic.com.au,John Paul International College (JPIC),parcial,? (SharePoint con navegacion por JS · sin pagina de programas enumerable en el HTML),pocos · ingles intensivo para primaria y secundaria + study tours,Idiomas / ELICOS para escolares,institucion (brazo internacional de John Paul College),"FICHA FANTASMA PARCIAL: el dominio NO es el del colegio. John Paul College vive en jpc.qld.edu.au (responde 200); jpic.com.au es el John Paul INTERNATIONAL College, su brazo ELICOS · catalogo NO enumerable (SharePoint, nav por JS, /Pages/Programs.aspx da 404) · ficha con ciudad null, category null y puede_vender vacio"
19,corregir,nombre distinto al real,Lancaster University,si,www.lancasterleipzig.de,"Lancaster University Leipzig · branch campus de Lancaster University (UK), operado por Navitas",parcial,https://www.lancasterleipzig.de/study/undergraduate/courses/ y /study/postgraduate/courses/,~15,"Foundation, Pre-Master's, Bachelor, Master",institucion (campus operado por Navitas),"la ficha dice ""Lancaster University"" a secas: esto NO es lancaster.ac.uk sino el campus de Leipzig, con catalogo propio y mucho mas pequeño · ""Todos los programas"" es falso (no hay PhD ni idiomas) · riesgo de que la extraccion venda programas de la UK que aqui no existen"
19,revisar_a_mano,catálogo no enumerable,Massey University,si,www.massey.ac.nz,Te Kunenga ki Purehuroa - Massey University,si,https://www.massey.ac.nz/study/find-a-subject-course-or-qualification/,~170 qualifications / 2.700+ cursos,"Pregrado, postgrado, doctorado, online",institucion,"catalogo detras de BUSCADOR dinamico, no lista plana enumerable · ficha con typo en ciudad (""Palmestorn North"" = Palmerston North) y el sitio lista Auckland, Wellington y Manawatu"
19,corregir,dominio obsoleto,EQUALS International (Aust),redirige,equals.edu.au (cae el www),EQUALS International (Aust) Pty Ltd,si,https://equals.edu.au/courses/,40+,VET (Cert a Diploma) + Higher Ed hasta Master of Social Work,institucion (RTO 3492 · TEQSA PRV14279 · CRICOS 02804C),"ficha con category null y puede_vender VACIO pese a tener 40+ cursos, CRICOS activo y admision internacional abierta: hay que llenarla"
19,inservible,dominio muerto,MTA Institute,no,- (mtai-international.edu.au sin registro A ni AAAA),?,?,?,?,?,?,"DOMINIO SIN WEB: mtai-international.edu.au tiene SOA/NS en netregistry pero CERO registros A/AAAA en 8.8.8.8 y en 1.1.1.1 · www.mtai-international.edu.au = NXDOMAIN · el candidato natural mtainstitute.edu.au tampoco tiene A · mtainstitute.com.au responde 522 (origen caido detras de Cloudflare) · OJO: mta.edu.au NO es esta institucion, es ""Marine Training Academy"" (RTO 30683, nautica) · hoy no hay ninguna via de extraccion para esta ficha"
19,corregir,nombre distinto al real,Menzies Institute of Technology,si,menzies.vic.edu.au,"logo y footer dicen ""Menzies College of Nursing & Health Pty Ltd""; el cuerpo del texto todavia dice ""Menzies Institute of Technology""",parcial,https://menzies.vic.edu.au/courses/,~15,"Cert III/IV y Diploma (automotriz, enfermeria, dental, aged care, community services) + curso de preparacion OBA",institucion,"REBRANDING en curso: el nombre legal visible ya es ""Menzies College of Nursing & Health"" · el sitio NO publica RTO ni CRICOS en ninguna parte (verificar en ASQA antes de vender a internacionales) · puede_vender dice ""Todos los programas"" pero no hay grados ni idiomas"
19,corregir,"apunta al dominio del grupo, no al propio",Langue Onze,redirige,langueonze.com (cae el www y el ?lang=es),KLF TOULOUSE - LANGUE ONZE,parcial,https://langueonze.com/nos-cours-de-francais/,~15,"Solo idiomas · frances A1-C2, adultos y adolescentes",institucion (escuela del grupo Keep Learning French),"el sitio ya opera bajo la marca del grupo KLF, coherente con partner_group · ficha correcta en lo demas"
19,inservible,el dominio es de otra institución,The university of Manchester,si,www.manchester.ac.uk,The University of Manchester,si,https://www.manchester.ac.uk/study/undergraduate/courses/ · /study/masters/courses/ · /study/postgraduate-research/programmes/,?,"Pregrado, master y doctorado",institucion,"catalogo es BUSCADOR dinamico por nivel y año de entrada, no lista plana · puede_vender incluye ""Pathway"" pero el sitio de la universidad NO menciona INTO: el pathway vive en INTO Manchester, dominio aparte (intostudy.com) · typo ""university"" en minuscula en la ficha"
19,corregir,nombre distinto al real,Manhattan College,si,manhattan.edu,Manhattan University,no,https://manhattan.edu/academics/programs,300+,"Pregrado, postgrado, certificados, programas de 5 años",institucion,"CAMBIO DE NOMBRE: hoy el sitio se llama ""Manhattan University""; ""Manhattan College"" solo sobrevive en la direccion (""Manhattan College Parkway"") · ficha desactualizada · ademas el campus esta en Riverdale (Bronx), a ~30 min de midtown: la ciudad ""Nueva York"" de la ficha puede inducir a error al estudiante"
19,inservible,el dominio es de otra institución,YMCA,redirige,ymca.ca -> ymca.ca/en/,YMCA Canada · national office of the Canadian YMCA Federation,no,- (no existe pagina de programas),0,ninguno,red / federacion de ONG · NO es institucion educativa,"FICHA FANTASMA: ymca.ca dice textualmente que NO ofrece programas ni servicios al publico, solo apoya a las asociaciones locales · no hay cursos de idiomas ni academicos · verificado tambien ymcaquebec.org (el YMCA de Montreal, la ciudad de la ficha): solo gimnasio, campamentos y certificaciones deportivas, SIN escuela de idiomas · category ""College Privado"" y puede_vender ""Idiomas / Todos los programas"" no tienen ningun respaldo · candidata a eliminar del catalogo"
19,inservible,dominio muerto,Australian Technical And Management College (ATMC),no,vet.atmc.edu.au = NXDOMAIN · el vivo es atmc.edu.au,Australian Technical and Management College,si (en el dominio corregido),https://atmc.edu.au/courses,"~2 visibles (Diploma of IT, Diploma of Business) + pathways con Federation University",Diploma VET + pathway a grado,institucion,SUBDOMINIO DE LA FICHA MUERTO: vet.atmc.edu.au da NXDOMAIN en 8.8.8.8 (el apex atmc.edu.au resuelve a 154.210.160.237 y responde 200) · CORREGIR sitio a https://atmc.edu.au · campus West Melbourne · sin CRICOS/RTO visibles en home · ficha con category null y puede_vender vacio
19,inservible,el dominio es de otra institución,TAFE Western Australia,si,www.tafeinternational.wa.edu.au,TAFE International Western Australia (TIWA) · CRICOS 00020G · RTO 52395 · bajo el Department of Education WA (CRICOS 01723A),parcial,https://www.tafeinternational.wa.edu.au/tafe-courses/catalogue,12 areas de estudio con decenas de cursos,"Idiomas (ELICOS), Certificados, Diplomas, pathways diploma+bachelor",agencia gubernamental de admision internacional (no dicta clases: matricula para los colleges TAFE de WA),"NO es una institucion sino la oficina que comercializa y matricula internacionales para la red TAFE WA (Albany, Broome, Bunbury, East Perth, Fremantle, Geraldton, Joondalup, Kalgoorlie, Kwinana...) · lo que se extraiga de aqui son cursos de MUCHOS colleges distintos, no de uno · puede_vender incluye ""High School"" y eso NO aparece en el catalogo"
19,inservible,duplicado de otra ficha,Cork English Academy,si,www.corkenglishacademy.com,Cork English Academy,si,https://www.corkenglishacademy.com/courses,~4 tipos,"Solo idiomas · General English A1-C2, Work & Study 25 semanas, IELTS Academic, Renewal",institucion,"acreditada ACELS y miembro de MEI · puede_vender trae ""Idiomas"" DUPLICADO · catalogo pequeño y enumerable, sin problemas"
19,revisar_a_mano,catálogo no enumerable,Central Queensland University (CQU),si,www.cqu.edu.au,CQUniversity Australia · nombre comercial de Central Queensland University,si,https://www.cqu.edu.au/courses,200+,"TAFE (certificados y diplomas), pregrado, postgrado e investigacion",institucion (dual sector),"catalogo es BUSCADOR dinamico por area de estudio, no lista plana · 20+ sedes (QLD + Sydney, Melbourne, Adelaide) y la ficha tiene ciudad null · ficha con category null y puede_vender VACIO pese a ser universidad dual-sector con 200+ cursos: hay que llenarla"
19,corregir,nombre distinto al real,INTO Universities,si,www.intoglobal.com,INTO University Partnerships,parcial,"- (el home corporativo no lista programas; el sitio de estudiante es intostudy.com, dominio aparte)",0 en este dominio,n/a,red / proveedor B2B (joint ventures con universidades),"el dominio de la ficha es el sitio CORPORATIVO B2B de INTO: no tiene ni un programa enumerable, solo servicios para instituciones · para extraer programas hay que ir a intostudy.com · declara 2.500+ partners y estudiantes de 188 paises · el grupo incluye Kings Education y NILE · category ""Proveedor"" es correcta pero puede_vender ""Todos los programas"" es inextraible desde aqui"
20,revisar_a_mano,catálogo no enumerable,Box Hill Institute,si,www.boxhill.edu.au,Box Hill Institute (est. 1924 · opera tambien como BHTAFE),si,no hay lista unica: /study-areas/* (~12 areas) + /courses/undergraduate/ + /courses/short-courses/ + /courses/apprenticeships/ + /courses/pre-apprenticeships/ + /international-students/international-courses/,?,"Certificado, Diploma, Advanced Diploma, Bachelor (undergraduate), aprendizajes y pre-aprendizajes, cursos cortos, VCE/VDSS, AMEP (ingles)",institucion,"CATALOGO NO ENUMERABLE: el sitio es JS-rendered y /courses/, /courses-and-study/, /course-search/ y /sitemap.xml dan 404 — la extraccion tiene que recorrer las ~12 rutas /study-areas/*. Ademas la ficha tiene tipo_adivinado=""curso_corto"", category=null y puede_vender=[] vacio para una institucion que otorga hasta bachelor: dato incompleto en origen."
20,revisar_a_mano,catálogo no enumerable,Colorado Mesa University,si,www.coloradomesa.edu,Colorado Mesa University,si,https://www.coloradomesa.edu/academics/program-search.html,255 (cifra del propio sitio),"Associate, Bachelor, Master, certificados, non-credit",institucion,"`puede_vender` repite ""Pregrado"" dos veces (ruido). La universidad tambien tiene associate y master; si la restriccion a pregrado es del acuerdo con EAG, confirmarlo, porque extraer de aqui traera niveles no vendibles. El listado es un ""program-search"" (buscador con filtros), no una lista estatica."
20,observacion,"El ""(Murdoch)"" del nombre de ficha es ruido (Murdoch es el suburbio del campus principal, no un descriptor). tipo_adivin",Murdoch University (Murdoch),si,www.murdoch.edu.au,Murdoch University,si,https://www.murdoch.edu.au/study/courses,200+ (cifra del propio sitio),"Pregrado, Honours, Postgrado coursework, Research/PhD",institucion,"El ""(Murdoch)"" del nombre de ficha es ruido (Murdoch es el suburbio del campus principal, no un descriptor). tipo_adivinado=""curso_corto"" es erroneo para una universidad completa y `puede_vender` esta vacio. Tiene campus en Singapur y Dubai: verificar si el acuerdo cubre solo Perth."
20,corregir,"apunta al dominio del grupo, no al propio",Discover English,redirige,www.discoverenglish.vic.edu.au (301 desde discoverenglish.com.au y www.),Discover English (CRICOS 03262J),si,https://www.discoverenglish.vic.edu.au/courses,~10,"Idiomas: General English, EIAP (IELTS/academico), Cambridge B2 First / C1 Advanced / C2 Proficiency, English+Demi-Pair, English+Hotel Internship, English+Teaching, study tours, programa junior",institucion,"El dominio de la ficha (.com.au) ya NO es del colegio: esta en un parking ""DNS Package"" cuyo certificado TLS es de suspended.dnspackage.com y hace 301 a discoverenglish.vic.edu.au — actualizar el dato. Ademas: Discover English es college miembro de Academies Australasia, el MISMO grupo paraguas que la ficha ""Clarendon Business College"" de este lote. Banner ""We have moved!"" (nueva sede Level 7, 628 Bourke St, Melbourne)."
20,corregir,"apunta al dominio del grupo, no al propio",The University of Alabama at Birmingham,si,www.uab.edu,The University of Alabama at Birmingham (UAB),si,https://www.uab.edu/degrees/,280+ (cifra del propio sitio),"Pregrado, Postgrado, doctorados, certificados, online",institucion,"El dominio es el correcto (universidad real, no micrositio). Pero `partner_group`=INTO y los pathways de INTO NO viven en uab.edu sino en el micrositio del partner: extraer de este dominio traera el catalogo completo de UAB, mas amplio que lo realmente vendible via INTO. Nota menor: UAB pertenece al University of Alabama System (uasystem.edu), pero uab.edu es su dominio propio, no el del holding."
20,revisar_a_mano,catálogo no enumerable,BCIT,si,www.bcit.ca,British Columbia Institute of Technology (BCIT),si,https://www.bcit.ca/programs/,300+ programas + ~1.000 cursos de Flexible Learning (cifras del propio sitio),"Certificado, Associate Certificate, Diploma, Bachelor, Master, aprendizajes/trades",institucion,"El nombre de la ficha es solo la sigla; el nombre legal es British Columbia Institute of Technology. /programs/ es un hub con buscador por 6 areas de estudio, no una lista estatica — la extraccion necesita recorrer las 6 areas. `puede_vender` mezcla ""Pregrado & Postgrado"" con ""Todos los programas"" (redundante)."
20,observacion,"`puede_vender`=""Solo Postgrado"" pero EAE SI ofrece 2 grados (ADE y Marketing & Comunicacion Digital) en ambos campus — c",EAE Business School,si,www.eae.es,EAE Business School (razones sociales: EAE Institucion Superior de Formacion Universitaria S.L. · Barcelona / EAE Madrid Centro Educacion Superior S.L.U. · Madrid),si,https://www.eae.es/masters-y-posgrados,~80+,"Grado (2), Master, MBA (full-time, executive, international y especializados), Master universitario oficial. Sin doctorado",institucion,"`puede_vender`=""Solo Postgrado"" pero EAE SI ofrece 2 grados (ADE y Marketing & Comunicacion Digital) en ambos campus — confirmar si la exclusion de pregrado es deliberada del acuerdo o un error de ficha. Pertenencia a Planeta Formacion y Universidades confirmada en el sitio (coincide con partner_group). tipo_adivinado=""curso_corto"" es erroneo."
20,corregir,nombre distinto al real,Ifalpes,si,ifalpes.com,"IFALPES KLF Annecy — ""escuela de frances del grupo Keep Learning French""",parcial,https://ifalpes.com/french-courses/,~15,"Idiomas: standard, intensivo, premium/super intensivo, university pathway, preparacion de examenes, clases privadas (online y presencial), seniors, principiantes, business, grupos, campamentos junior, formacion de profesores (Erasmus+), clases nocturnas online",institucion,"La marca actual es ""IFALPES KLF Annecy"": la escuela ya opera bajo el grupo Keep Learning French (Montpellier, Lyon, Burdeos, Toulouse), pero la ficha tiene `partner_group`=null mientras la ficha hermana de este mismo lote (Newdeal Institut, la sede de Burdeos del MISMO grupo) si lo trae — dato inconsistente entre fichas de la misma red. Ademas `puede_vender`=[] vacio y `ciudad`=null para un instituto de idiomas en Annecy."
20,revisar_a_mano,catálogo no enumerable,Lambton College,si,www.lambtoncollege.ca,Lambton College,si,https://www.lambtoncollege.ca/programs/programs,? (el sitio no publica conteo),"Certificado, Diploma, Advanced Diploma, Graduate Certificate, aprendizajes, nursing",institucion,"DISCREPANCIA DE SEDES: la ficha dice ""Sarnia, Toronto, Mississauga"" pero el sitio solo declara la direccion de Sarnia (1457 London Rd) y menciona Ottawa en la seccion International; /custom/LambtonCollege/toronto/ devuelve una pagina 404. Los campus de Toronto/Mississauga eran public-private partnerships (modelo Cestar College) que Ontario esta desmontando — VERIFICAR VIGENCIA antes de vender esas sedes. El listado ademas no es estatico: obliga a elegir tipo de aplicante (Full-Time / International / Apprenticeship / Continuing Ed) antes de mostrar programas."
20,observacion,"La `ciudad` de la ficha dice ""Budeos"" — typo de Burdeos/Bordeaux, corregir. Grupo KLF confirmado en el sitio (coincide c",Newdeal Institut,si,francais.newdealinstitut.com,"Newdeal Institut — se presenta como ""KLF Bordeaux – Newdeal Institut"", escuela del grupo KLF (Keep Learning French)",si,https://francais.newdealinstitut.com/es/cursos-de-frances-en-francia/,~12,"Idiomas: estandar, intensivo, university pathway, premium intensivo, DELF/DALF, clases particulares, au pair, seniors, online, frances profesional/business, grupos, programas junior de verano",institucion,"La `ciudad` de la ficha dice ""Budeos"" — typo de Burdeos/Bordeaux, corregir. Grupo KLF confirmado en el sitio (coincide con partner_group). Es centro examinador oficial TCF, DELF, DALF y TEF. Sin observaciones criticas."
20,inservible,dominio muerto,TLA The Language Academy,no,languageacademy.com,?,?,?,?,?,?,"SITIO CAIDO POR ERROR DE SERVIDOR: HTTP 500 Internal Server Error consistente en apex, www, http->https y rutas internas, con UA de Chrome. NO es el patron Cloudflare (no hay challenge ""Just a moment"", el 500 lo emite el origen y Cloudflare lo pasa con cf-cache-status DYNAMIC) y NO es dominio muerto (DNS publico 8.8.8.8 resuelve a 104.21.93.209 / 172.67.214.121). El dominio SI es el oficial de TLA (Fort Lauderdale, 200 S Andrews Ave Suite 401, acreditada ACCET). Es una caida temporal o un sitio roto: reintentar antes de dar de baja la ficha."
20,inservible,no es una institución (agencia),Study Group,si,www.studygroup.com,Study Group Limited,si,no hay pagina de programas ni de universidades socias enumerable en el dominio corporativo,17 International Study Centres & Colleges (no programas),"Pathway/foundation, pre-master, pre-sessional English, Bellerbys (preparacion universitaria)",agencia,"NO ES UNA INSTITUCION: es un proveedor de pathways / red que co-disena programas con universidades (la ficha lo marca category=""Proveedor"", correcto). NO TIENE CATALOGO PROPIO EXTRAIBLE: sus programas viven en los micrositios de cada universidad socia, no en studygroup.com. La ficha debe tratarse como partner_group, no como institucion vendible — de hecho ya opera asi para University of Sussex, ficha de este mismo lote."
20,corregir,dominio obsoleto,University Senior College at Adelaide University,redirige,adelaide.edu.au/study/university-senior-college/ (302 desde usc.adelaide.edu.au; www.usc.adelaide.edu.au es CNAME a online-media.adelaide.edu.au),University Senior College,parcial,https://adelaide.edu.au/study/university-senior-college/study-with-us/,? (no publica catalogo de programas),"SECUNDARIA: anos 10, 11 y 12 — NO es educacion superior",institucion,"DOS ALERTAS. (1) El subdominio de la ficha ya no sirve contenido propio: hace 302 a una seccion dentro del dominio de Adelaide University (efecto de la fusion UniSA + Adelaide en ""Adelaide University"") — actualizar la URL. (2) ERROR DE CATEGORIA: es un colegio de bachillerato independiente miembro de AISSA, no una institucion terciaria; no tiene ""programas"" en el sentido del catalogo y el tipo_adivinado=""curso_corto"" con category=null y puede_vender=[] lo dejan sin clasificar. Decidir si sigue en el catalogo."
20,inservible,el dominio es de otra institución,University of Sussex,si,www.sussex.ac.uk,University of Sussex,si,"https://www.sussex.ac.uk/study/ (con /study/undergraduate/, /study/masters, /study/phd)",500+ (cifra del propio sitio),"Pregrado, Master, PhD, foundation year, cursos cortos y online, access",institucion,"CATALOGO NO ENUMERABLE: /study/ es un buscador dinamico con dropdown de nivel/materia, no una lista estatica — la extraccion necesita recorrer los indices por nivel. Ademas `puede_vender`=""Foundation & Pre master"" via Study Group: esos programas NO viven en sussex.ac.uk sino en el Sussex International Study Centre operado por Study Group (que no aparece mencionado en la home ni en /study/). Extraer de este dominio traera la oferta directa de la universidad, que es justo lo que el acuerdo NO cubre."
20,inservible,el dominio es de otra institución,Milan Polytechnic University - MIP - POLIMI,si,www.polimi.it,Politecnico di Milano,parcial,https://www.polimi.it/formazione/corsi-di-laurea (+ /corsi-di-laurea-magistrale y /percorsi-di-alta-formazione); /en/programmes redirige a /en/education,? (el sitio no publica conteo),"Laurea (pregrado), Laurea magistrale, alta formacion, postgrado",institucion,"FICHA FANTASMA MIXTA (patron a): el nombre es el de MIP —la escuela de negocios— pero el `sitio` es el dominio de la UNIVERSIDAD ENTERA. MIP ya no existe con ese nombre: hoy es POLIMI Graduate School of Management y su dominio propio es gsom.polimi.it (verificado 200); www.mip.polimi.it NO conecta (timeout, sin respuesta). polimi.it no menciona MIP en la home. Si `puede_vender`=""Solo Postgrado"" se refiere a los MBA/master de MIP, hay que reapuntar la ficha a gsom.polimi.it — extraer de polimi.it traera todo el pregrado de ingenieria, arquitectura y diseno, que no se vende."
20,inservible,el dominio es de otra institución,Clarendon Business College,si,academies.edu.au,Academies Australasia Group Limited (est. 1908),no,"https://academies.edu.au/courses/ (del grupo, con rutas por ciudad: /courses-syd-degrees/, /courses-mel-english/, etc.); el college figura en https://academies.edu.au/about-us/our-colleges/","180+ cualificaciones (del GRUPO ENTERO, no del college)","VET (Certificado/Diploma), ELICOS, grados via Academies Australasia Polytechnic",red,"FANTASMA CONFIRMADO (patron a): el `sitio` es el dominio del HOLDING Academies Australasia, que alberga 18 colleges en 8 ciudades + Singapur; el nombre ""Clarendon Business College"" NO aparece en la home. El college SI existe (listado en /about-us/our-colleges/ como RTO de Sydney fundado en 1960, especializado en contabilidad/servicios financieros, gestion de negocios y turismo) pero NO tiene dominio propio: clarendon.edu.au, www.clarendon.edu.au, clarendonbusinesscollege.com.au y clarendonbusinesscollege.edu.au son NXDOMAIN contra 8.8.8.8. Extraer de academies.edu.au mezclara los cursos de los 18 colleges. Ojo: ""Discover English"" (ficha de este mismo lote) es otro college del MISMO grupo — dos fichas del lote 20 cuelgan del mismo paraguas."
21,revisar_a_mano,el sitio bloquea acceso automatizado,National College of Vocational Education,bloquea,ncver.edu.au,?,?,?,?,?,?,"Cloudflare interstitial (""Just a moment..."", Cf-Mitigated: challenge) tambien con UA de Chrome, en / y en /robots.txt. NO esta muerto: resuelve a 43.245.41.48 y tiene MX de Mimecast. SOSPECHA FUERTE a verificar a mano: ncver.edu.au es el acronimo del National Centre for Vocational Education Research (organismo de investigacion VET con sede en Adelaide), no de un ""National College"". Si se confirma, no es institucion, no tiene programas que vender y la ficha entera sobra."
21,corregir,nombre distinto al real,MEGA,si,mega.edu.au,MEGA Education (ABN 23 111 742 155 · RTO 91305 · CRICOS 02657J),parcial,https://www.mega.edu.au/vet-courses/ y https://www.mega.edu.au/english-courses/,"9 ""schools"" VET + cursos de ingles; no publica conteo de cursos",VET (AQF Cert/Dip) + ELICOS,institucion,"Nombre en ficha es ""MEGA"" a secas; el real es ""MEGA Education"". Ciudad null en la ficha (el sitio no la muestra en home). puede_vender viene vacio pero si vende Vocacionales + Idiomas: inconsistente. Footer con copyright 2021."
21,revisar_a_mano,el sitio bloquea acceso automatizado,University of Newcastle,bloquea,newcastle.edu.au,?,?,?,?,?,?,"Cloudflare interstitial (""Just a moment..."", Cf-Mitigated: challenge) tambien con UA de Chrome, en / y en /robots.txt. NO esta muerto. Requiere navegador real para auditar; no se pudo confirmar nombre ni catalogo."
21,revisar_a_mano,catálogo no enumerable,Holmesglen Institute,si,holmesglen.edu.au,Holmesglen Institute of TAFE,si,https://www.holmesglen.edu.au/explore-courses,"catalogo dinamico con filtros, sin conteo publicado; 9 areas de estudio",Cert / Dip / Adv Dip + Bachelor (Higher Education) + aprendizajes + VCE Vocational Major,institucion,"CATALOGO NO ENUMERABLE: es un buscador con sort/filter, no una lista. La extraccion posterior necesita otro tratamiento. Ademas otorga bachelor pese a que la ficha lo trae como ""curso_corto"" con puede_vender vacio."
21,inservible,el dominio es de otra institución,Nova Southeastern University's Barry and Judy Silverman College of Pharmacy,si,isi-education.com,ISI Japanese Language School (ISI Inc.),no,https://www.isi-education.com/es/course/,~10 tipos de curso de japones,"Idiomas (japones, principiante a avanzado, JLPT)",institucion (pero OTRA),"🔴 FANTASMA TOTAL. El dominio es una cadena de escuelas de idioma japones EN JAPON. Ni ""Nova Southeastern University"" ni ""Barry and Judy Silverman College of Pharmacy"" aparecen en ningun lado del sitio. El pais de la ficha (USA/Florida) tampoco coincide (Japon). Category ""Universidad"" tampoco. Ficha inservible tal cual: hay que decidir si se quiere ISI (idiomas) o NSU (farmacia, dominio real nova.edu) y rehacerla."
21,inservible,el dominio es de otra institución,UEC Business (previously known as Ambridge Institute),si (HTTP 200 pero en mantenimiento),business.uec.edu.au,"""This website is currently unavailable."" (plugin Maintenance de WordPress, sin nombre institucional)",?,-,0,?,?,"🔴 Sitio caido funcionalmente: devuelve 200 pero sirve la pagina de mantenimiento de WordPress; imagen de fondo subida en 2023 y favicon de 2024. Cero contenido auditable. El dominio padre uec.edu.au SI responde y es ""Universal English College"" (CRICOS 00053J · ABN 19 003 525 764), un colegio de ingles con ~8 cursos, y enlaza ""Study Business With Us"" -> business.uec.edu.au; pero NO menciona ""Ambridge Institute"" en ninguna parte. Verificar con el partner si la division Business sigue operando."
21,corregir,dominio obsoleto,Okanagan College,redirige,okanagan.bc.ca -> okanagancollege.ca (301),Okanagan College,si,https://www.okanagancollege.ca/program-search,"buscador dinamico, sin conteo","Certificado, diploma, bachelor, oficios/aprendizajes, continuing ed",institucion,"El `sitio` de la ficha es el dominio viejo: hay 301 permanente a okanagancollege.ca. Actualizar el campo. Catalogo = buscador dinamico, no enumerable directo. 4 campus (Kelowna, Penticton, Salmon Arm, Vernon); la ficha solo dice Kelowna. Nota: el sitio tiene una seccion ""Program availability for international students"", o sea que no todo lo del catalogo es vendible a internacionales."
21,inservible,el dominio es de otra institución,Cambrian College,si,cambriancollege.ca,Cambrian College · College of Applied Arts and Technology,si,https://cambriancollege.ca/programs/,sin conteo publicado en el indice,"Certificado, diploma, adv diploma, grad certificate",institucion,"La ficha dice ciudad ""Sudbury, Vancouver"". El sitio SOLO lista Sudbury, Ontario (1400 Barry Downe Rd, P3A 3V8). Vancouver no aparece en ningun lado. Corregir la ciudad; si el dato venia de un campus/partner privado, ya no esta publicado."
21,corregir,"apunta al dominio del grupo, no al propio",GeSS Education,si,gesseducation.edu.au,GeSS Education,si,https://www.gesseducation.edu.au/gess-education-course-finder-and-guide/,6 categorias de curso; sin conteo ni listado plano,VET (Cert/Dip) + pathways a universidad,red / campus,"⚠️ NO publica RTO ni CRICOS propios. Se describe como ""Queensland's newest state-of-the-art education campus"" y entrega cursos DE RTOs socios (CBC Institute, IBMA, Fit Education, MSQ, DSM, TOC Australia), cada uno con su propio student handbook. Las cualificaciones las emite un tercero, no GeSS. Tratar como campus/paraguas, no como institucion: la ficha del catalogo deberia apuntar al RTO que emite."
21,observacion,"- (unica ficha del lote sin observaciones; www redirige al apex, mismo dominio; sin contenido inyectado)",BEA - Britannia English Academy,si,britannia-school.com,BRITANNIA ENGLISH ACADEMY LTD.,si,https://britannia-school.com/general-english/,~12+,"Idiomas (A1-C1, General English, IELTS, Cambridge FCE/CAE/CPE, Trinity, Business English, 1-a-1)",institucion,"- (unica ficha del lote sin observaciones; www redirige al apex, mismo dominio; sin contenido inyectado)"
21,observacion,"El dominio tambien alberga entidades separadas: UOW College, UOW Dubai, UOW Hong Kong, UOW Malaysia, UOW India. Al extra",University of Wollongong (UoW),si,uow.edu.au,University of Wollongong (UOW),si,https://www.uow.edu.au/study/courses/,19 areas tematicas; sin conteo publicado,"Pregrado, postgrado, doctorado + pathways",institucion,"El dominio tambien alberga entidades separadas: UOW College, UOW Dubai, UOW Hong Kong, UOW Malaysia, UOW India. Al extraer programas hay que separar la universidad del college y de los campus offshore, o se mezclan. puede_vender viene vacio y tipo_adivinado ""curso_corto"" pese a ser universidad completa: inconsistente."
21,corregir,nombre distinto al real,Texas State University,si,intostudy.com (INTO University Partnerships),"Texas State University (pagina alojada por INTO, no por la universidad)",parcial,https://www.intostudy.com/en/universities/texas-state-university (SPA),?,Pathway + undergraduate + graduate,agencia / red (pathway provider),"⚠️ Patron (a): el `sitio` apunta al proveedor de pathways INTO, NO al dominio oficial de la universidad (txstate.edu). La pagina esta viva (200, 67 KB de contenido real sobre Texas State) y NO hay aviso de fin de convenio. Pero es un SPA renderizado en JS: /courses y el listado de partners devuelven solo el loader, asi que el catalogo NO es enumerable por fetch. Ademas, lo que INTO vende son sus pathways, no el catalogo completo de la universidad."
21,inservible,el dominio es de otra institución,Durham University,si,dur.ac.uk,Durham University,si,https://www.dur.ac.uk/study/courses/ (y /study/postgraduate/courses/),?,"Pregrado, postgrado, foundation / pathway programmes",institucion,"Patron (b) en version suave: devuelve 403 a fetchers sin UA de navegador y 200 con UA de Chrome (Server: Apache, sin Cloudflare). NO esta caido. El partner_group ""Study Group"" no aparece en el home; lo que si existe es /study/international/pathway-programmes/."
21,inservible,el dominio es de otra institución,UNIVERSITY ACADEMY 92 (UA92),si,ua92.ac.uk,University Academy 92 (UA92),si,https://ua92.ac.uk/study-with-us/undergraduate/courses/,"4 areas (Sport, Media, Digital, Business); sin conteo exacto","Grados de 3 anos, grados de 2 anos, CertHE",institucion,"⚠️ `partner_group` dice ""Navitas"", pero el sitio se declara ""founded by the Class of 92 and Lancaster University"" y los titulos los otorga Lancaster University. Navitas no aparece en el sitio. Verificar de quien es realmente el convenio. Operacion normal: promociona Clearing 2026 y open days de agosto 2026."
21,inservible,el dominio es de otra institución,GISMA University of applied Sciences,si,gisma.com,Gisma University of Applied Sciences GmbH,si,https://www.gisma.com/programmes,decenas; sin conteo publicado,"Bachelor, Master/MBA, cursos cortos",institucion (parte de un grupo),"⚠️ La ficha dice Hannover. El sitio lista Potsdam (sede principal), Berlin y Londres. Hannover NO aparece: Gisma se mudo y la ciudad de la ficha esta obsoleta. Corregir. Confirma partner_group GUS (""GUS Germany GmbH / GGG"", +18.000 estudiantes en varias instituciones europeas), o sea que category ""College Privado"" tambien queda corta: es una Fachhochschule reconocida por el estado."
21,revisar_a_mano,catálogo no enumerable,Mohawk College,si,mohawkcollege.ca,Mohawk College,si,https://www.mohawkcollege.ca/programs/search,"buscador dinamico, sin conteo","Diplomas, grados, oficios/aprendizajes (2.400 aprendices/ano), graduate studies, preparatory",institucion,"Catalogo = buscador dinamico, no lista enumerable. Sin avisos de suspension de intakes internacionales ni de cancelacion de programas."
22,corregir,nombre distinto al real,NIT - National Institute of Technology Pty. Ltd,si,nitaustralia.edu.au,National Institute of Technology (RTO 41143 · CRICOS 03420M),parcial,https://www.nitaustralia.edu.au/our-courses-and-programs/,~25+,"Cert III/IV, Diploma, Advanced Diploma, Graduate Diploma, Professional Year (ICT e Ingenieria), micro-credenciales",institucion,"el sitio se presenta solo como ""National Institute of Technology"" (el ""Pty Ltd"" es la razon social) · ficha marca ""Vocacionales"" pero tambien otorga Graduate Diploma y Professional Year, que no son VET puro"
22,corregir,"apunta al dominio del grupo, no al propio",Hermes Colleges,si,hermescolleges.ca,HERMES - Colleges Network,parcial,ninguna (solo directorio: https://hermescolleges.ca/colleges/),0 en este dominio,ninguno enumerable aqui,red / grupo paraguas,"NO ES UNA INSTITUCION: es una red de 6 colleges (Veritas, Matrix, Aviron Quebec, Ascent, Academie d'apprentissage Lawrence/Markham, Cegep Marie-Victorin) · el sitio dice ""private career colleges"" y la ficha la marca ""College Publico"" (solo Marie-Victorin es partenariado publico-privado) · CERO catalogo de programas en el dominio paraguas: hay que ir college por college"
22,inservible,duplicado de otra ficha,Missouri State University - MSU,si,missouristate.edu,Missouri State University,si,https://www.missouristate.edu/majors/,"95+ carreras (175 opciones), 120+ minors, 110+ certificados, 70+ posgrados","Pregrado, Posgrado, certificados, online",institucion,"CIUDAD MAL EN LA FICHA: ""Missouri"" es el estado; la ciudad es Springfield MO · puede_vender trae ""Idiomas"" DUPLICADO y NADA MAS para una universidad completa · ademas el programa de ingles se llama FLI (Foreign Language Institute) y vive en fli.missouristate.edu, NO en el dominio de la ficha"
22,revisar_a_mano,el sitio bloquea acceso automatizado,La Trobe University (La Trobe),bloquea,latrobe.edu.au,?,?,?,?,?,"institucion (universidad, no verificado en sitio)","403 de Cloudflare incluso con UA de Chrome + headers Sec-Fetch completos · DNS 8.8.8.8 resuelve OK (CNAME a cloudflare.net) · el sitio NO esta muerto, esta blindado · no se pudo verificar nada del contenido · ficha con ciudad null, category null y puede_vender VACIO para una universidad australiana completa"
22,corregir,dominio obsoleto,Lyon Bleu International,redirige,lyon-bleu.com (301 desde www.lyon-bleu.fr/es/),KLF LYON BLEU INTERNATIONAL,parcial,https://lyon-bleu.com/cours-de-francais-en-france/,~12+,"Solo frances: estandar, intensivo, super-intensivo, premium, preparacion universitaria, DELF/DALF, frances profesional, clases privadas, online",institucion (escuela de idiomas),"CAMBIO DE DOMINIO: la ficha apunta a lyon-bleu.fr/es/ que hace 301 cross-host a lyon-bleu.com · el sitio muestra aviso ""Notre site est actuellement en maintenance mais peut etre consulte"" · el nombre legal en el sitio es ""KLF Lyon Bleu International"""
22,observacion,"NO ES UNA INSTITUCION: es una agencia de intercambio que coloca estudiantes en 350+ colegios ajenos en 15 destinos (USA,",Educatius Group,si,educatius.org,Educatius Group,si,https://www.educatius.org/high-school-abroad/programs,"3 tipos de programa (Select, Classic, Boarding) sobre 350+ colegios",High school / secundaria + Educatius Academy (high school online),agencia (colocacion de estudiantes en colegios de terceros),"NO ES UNA INSTITUCION: es una agencia de intercambio que coloca estudiantes en 350+ colegios ajenos en 15 destinos (USA, UK, Escocia, Irlanda, Francia, Alemania, Italia, Austria, Noruega, Dinamarca, Holanda, Finlandia, Espania, Suecia) · la ficha la registra como ""High School"" · el catalogo real son los colegios socios, no programas propios"
22,inservible,el dominio es de otra institución,University of Greenwich,si,gre.ac.uk,University of Greenwich,si,https://www.gre.ac.uk/subjects,"200+ pregrado, 150+ posgrado","Pregrado, Posgrado, online, cursos cortos, apprenticeships",institucion,"LO QUE LA FICHA PERMITE VENDER NO VIVE EN ESTE DOMINIO: puede_vender es ""Foundation & Pre master / Solo pathway"" pero gre.ac.uk es la universidad · los pathway los entrega el UGIC (University of Greenwich International College, colegio embebido en Bounty House) que tiene su propio sitio · el dominio de la ficha NO menciona a ""Oxford International"" (el partner_group de la ficha) por ningun lado"
22,corregir,dominio obsoleto,Swinburne University of Technology (SUT),redirige,swinburne.edu.au (la URL de la ficha /international hace 301 a /international-students/),Swinburne University of Technology,si,https://www.swinburne.edu.au/courses/find-a-course,? (buscador dinamico),"VET (Cert/Diploma), Associate degree, Bachelor, doble titulacion, Graduate Cert/Diploma, Master, PhD, cursos cortos",institucion (dual sector),"la URL de la ficha esta desactualizada (redirige) · catalogo es BUSCADOR dinamico, no lista enumerable · ficha con ciudad null (es Melbourne, campus Hawthorn; ademas campus en Sarawak, Malasia), category null y puede_vender VACIO para una universidad dual-sector completa"
22,corregir,nombre distinto al real,St Lawrence's College,si,slc.qld.edu.au,St Laurence's College,no,no tiene catalogo de programas (https://www.slc.qld.edu.au/enrol/international-students),0 programas vendibles,"Anios 5 a 12 (Primaria, Middle, Senior) + VET escolar","institucion (colegio K-12, no college terciario)","NOMBRE MAL ESCRITO EN LA FICHA: es ""St LAURENCE'S College"", no ""St Lawrence's"" · y NO ES UN COLLEGE: es un colegio catolico de varones (Edmund Rice) en South Brisbane QLD que va de anio 5 a anio 12 · no hay catalogo de programas que extraer, solo admision de internacionales (visa 500 / short-term study) · ficha con ciudad null, category null y puede_vender VACIO"
22,inservible,el dominio es de otra institución,GISMA Business School,si,gisma.com,Gisma University of Applied Sciences GmbH,no,https://www.gisma.com/programmes,?,"Bachelor, MSc, Global MBA, cursos cortos, add-on de aleman A1-B2",institucion (parte de GUS Germany),"CAMBIO DE NOMBRE Y DE CIUDAD: ya no se llama ""GISMA Business School"" sino ""Gisma University of Applied Sciences"" · y la ficha dice HANNOVER pero el sitio lista Potsdam (campus insignia), Berlin y Londres · Hannover ya no aparece · el unico ""Idiomas"" que vende es un add-on de aleman para sus propios estudiantes, no un curso de idioma suelto"
22,corregir,nombre distinto al real,Mckenzie College,si,mckenzie.edu (www.),McKenzie College of Design,parcial,https://www.mckenzie.edu/programs,4 + ingles,"Certificado (Visual Arts Foundation 8 meses) y Diplomas de 10 meses (Visual Communication Design, Video Game Art, TV & Game Animation)",institucion,"NOMBRE INCOMPLETO EN LA FICHA: es ""McKenzie College of DESIGN"" (escuela de disenio privada, Moncton NB desde 1988) · puede_vender dice SOLO ""Idiomas"" pero su oferta central son 4 diplomas de disenio; el ingles es accesorio · ficha ciudad ""New Brunswick"" es la provincia, la ciudad es Moncton · sin contenido spam ni inyecciones detectadas"
22,corregir,nombre distinto al real,Canada College of Technology and Business - CCTB,si,canadianctb.ca,Canadian College of Technology and Business (CCTB),parcial,https://www.canadianctb.ca/programs/diplomas,~13,"Solo diplomas (Tecnologia 6, Negocios 3, Hospitalidad 2, Continuing Ed/Pathways 2), varios con Co-op",institucion (parte de Global University Systems),"NOMBRE MAL EN LA FICHA: es ""CANADIAN College"", no ""Canada College"" · puede_vender dice ""Todos los programas"" pero solo otorga diplomas: no hay pregrado ni posgrado en este dominio"
22,ok,-,Niagara College,si,niagaracollege.ca,Niagara College,si,https://www.niagaracollege.ca/programs/search/,100+ a tiempo completo,"Diploma, Graduate Certificate, Bachelor, part-time",institucion (college publico de Ontario),-
22,ok,-,Worldwide Internships,si,worldwideinternships.org,Worldwide Internships,si,https://worldwideinternships.org/hospitalidad/ y /negocios/,~12,"Solo pasantias (Hospitalidad 9 destinos, Negocios 3 destinos)",agencia / proveedor de colocacion,-
22,revisar_a_mano,catálogo no enumerable,Victoria University (VU),si,vu.edu.au,Victoria University (CRICOS 00124K Melbourne · 02475D Sydney y Brisbane),si,https://www.vu.edu.au/study-at-vu/courses,?,"VET (Cert/Diploma), Bachelor, Master, pathways",institucion (dual sector),"ficha con ciudad null (Melbourne principal + Sydney y Brisbane), category null y puede_vender VACIO para una universidad dual-sector completa · catalogo por buscador, no lista plana"
22,inservible,el dominio es de otra institución,IT Step Academy,si (pero es el sitio de OTRO pais),itstep.mx,Step Computer Academy / Computer Academy IT STEP · Mexico (Tijuana),no,https://itstep.mx/education-adults,pocos (2 cursos disenio + 2 programacion + programas de ninios y vacacionales),"Cursos profesionales no titulados, ninios, vacacionales",institucion (sede local de una red internacional),"FANTASMA POR PAIS: la ficha dice BULGARIA y el dominio es el de la sede de MEXICO (Tijuana) · CERO menciones a Bulgaria en el sitio · la red global es itstep.org y cada pais tiene su TLD; la sede bulgara tiene otro dominio · el sitio esta en espaniol y sus precios/curricula son mexicanos · ficha con ciudad null, category null y puede_vender VACIO"
23,corregir,"apunta al dominio del grupo, no al propio",Etoile  Institut,si,etoilegroupe.com,"Etoile Institut – Etablissement d'Enseignement Superieur Prive (bajo el holding ""Etoile Groupe"")",parcial,https://etoilegroupe.com/nos-programmes/,~12 categorias de curso,"Idiomas FLE (estandar, intensivo, super-intensivo, privado), combinados, au pair, pathway universitario, prep Grandes Ecoles, prep DELF/DALF/TCF/TEF",institucion (dentro de grupo),"La URL exacta de la ficha (/es/instituto-de-idiomas-etoile) da 404 y cae a /es que tambien es 404; solo responde la raiz. El dominio es del holding Etoile Groupe (institut + formation pro + alojamiento + centro de examenes), no exclusivo del instituto. Corregir sitio a https://etoilegroupe.com/nos-programmes/"
23,ok,-,Edinburgh Napier University,si,napier.ac.uk,Edinburgh Napier University,si,https://www.napier.ac.uk/courses,250+,"Undergraduate, Postgraduate, short courses, graduate apprenticeships, online",institucion,-
23,revisar_a_mano,el sitio bloquea acceso automatizado,Deakin University,bloquea,"www.deakin.edu.au (CNAME -> deakin-0927.saas.squiz.cloud, 2.58.104.10/.11)",?,?,?,?,?,institucion,"NO AUDITABLE: Cloudflare devuelve 403 con cabecera `Cf-Mitigated: challenge` incluso con UA de Chrome + Accept/Accept-Language; el sitio esta VIVO, no muerto — cualquier extractor posterior necesita navegador real. Ademas: el campo `sitio` viene sin esquema (`www.deakin.edu.au`) y `tipo_adivinado` dice ""vacacional"" para una universidad completa."
23,revisar_a_mano,catálogo no enumerable,Northern Lights College NLC,si,nlc.bc.ca,Northern Lights College,si,https://www.nlc.bc.ca/programs/,"? (7 areas de estudio, conteo total no publicado en portada)","Certificate, Diploma, University transfer (Arts & Science), Trades & Apprenticeships, Upgrading, Continuing Ed",institucion,"Sin avisos de cierre; promueve activamente admision internacional (noticia del 30-jul-2026). Ficha incompleta: `ciudad`, `category` en null y `puede_vender` vacio."
23,inservible,duplicado de otra ficha,DePaul University,redirige,students.studygroup.com (2 saltos cross-host: globalgateway.depaul.edu -> globaldirect.depaul.edu -> students.studygroup.com/study-options/direct-admit/depaul-university),"Study Group · DePaul University ""Direct Admit""",parcial,https://students.studygroup.com/study-options/direct-admit/depaul-university,~14,5 undergraduate + 9 graduate (MBA con varias especializaciones),"agencia (el destino final es el sitio comercial de Study Group, no de la universidad)","GRAVE: el dominio de la ficha ya no pertenece a DePaul. El modelo cambio de pathway center on-campus (""Global Gateway"") a ""Direct Admit"" gestionado por Study Group; la propia pagina dice ""We've moved! This page was previously on globaldirect.depaul.edu"". La ficha vende ""Pregrado & Postgrado"" duplicado y apunta a un producto distinto del que describe."
23,inservible,el dominio es de otra institución,UP International College New Zealand- AUT Certificate in Foundation Studies,redirige,acgedu.com (la ruta /school-levels/english-courses/ ya no existe y cae a la raiz),"ACG Schools (""ACG Schools is proud to be An Inspired School"")",no,? (no hay listado de programas terciarios),"70+ colegios en la red global; en NZ: Parnell, Strathallan, Sunderland, Tauranga","Early Learning, Primary, College — es K-12, no terciario",red / grupo paraguas,"GRAVE · INSTITUCION FANTASMA: el dominio es de ACG Schools (grupo K-12 del holding Inspired). CERO menciones de ""UP International College"", ""UP Education"", ""AUT"" o ""Foundation Studies"" en todo el sitio. El `partner_group` de la ficha dice ""UP Education"" pero ese negocio terciario ya no vive en acgedu.com. La ficha promete ""Vocacionales (Cert, Dip, Adv Dip)"" y ""Certificate in Foundation Studies"" que este dominio no ofrece."
23,observacion,Es parte de SRH Hochschulen desde 2016 (no es independiente). Sin avisos de insolvencia ni cierre. El nombre en ficha va,EBS Universitat,si,ebs.edu,EBS Universitat fur Wirtschaft und Recht,si,"https://www.ebs.edu/ (por escuela, rutas /studium/)",~66,"9 Bachelor/Master en BWL + 2 en Jura + 55 programas de Weiterbildung (Executive); niveles Bachelor, Master, Doctorado, Executive Ed",institucion,"Es parte de SRH Hochschulen desde 2016 (no es independiente). Sin avisos de insolvencia ni cierre. El nombre en ficha va sin dieresis (""Universitat"" en vez de ""Universitat fur Wirtschaft und Recht"")."
23,inservible,el dominio es de otra institución,CIC Higher Education,redirige,bppinstitute.com (cic.vic.edu.au redirige cross-domain),BPP Institute Pty Ltd,no,https://www.bppinstitute.com/business-school/,~9+,"Undergraduate (Accounting, Management, Marketing), Graduate Certificate/Diploma, Postgrado (MBA, Master of Business, Master of MIS)",institucion,"GRAVE · INSTITUCION FANTASMA: el nombre ""CIC Higher Education"" NO aparece en ninguna parte del sitio destino. El dominio redirige a BPP Institute (rebrand o adquisicion no reflejada en el catalogo). Ademas `tipo_adivinado` dice ""curso_corto"" cuando otorga MBA y Masters. `category` y `puede_vender` vacios."
23,revisar_a_mano,catálogo no enumerable,Collarts,si,collarts.edu.au,Australian College of the Arts Pty Ltd (opera como Collarts),si,https://www.collarts.edu.au/courses/,"? (8 categorias, conteo total no publicado)","Diplomas VET (RTO 0109), Bachelor, dobles grados, Graduate Certificate/Diploma, Master, cursos cortos",institucion,"El campo `ciudad` de la ficha (""Wellington, Brunswick, Cromwell, George St"") mezcla nombres de calle/suburbio y no corresponde: el sitio lista Melbourne (campus principal), Sydney (nuevo) y online. `puede_vender` dice ""Vocacionales (Cert, Dip, Adv Dip)"" pero tambien otorga Bachelor y Master — inconsistente."
23,observacion,"RTO 91490 · CRICOS 03069K. Campus en Sydney, Brisbane y Melbourne — la ficha tiene `ciudad` en null. `category` null y `",Sydney Institute of Interpreting and Translating,si,siit.nsw.edu.au (www. redirige al apex),Australian Professional Education Institute Pty Ltd trading as Sydney Institute of Interpreting and Translating,si,https://siit.nsw.edu.au/courses/,~15-20,"Certificate IV, Diploma (Interpreting, Translating, Property, Finance & Mortgage Broking), Advanced Diploma, Graduate Diploma of Management, skill sets y prep NAATI/PTE/IELTS/CCL",institucion,"RTO 91490 · CRICOS 03069K. Campus en Sydney, Brisbane y Melbourne — la ficha tiene `ciudad` en null. `category` null y `puede_vender` vacio. Sin avisos de cierre ni cursos con matricula suspendida."
23,ok,-,Edu Inter,si,learningfrenchinquebec.com,Edu-inter (Edu-inter French School / Escuela de inmersion francesa en Quebec),si,https://learningfrenchinquebec.com/es/programas-adultos/ y /es/programas-adolecentes/,~20+,"Idiomas FLE: programas adultos (8+), cursos de verano, campamentos para adolescentes (9+), campamentos de invierno, secundaria/preparatoria, online individual y corporativo, prep TEF/TEFAQ",institucion,-
23,inservible,no es una institución (red),International House Malta,si,ihworld.com,International House World Organisation,no,no hay listado de cursos — solo un buscador/directorio de escuelas con filtros,130+ escuelas afiliadas en 45+ paises,"Idiomas (General, Cambridge, IELTS, Corporate, Young Learners, Teacher Training)",red,"El `sitio` apunta a la RED mundial IH, no a la escuela de Malta. El sitio si lista ""IH Malta"" (St Julian's) dentro del directorio pero la escuela tiene su propio dominio. CATALOGO NO ENUMERABLE: es un school finder dinamico, no una lista — la extraccion posterior necesita otro tratamiento o el dominio real de IH Malta."
23,corregir,nombre distinto al real,UCEDA,si,uceda.edu,UCEDA International,parcial,https://uceda.edu/f1-intensive-esl/ · /part-time-esl/ · /aupair/,3 programas principales,"ESL ""todos los niveles"": F1 Intensive ESL, B1/B2 Part-Time ESL, J1 Au Pair ESL","red (operador multi-campus propio: Morristown, New Brunswick y otros)","Sin cierre ni contenido ajeno. Ficha incompleta: `ciudad` null (tiene varios campus), `category` null y `puede_vender` vacio pese a ser claramente Idiomas."
23,inservible,el dominio es de otra institución,Colorado State University,si,colostate.edu,Colorado State University,si,https://www.colostate.edu/academics/,~300 programas academicos / 70+ majors,"Undergraduate, Graduate, online",institucion,"GRAVE: el `partner_group` ""INTO"" parece TERMINADO — `into.colostate.edu` responde NXDOMAIN contra DNS publico 8.8.8.8, `colostate.edu/into` da 404, y international.colostate.edu no menciona INTO en ninguna parte: describe PLACE (English Language Learning propio) y CSU Salto como sus pathways. Ademas la `ciudad` de la ficha dice ""Colorado"" (el campus es Fort Collins) y el catalogo NO es enumerable desde /academics (8 colleges como tarjetas, hay que entrar a cada uno)."
23,corregir,nombre distinto al real,High School Central Quebec SD,si,cqsb.qc.ca,Commission scolaire Central Quebec / Central Quebec School Board (CQSB),parcial,https://www.cqsb.qc.ca/fr/ecoles-et-programmes/,~16 escuelas,"Primaria y Secundaria; seccion dedicada ""Etudiants Internationaux"" en /fr/isp/ (programas, admisiones, pagos internacionales)","red (junta escolar, no un colegio unico)","No es un ""High School"": es una junta escolar con ~16 escuelas primarias y secundarias. La extraccion debe tratarlo como red y bajar al detalle de cada escuela secundaria; el producto vendible real vive en /fr/isp/. Sitio en frances."
23,revisar_a_mano,catálogo no enumerable,BSBI Berlin School of Business & Innovation,si,berlinsbi.com (redirige a /es),Berlin School of Business and Innovation GmbH · parte de GUS Germany GmbH (GGG),si,https://www.berlinsbi.com/es/programas,? (conteo no publicado; 7000+ estudiantes),"Grado, Posgrado/Master, DBA, certificaciones; facultades de Creative Industries, Computer Science y Business/Economics",institucion (dentro del grupo GUS),"NO otorga titulos propios: los grados los validan universidades socias (University for the Creative Arts, University of Chichester, Concordia University Chicago, University of Roehampton London, UNINETTUNO) — dato material para el estudiante. Ademas opera en Berlin, Hamburgo, Paris, Barcelona y Madrid, no solo Berlin como dice la ficha."
24,corregir,dominio obsoleto,USQ (University of Southern Queensland),redirige,usq.edu.au -> www.unisq.edu.au (301 Moved Permanently),University of Southern Queensland (UniSQ),si,https://www.unisq.edu.au/study/degrees-and-courses,? (cientos),"Pregrado, Postgrado, Investigacion/PhD, Pathways, Cursos cortos, Dobles titulaciones",institucion,"El `sitio` de la ficha esta obsoleto: usq.edu.au redirige 301 a unisq.edu.au tras el rebrand a UniSQ. Actualizar el dominio. `puede_vender` incluye ""Idiomas"" pero el ELICOS lo entrega UniSQ College y no se confirmo en el dominio raiz."
24,corregir,"apunta al dominio del grupo, no al propio",Australian National Institute of Management and Commerce (IMC),si,www.imc.edu.au,"Australian National Institute of Management and Commerce (IMC) — ""Top Education Group Ltd ACN 098 139 176 trading as...""",si,https://www.imc.edu.au/study/find-a-course/,40+,"Pregrado (Bachelor, incl. Bachelor of Laws), Postgrado (MBA, Master of Professional Accounting, Marketing, FinTech)",institucion,"`sitio` sin esquema (`www.imc.edu.au`, sin https://). Contradiccion de ficha: `tipo_adivinado: curso_corto`, `category: null` y `puede_vender: []` pero es proveedor de educacion superior auto-acreditado (TEQSA PRV12059 / CRICOS 02491D) que otorga bachelors y masters. Opera bajo el paraguas Top Education Group Ltd."
24,observacion,"BIEN: el dominio es el propio del college, NO apunta a navitas.com (el patron que mordio en otros lotes). Pero `puede_ve",Deakin College,si,www.deakincollege.edu.au,Melbourne Institute of Business and Technology Pty Ltd trading as Deakin College,si,https://www.deakincollege.edu.au/courses/,~11,"Foundation (1), Diploma (9 disciplinas), Masters Qualifying Program (1)",institucion (parte de Navitas),"BIEN: el dominio es el propio del college, NO apunta a navitas.com (el patron que mordio en otros lotes). Pero `puede_vender` incluye ""Idiomas"" y el sitio no lista ningun curso ELICOS propio — solo requisitos de ingreso de ingles. Razon social distinta al nombre comercial."
24,observacion,"El `sitio` es un dominio `.info` de marca de un programa, no el dominio institucional de ECA. Catalogo de solo 2 items. ",ECA Professional Year,si,www.professionalyear.info,Education Centre of Australia (ECA) Professional Year,si,https://www.professionalyear.info/courses/,2,Professional Year ACS (1 ano) + Internships,"institucion (sitio de PROGRAMA, no institucional)","El `sitio` es un dominio `.info` de marca de un programa, no el dominio institucional de ECA. Catalogo de solo 2 items. `category: null` y `puede_vender: []` en la ficha — no esta claro que se puede vender. Revisado explicitamente por contenido inyectado/spam: no se detecto nada."
24,inservible,el dominio es de otra institución,Toronto School of Management,si,www.torontosom.ca,Toronto School of Management,si,https://www.torontosom.ca/programs,~15-17,"Certificados (accelerated / co-op), Diplomas co-op, preparacion ACCA, microcredenciales (6 sem)",institucion,"El sitio NO menciona pertenencia a GUS (Global University Systems): el `partner_group: GUS` de la ficha no se pudo confirmar en el dominio oficial. Sin grados propios, asi que `puede_vender: ""Todos los programas""` sobreestima el catalogo real (es todo vocacional/certificado)."
24,revisar_a_mano,catálogo no enumerable,TAFE SA,si,www.tafesa.edu.au,"TAFE SA — Vocational Education & Training in Adelaide, South Australia",si,https://www.tafesa.edu.au/courses,? (cientos),"Certificados, Diplomas, Diplomas Avanzados, algunos grados, cursos cortos y online",institucion (RTO 41026 / CRICOS 00092B),"CATALOGO NO ENUMERABLE: `/courses` es un buscador dinamico con 12 areas + filtros por tipo, no una lista estatica. La extraccion posterior necesita otro tratamiento (crawl por area o API interna)."
24,observacion,"NO es una institucion unica: es una RED de 21 sedes en ~11 paises (Malta, Inglaterra, Canada, Espana, Francia, Alemania,",Sprachcaffe,si,www.sprachcaffe.com,SPRACHCAFFE Languages PLUS,si,rutas por destino (hub en https://www.sprachcaffe.com/es/uc/),21 sedes; N cursos por destino,"Idiomas (juniors, adultos, grupos, gap year; ~12 a 65+ anos)",red (cadena internacional de escuelas),"NO es una institucion unica: es una RED de 21 sedes en ~11 paises (Malta, Inglaterra, Canada, Espana, Francia, Alemania, Italia, China, Cuba, Marruecos, Sudafrica). El `sitio` de la ficha es un deep-link legacy (`/espanol/main.htm`); el catalogo se navega por destino, no hay pagina unica enumerable. `ciudad: null` correcto pero la ficha lo trata como institucion."
24,inservible,duplicado de otra ficha,Excel English Institute,si,excelenglishinstitute.com,Excel English Institute,si,https://excelenglishinstitute.com/programs,6,"Idiomas: Intensive English (basico/intermedio/avanzado), TOEFL prep, Accent Reduction, Business English, electivos, clases a medida",institucion,"Ficha dice `ciudad: ""Texas""` que es el estado, no la ciudad: real es Dallas TX con dos campus (Richardson y Arlington). Acreditada CEA y autorizada F-1. Sin senales de cierre ni contenido inyectado. `puede_vender` tiene ""Idiomas"" duplicado."
24,inservible,el dominio es de otra institución,Oregon State University,si,oregonstate.edu,Oregon State University,si,https://catalog.oregonstate.edu/,? (cientos),"Pregrado, Postgrado (incl. MBA hibrido, farmacia), Ecampus online",institucion,"`partner_group: INTO` NO VERIFICABLE en el dominio oficial: la home no menciona INTO y el subdominio `into.oregonstate.edu` da NXDOMAIN (no resuelve). `international.oregonstate.edu` redirige 301 a `global.oregonstate.edu`, que devuelve 403 (bloquea, no muerto). Confirmar con el proveedor si el convenio INTO sigue vigente antes de vender pathways."
24,corregir,nombre distinto al real,Orange International College,si,www.orange.edu.au,"""Orange International College Pty. Ltd. T/A Orange College"" — se presenta como Orange College",parcial,https://www.orange.edu.au/courses/,~30+,"ELICOS/General English + Certificate III y IV, Diplomas y Advanced Diplomas, cursos cortos",institucion (RTO 41315 / CRICOS 03446A),"El nombre comercial vigente es ""Orange College""; ""Orange International College Pty Ltd"" es solo la razon social. `category: Instituto Idiomas` se queda corto: la mayoria del catalogo es vocacional, no idiomas. Campus en Melbourne, Port Melbourne y Hobart — la ficha solo registra Melbourne."
24,revisar_a_mano,catálogo no enumerable,UCAM - Universidad Catolica de Murcia,si,www.ucam.edu,Universidad Catolica San Antonio de Murcia (UCAM),si,https://www.ucam.edu/estudios,? (cientos),"Grados, Postgrados/Masteres (oficiales y titulos propios), Doctorados, Formacion Profesional, cursos, todo tambien online",institucion,"Nombre legal completo es ""Universidad Catolica San Antonio de Murcia"" (la ficha usa la marca corta). Campus en Murcia, Cartagena, Madrid y Malaga + online: la ficha solo registra Murcia. ~21.300 estudiantes."
24,inservible,duplicado de otra ficha,New Brunswick International Student Program NBISP,si,caps-i.ca — NO es el dominio de la institucion,Canadian Association of Public Schools - International (CAPS-I); la pagina es una ficha de directorio sobre el NBISP,"si (la pagina, no el dominio)",https://caps-i.ca/school/new-brunswick-international-student-program/,"3 modalidades (Full Year, 1 Semester, Short Term)","High School, grados 6-12, ingles / inmersion en frances",red/directorio (asociacion paraguas),"CRITICO: el `sitio` apunta a CAPS-I, una ASOCIACION paraguas de distritos escolares publicos canadienses, no al programa. El NBISP lo opera Atlantic Education International Inc. (AEI, creada en 1997 por la provincia). Sitio oficial que la propia ficha declara: www.aiecanada.ca -> redirige a aei-inc.ca. Corregir `sitio`; ademas el dominio caps-i.ca probablemente aparezca en mas fichas del catalogo (revisar duplicados cross-lote)."
24,revisar_a_mano,catálogo no enumerable,ESL School at NYFA,si,www.eslnyfa.edu (detras de Cloudflare),The ESL School at NYFA (New York Film Academy),si,ninguna — `/programs/` devuelve 404,?,Solo Idiomas: intensive English (clases de 6-10 estudiantes),institucion (escuela de idiomas dentro de NYFA),"CRITICO: el sitio es una LANDING de una sola pagina — la navegacion solo tiene ""Home"" y ""Request Information"", no hay listado de cursos y `/programs/` da 404. No hay catalogo extraible por esta via. Contradiccion de ficha: `category: College Privado` y `puede_vender: ""Todos los programas""` cuando es exclusivamente ESL. `sitio` sin esquema en la ficha (`www.eslnyfa.edu`). DNS OK (8.8.8.8 resuelve a IPs de Cloudflare). Verificar con NYFA si el programa sigue admitiendo estudiantes."
24,inservible,duplicado de otra ficha,Scots English College,si,www.scotsenglish.edu.au,SCOTS English College,si,https://www.scotsenglish.edu.au/courses/,9 presenciales + 1 online,"Idiomas ELICOS: General English, EAP, IELTS, Cambridge, PTE Academic, PRONCOM, Fluenciation, Business English, English for Childcare, Building Block English (online)",institucion,"`sitio` sin esquema en la ficha. `ciudad: ""Nueva Gales del Sur""` es el estado, no la ciudad: real es Sydney con 3 campus (Central Station, South Eveleigh, Bay 3). `puede_vender: Idiomas` (duplicado) es coherente con lo que ofrece."
24,observacion,"El `puede_vender` incluye ""Foundation & Pre master"", pero esos pathways de Study Group NO viven en surrey.ac.uk sino en ",University of Surrey,si,www.surrey.ac.uk,University of Surrey,si,https://www.surrey.ac.uk/undergraduate y https://www.surrey.ac.uk/postgraduate,300+ pregrado + postgrado,"Pregrado, Postgrado taught, Postgrado research, Foundation, CPD y cursos cortos",institucion,"El `puede_vender` incluye ""Foundation & Pre master"", pero esos pathways de Study Group NO viven en surrey.ac.uk sino en el dominio separado del International Study Centre: https://isc.surrey.ac.uk/programmes. Si se venden pathways, ese es el catalogo a extraer, no el de la universidad."
24,revisar_a_mano,catálogo no enumerable,William Paterson University,si,www.wpunj.edu,William Paterson University,si,https://www.wpunj.edu/academics/,?,"Pregrado y Postgrado en 5 colleges (Adult and Professional Studies; Arts, Humanities and Social Sciences; Cotsakos College of Business; Education; Science and Health), online y credenciales alternativas",institucion,"La home y `/academics/` no enumeran programas: hay que bajar a los catalogos undergraduate y graduate separados. `partner_group: Enrollment Advisory Group EAG` no se menciona en ninguna parte del dominio oficial — sin confirmar. Sin avisos de fusion, cierre ni cambio de nombre."
