lote,institucion,nombre,nivel,area,duracion,codigo_oficial,url_fuente
01,Australia Institute of Business and Technology,General English (Beginner to Upper Intermediate),curso_corto,Idiomas,no indicada,-,https://aibtglobal.edu.au/courses/
01,Australia Institute of Business and Technology,Certificate III in Individual Support (Ageing),curso_corto,Salud,no indicada,CHC33021,https://aibtglobal.edu.au/courses/
01,Australia Institute of Business and Technology,Certificate III in Individual Support (Disability),curso_corto,Salud,no indicada,CHC33021,https://aibtglobal.edu.au/courses/
01,Australia Institute of Business and Technology,Certificate III in Individual Support (Ageing and Disability),curso_corto,Salud,no indicada,CHC33021,https://aibtglobal.edu.au/courses/
01,Australia Institute of Business and Technology,Diploma of Remedial Massage,diplomado,Salud,no indicada,HLT52021,https://aibtglobal.edu.au/courses/
01,Australia Institute of Business and Technology,Certificate IV in Massage Therapy,curso_corto,Salud,no indicada,HLT42021,https://aibtglobal.edu.au/courses/
01,Australia Institute of Business and Technology,Diploma of Community Services,diplomado,Servicios Sociales,no indicada,CHC52025,https://aibtglobal.edu.au/courses/
01,Australia Institute of Business and Technology,Diploma of Early Childhood Education and Care,diplomado,Educación,no indicada,CHC50125,https://aibtglobal.edu.au/courses/
01,Australia Institute of Business and Technology,Certificate III in Air Conditioning and Refrigeration,curso_corto,Ingeniería,no indicada,UEE32225,https://aibtglobal.edu.au/courses/
01,Australia Institute of Business and Technology,Advanced Diploma of Air Conditioning and Refrigeration Engineering,diplomado,Ingeniería,no indicada,UEE62525,https://aibtglobal.edu.au/courses/
01,Australia Institute of Business and Technology,Certificate III in Light Vehicle Mechanical Technology,curso_corto,Automotriz,no indicada,AUR30620,https://aibtglobal.edu.au/courses/
01,Australia Institute of Business and Technology,Certificate IV in Automotive Mechanical Diagnosis,curso_corto,Automotriz,no indicada,AUR40226,https://aibtglobal.edu.au/courses/
01,Australia Institute of Business and Technology,Diploma of Automotive Management,diplomado,Automotriz,no indicada,AUR50126,https://aibtglobal.edu.au/courses/
01,Australia Institute of Business and Technology,Certificate IV in Automotive Electrical Technology,curso_corto,Automotriz,no indicada,AUR40626,https://aibtglobal.edu.au/courses/
01,Australia Institute of Business and Technology,Advanced Diploma of Information Technology (Telecommunications Network Engineering),diplomado,Tecnología,no indicada,ICT60220,https://aibtglobal.edu.au/courses/
01,Australia Institute of Business and Technology,Certificate III in Painting and Decorating,curso_corto,Construcción,no indicada,CPC30620,https://aibtglobal.edu.au/courses/
01,Australia Institute of Business and Technology,Diploma of Logistics,diplomado,Logística,no indicada,TLI50224,https://aibtglobal.edu.au/courses/
01,Australia Institute of Business and Technology,Advanced Diploma of Supply Chain Management,diplomado,Logística,no indicada,TLI60222,https://aibtglobal.edu.au/courses/
01,Australia Institute of Business and Technology,Diploma of Hospitality Management,diplomado,Hospitalidad,no indicada,SIT50422,https://aibtglobal.edu.au/courses/
01,Australia Institute of Business and Technology,Advanced Diploma of Hospitality Management,diplomado,Hospitalidad,no indicada,SIT60322,https://aibtglobal.edu.au/courses/
01,Australia Institute of Business and Technology,Certificate III in Patisserie,curso_corto,Hospitalidad,no indicada,SIT31021,https://aibtglobal.edu.au/courses/
01,Australia Institute of Business and Technology,Certificate IV in Patisserie,curso_corto,Hospitalidad,no indicada,SIT40721,https://aibtglobal.edu.au/courses/
01,Australia Institute of Business and Technology,Certificate III in Commercial Cookery,curso_corto,Hospitalidad,no indicada,SIT30821,https://aibtglobal.edu.au/courses/
01,Australia Institute of Business and Technology,Certificate IV in Kitchen Management,curso_corto,Hospitalidad,no indicada,SIT40521,https://aibtglobal.edu.au/courses/
01,Florida Atlantic University,"Accounting (B.S., B.B.A.)",bachelor,Negocios,no indicada,-,https://www.fau.edu/programs/
01,Florida Atlantic University,Accounting (M.AC.),maestria,Negocios,no indicada,-,https://www.fau.edu/programs/
01,Florida Atlantic University,Anthropology (B.A.),bachelor,Ciencias Sociales,no indicada,-,https://www.fau.edu/programs/
01,Florida Atlantic University,"Anthropology (M.A.T., M.A.)",maestria,Ciencias Sociales,no indicada,-,https://www.fau.edu/programs/
01,Florida Atlantic University,Architecture (B.Arch.),bachelor,Arquitectura,no indicada,-,https://www.fau.edu/programs/
01,Florida Atlantic University,Art (B.F.A.),bachelor,Artes,no indicada,-,https://www.fau.edu/programs/
01,Florida Atlantic University,Art (B.A.),bachelor,Artes,no indicada,-,https://www.fau.edu/programs/
01,Florida Atlantic University,"Art Education (B.F.A., B.A.)",bachelor,Artes,no indicada,-,https://www.fau.edu/programs/
01,Florida Atlantic University,Artificial Intelligence (M.S.),maestria,Tecnología,no indicada,-,https://www.fau.edu/programs/
01,Florida Atlantic University,"Biological and Physical Sciences (B.S., B.A.)",bachelor,Ciencias,no indicada,-,https://www.fau.edu/programs/
01,Florida Atlantic University,"Biological Sciences (B.S., B.A.)",bachelor,Ciencias,no indicada,-,https://www.fau.edu/programs/
01,Florida Atlantic University,"Biological Sciences (M.S.T., M.S.)",maestria,Ciencias,no indicada,-,https://www.fau.edu/programs/
01,Florida Atlantic University,Biomedical Engineering (M.S.),maestria,Ingeniería,no indicada,-,https://www.fau.edu/programs/
01,Florida Atlantic University,Biomedical Science (M.S.),maestria,Salud,no indicada,-,https://www.fau.edu/programs/
01,Florida Atlantic University,Business Administration (M.B.A.),mba,Negocios,no indicada,-,https://www.fau.edu/programs/
01,Florida Atlantic University,Business Administration (Ph.D.),doctorado,Negocios,no indicada,-,https://www.fau.edu/programs/
01,Florida Atlantic University,Business Analytics (M.S.),maestria,Negocios,no indicada,-,https://www.fau.edu/programs/
01,Florida Atlantic University,Business Biotechnology (P.S.M.),maestria,Ciencias,no indicada,-,https://www.fau.edu/programs/
01,Florida Atlantic University,Chemistry (B.S.),bachelor,Ciencias,no indicada,-,https://www.fau.edu/programs/
01,Florida Atlantic University,Chemistry (B.A.),bachelor,Ciencias,no indicada,-,https://www.fau.edu/programs/
01,Florida Atlantic University,"Chemistry (M.S.T., M.S.)",maestria,Ciencias,no indicada,-,https://www.fau.edu/programs/
01,Florida Atlantic University,Chemistry (Ph.D.),doctorado,Ciencias,no indicada,-,https://www.fau.edu/programs/
01,Florida Atlantic University,Civil Engineering (B.S.C.V.),bachelor,Ingeniería,no indicada,-,https://www.fau.edu/programs/
01,Florida Atlantic University,Civil Engineering (M.S.),maestria,Ingeniería,no indicada,-,https://www.fau.edu/programs/
01,Florida Atlantic University,Commercial Music (B.M.),bachelor,Artes,no indicada,-,https://www.fau.edu/programs/
01,Florida Atlantic University,Communication (M.A.),maestria,Comunicación,no indicada,-,https://www.fau.edu/programs/
01,Florida Atlantic University,Communication Studies (B.A.),bachelor,Comunicación,no indicada,-,https://www.fau.edu/programs/
01,Florida Atlantic University,Comparative Studies (Ph.D.),doctorado,Humanidades,no indicada,-,https://www.fau.edu/programs/
01,Florida Atlantic University,Computer Engineering (B.S.C.E.),bachelor,Ingeniería,no indicada,-,https://www.fau.edu/programs/
01,Florida Atlantic University,Computer Engineering (M.S.),maestria,Ingeniería,no indicada,-,https://www.fau.edu/programs/
01,Florida Atlantic University,Computer Engineering (Ph.D.),doctorado,Ingeniería,no indicada,-,https://www.fau.edu/programs/
01,Florida Atlantic University,"Computer Science (B.S.C.S., B.A.C.S.)",bachelor,Tecnología,no indicada,-,https://www.fau.edu/programs/
01,Florida Atlantic University,Computer Science (M.S.),maestria,Tecnología,no indicada,-,https://www.fau.edu/programs/
01,Florida Atlantic University,Computer Science (Ph.D.),doctorado,Tecnología,no indicada,-,https://www.fau.edu/programs/
01,Florida Atlantic University,Counselor Education (M.Ed.),maestria,Educación,no indicada,-,https://www.fau.edu/programs/
01,Florida Atlantic University,Counselor Education (Ed.S.),posgrado,Educación,no indicada,-,https://www.fau.edu/programs/
01,Florida Atlantic University,Counselor Education (Ph.D.),doctorado,Educación,no indicada,-,https://www.fau.edu/programs/
01,Florida Atlantic University,Creative Writing (M.F.A.),maestria,Artes,no indicada,-,https://www.fau.edu/programs/
01,Florida Atlantic University,Criminal Justice (B.A.),bachelor,Ciencias Sociales,no indicada,-,https://www.fau.edu/programs/
01,Florida Atlantic University,Curriculum and Instruction (M.Ed.),maestria,Educación,no indicada,-,https://www.fau.edu/programs/
01,Florida Atlantic University,Curriculum and Instruction (Ed.S.),posgrado,Educación,no indicada,-,https://www.fau.edu/programs/
01,Florida Atlantic University,Curriculum and Instruction (Ph.D.),doctorado,Educación,no indicada,-,https://www.fau.edu/programs/
01,Florida Atlantic University,Data Science and Analytics (M.S. · Arts & Letters),maestria,Tecnología,no indicada,-,https://www.fau.edu/programs/
01,Florida Atlantic University,Data Science and Analytics (B.S. · Business),bachelor,Negocios,no indicada,-,https://www.fau.edu/programs/
01,Florida Atlantic University,Data Science and Analytics (M.S. · Business),maestria,Negocios,no indicada,-,https://www.fau.edu/programs/
01,Florida Atlantic University,Data Science and Analytics (B.S. · Engineering and Computer Science),bachelor,Tecnología,no indicada,-,https://www.fau.edu/programs/
01,Florida Atlantic University,Data Science and Analytics (M.S. · Engineering and Computer Science),maestria,Tecnología,no indicada,-,https://www.fau.edu/programs/
01,Florida Atlantic University,Data Science and Analytics (B.S. · Science),bachelor,Ciencias,no indicada,-,https://www.fau.edu/programs/
01,Florida Atlantic University,Data Science and Analytics (M.S. · Science),maestria,Ciencias,no indicada,-,https://www.fau.edu/programs/
01,Florida Atlantic University,Early Care and Education (B.E.C.E.),bachelor,Educación,no indicada,-,https://www.fau.edu/programs/
01,Florida Atlantic University,"Economics (B.S., B.B.A.)",bachelor,Negocios,no indicada,-,https://www.fau.edu/programs/
01,Florida Atlantic University,Economics (M.S.T.),maestria,Negocios,no indicada,-,https://www.fau.edu/programs/
01,Florida Atlantic University,Economics (M.S.),maestria,Negocios,no indicada,-,https://www.fau.edu/programs/
01,Florida Atlantic University,Educational Leadership (M.Ed.),maestria,Educación,no indicada,-,https://www.fau.edu/programs/
01,Florida Atlantic University,Educational Leadership (Ed.S.),posgrado,Educación,no indicada,-,https://www.fau.edu/programs/
01,Florida Atlantic University,Educational Leadership (Ph.D.),doctorado,Educación,no indicada,-,https://www.fau.edu/programs/
01,Florida Atlantic University,Educational Psychology (M.Ed.),maestria,Educación,no indicada,-,https://www.fau.edu/programs/
01,Florida Atlantic University,Electrical Engineering (B.S.E.E.),bachelor,Ingeniería,no indicada,-,https://www.fau.edu/programs/
01,Florida Atlantic University,Electrical Engineering (M.S.),maestria,Ingeniería,no indicada,-,https://www.fau.edu/programs/
01,Florida Atlantic University,Electrical Engineering (Ph.D.),doctorado,Ingeniería,no indicada,-,https://www.fau.edu/programs/
01,Florida Atlantic University,"Elementary Education (B.A., B.A.E.)",bachelor,Educación,no indicada,-,https://www.fau.edu/programs/
01,Florida Atlantic University,Elementary Education (M.Ed.),maestria,Educación,no indicada,-,https://www.fau.edu/programs/
01,Florida Atlantic University,English (B.A.),bachelor,Humanidades,no indicada,-,https://www.fau.edu/programs/
01,Florida Atlantic University,English (M.A.),maestria,Humanidades,no indicada,-,https://www.fau.edu/programs/
01,Florida Atlantic University,"English Education (B.A., B.A.E.)",bachelor,Educación,no indicada,-,https://www.fau.edu/programs/
01,Florida Atlantic University,Environmental Education (M.Ed.),maestria,Educación,no indicada,-,https://www.fau.edu/programs/
01,Florida Atlantic University,Environmental Engineering (B.S.E.V.),bachelor,Ingeniería,no indicada,-,https://www.fau.edu/programs/
01,Florida Atlantic University,Environmental Science (M.S.),maestria,Ciencias,no indicada,-,https://www.fau.edu/programs/
01,Florida Atlantic University,Exceptional Student Education (M.Ed.),maestria,Educación,no indicada,-,https://www.fau.edu/programs/
01,Florida Atlantic University,"Exceptional Student Education: ESOL Endorsement (B.A., B.A.E.)",bachelor,Educación,no indicada,-,https://www.fau.edu/programs/
01,Florida Atlantic University,Executive Business Administration (M.B.A.),mba,Negocios,no indicada,-,https://www.fau.edu/programs/
01,Florida Atlantic University,Executive Health Administration (M.H.A.),maestria,Salud,no indicada,-,https://www.fau.edu/programs/
01,Florida Atlantic University,Executive International Business (M.S.),maestria,Negocios,no indicada,-,https://www.fau.edu/programs/
01,Florida Atlantic University,Executive Master of Accounting (M.AC.),maestria,Negocios,no indicada,-,https://www.fau.edu/programs/
01,Florida Atlantic University,Executive Master of Taxation (M.TX.),maestria,Negocios,no indicada,-,https://www.fau.edu/programs/
01,Florida Atlantic University,Exercise Science and Health Promotion (B.S.),bachelor,Salud,no indicada,-,https://www.fau.edu/programs/
01,Florida Atlantic University,Exercise Science and Health Promotion (M.S.),maestria,Salud,no indicada,-,https://www.fau.edu/programs/
01,Florida Atlantic University,Experimental Psychology (Ph.D.),doctorado,Psicología,no indicada,-,https://www.fau.edu/programs/
01,Florida Atlantic University,"Finance (B.S., B.B.A.)",bachelor,Negocios,no indicada,-,https://www.fau.edu/programs/
01,Florida Atlantic University,Finance (M.S.),maestria,Negocios,no indicada,-,https://www.fau.edu/programs/
01,Florida Atlantic University,General Studies (B.G.S.),bachelor,Estudios Generales,no indicada,-,https://www.fau.edu/programs/
01,Florida Atlantic University,Geomatics Engineering (B.S.G.E.),bachelor,Ingeniería,no indicada,-,https://www.fau.edu/programs/
01,Florida Atlantic University,Geosciences (B.S.),bachelor,Ciencias,no indicada,-,https://www.fau.edu/programs/
01,Florida Atlantic University,Geosciences (B.A.),bachelor,Ciencias,no indicada,-,https://www.fau.edu/programs/
01,Florida Atlantic University,Geosciences (M.S.),maestria,Ciencias,no indicada,-,https://www.fau.edu/programs/
01,Florida Atlantic University,Geosciences (Ph.D.),doctorado,Ciencias,no indicada,-,https://www.fau.edu/programs/
01,Florida Atlantic University,Health Administration (B.H.S.),bachelor,Salud,no indicada,-,https://www.fau.edu/programs/
01,Florida Atlantic University,Health Administration (M.H.A.),maestria,Salud,no indicada,-,https://www.fau.edu/programs/
01,Florida Atlantic University,Health Science (B.A.),bachelor,Salud,no indicada,-,https://www.fau.edu/programs/
01,Florida Atlantic University,History (B.A.),bachelor,Humanidades,no indicada,-,https://www.fau.edu/programs/
01,Florida Atlantic University,History (M.A.),maestria,Humanidades,no indicada,-,https://www.fau.edu/programs/
01,Florida Atlantic University,"Hospitality and Tourism Management (B.S., B.B.A.)",bachelor,Hospitalidad,no indicada,-,https://www.fau.edu/programs/
01,Florida Atlantic University,Information Technology and Management (M.S.),maestria,Tecnología,no indicada,-,https://www.fau.edu/programs/
01,Florida Atlantic University,Information Technology and Management Advanced (M.S.),maestria,Tecnología,no indicada,-,https://www.fau.edu/programs/
01,Florida Atlantic University,Instructional Technology (M.Ed.),maestria,Educación,no indicada,-,https://www.fau.edu/programs/
01,Florida Atlantic University,Integrative Biology (Ph.D.),doctorado,Ciencias,no indicada,-,https://www.fau.edu/programs/
01,Florida Atlantic University,Interdisciplinary Studies (B.A.),bachelor,Estudios Generales,no indicada,-,https://www.fau.edu/programs/
01,Florida Atlantic University,"International Business (B.S., B.B.A.)",bachelor,Negocios,no indicada,-,https://www.fau.edu/programs/
01,Florida Atlantic University,International Business (M.S.),maestria,Negocios,no indicada,-,https://www.fau.edu/programs/
01,Florida Atlantic University,Jewish Studies (B.A.),bachelor,Humanidades,no indicada,-,https://www.fau.edu/programs/
01,Florida Atlantic University,"Languages, Linguistics and Comparative Literature (B.A.)",bachelor,Idiomas,no indicada,-,https://www.fau.edu/programs/
01,Florida Atlantic University,"Languages, Linguistics and Comparative Literature (M.A.)",maestria,Idiomas,no indicada,-,https://www.fau.edu/programs/
01,Florida Atlantic University,Liberal Arts and Sciences (B.S.),bachelor,Estudios Generales,no indicada,-,https://www.fau.edu/programs/
01,Florida Atlantic University,Liberal Arts and Sciences (B.A.),bachelor,Estudios Generales,no indicada,-,https://www.fau.edu/programs/
01,Florida Atlantic University,Management (B.S.),bachelor,Negocios,no indicada,-,https://www.fau.edu/programs/
01,Florida Atlantic University,Management (B.B.A.),bachelor,Negocios,no indicada,-,https://www.fau.edu/programs/
01,Florida Atlantic University,"Management Information Systems (B.S., B.B.A.)",bachelor,Tecnología,no indicada,-,https://www.fau.edu/programs/
01,Florida Atlantic University,Marine Science and Oceanography (M.S.),maestria,Ciencias,no indicada,-,https://www.fau.edu/programs/
01,Florida Atlantic University,"Marketing (B.S., B.B.A.)",bachelor,Negocios,no indicada,-,https://www.fau.edu/programs/
01,Florida Atlantic University,"Mathematics (B.S., B.A.)",bachelor,Matemáticas,no indicada,-,https://www.fau.edu/programs/
01,Florida Atlantic University,Mathematics (M.S.T.),maestria,Matemáticas,no indicada,-,https://www.fau.edu/programs/
01,Florida Atlantic University,Mathematics (M.S.),maestria,Matemáticas,no indicada,-,https://www.fau.edu/programs/
01,Florida Atlantic University,Mathematics (Ph.D.),doctorado,Matemáticas,no indicada,-,https://www.fau.edu/programs/
01,Florida Atlantic University,"Mathematics Education (B.A., B.A.E.)",bachelor,Educación,no indicada,-,https://www.fau.edu/programs/
01,Florida Atlantic University,Mechanical Engineering (B.S.M.E.),bachelor,Ingeniería,no indicada,-,https://www.fau.edu/programs/
01,Florida Atlantic University,Mechanical Engineering (M.S.),maestria,Ingeniería,no indicada,-,https://www.fau.edu/programs/
01,Florida Atlantic University,Mechanical Engineering (Ph.D.),doctorado,Ingeniería,no indicada,-,https://www.fau.edu/programs/
01,Florida Atlantic University,"Media, Technology and Entertainment (M.F.A.)",maestria,Comunicación,no indicada,-,https://www.fau.edu/programs/
01,Florida Atlantic University,Medical Biology (B.S.),bachelor,Salud,no indicada,-,https://www.fau.edu/programs/
01,Florida Atlantic University,Medical Physics (P.S.M.),maestria,Ciencias,no indicada,-,https://www.fau.edu/programs/
01,Florida Atlantic University,Medicine (M.D.),doctorado,Salud,no indicada,-,https://www.fau.edu/programs/
01,Florida Atlantic University,Multimedia Studies (B.A.),bachelor,Comunicación,no indicada,-,https://www.fau.edu/programs/
01,Florida Atlantic University,Music (B.M.),bachelor,Artes,no indicada,-,https://www.fau.edu/programs/
01,Florida Atlantic University,Music (B.A.),bachelor,Artes,no indicada,-,https://www.fau.edu/programs/
01,Florida Atlantic University,Music (M.M.),maestria,Artes,no indicada,-,https://www.fau.edu/programs/
01,Florida Atlantic University,Music Education (B.M.E.),bachelor,Educación,no indicada,-,https://www.fau.edu/programs/
01,Florida Atlantic University,Neuroscience (Ph.D. · Education),doctorado,Ciencias,no indicada,-,https://www.fau.edu/programs/
01,Florida Atlantic University,Neuroscience (Ph.D. · Engineering and Computer Science),doctorado,Ciencias,no indicada,-,https://www.fau.edu/programs/
01,Florida Atlantic University,Neuroscience (Ph.D. · Science),doctorado,Ciencias,no indicada,-,https://www.fau.edu/programs/
01,Florida Atlantic University,Neuroscience and Behavior (B.S.),bachelor,Ciencias,no indicada,-,https://www.fau.edu/programs/
01,Florida Atlantic University,Nonprofit Management (M.N.M.),maestria,Negocios,no indicada,-,https://www.fau.edu/programs/
01,Florida Atlantic University,Nursing (B.S.N.),bachelor,Salud,no indicada,-,https://www.fau.edu/programs/
01,Florida Atlantic University,Nursing (M.S.N.),maestria,Salud,no indicada,-,https://www.fau.edu/programs/
01,Florida Atlantic University,Nursing (Ph.D.),doctorado,Salud,no indicada,-,https://www.fau.edu/programs/
01,Florida Atlantic University,Nursing Practice (D.N.P.),doctorado,Salud,no indicada,-,https://www.fau.edu/programs/
01,Florida Atlantic University,Nursing: Accelerated (B.S.N.),bachelor,Salud,no indicada,-,https://www.fau.edu/programs/
01,Florida Atlantic University,Ocean Engineering (B.S.O.E.),bachelor,Ingeniería,no indicada,-,https://www.fau.edu/programs/
01,Florida Atlantic University,Ocean Engineering (M.S.),maestria,Ingeniería,no indicada,-,https://www.fau.edu/programs/
01,Florida Atlantic University,Ocean Engineering (Ph.D.),doctorado,Ingeniería,no indicada,-,https://www.fau.edu/programs/
01,Florida Atlantic University,Philosophy (B.A.),bachelor,Humanidades,no indicada,-,https://www.fau.edu/programs/
01,Florida Atlantic University,"Physics (B.S., B.A.)",bachelor,Ciencias,no indicada,-,https://www.fau.edu/programs/
01,Florida Atlantic University,"Physics (M.S.T., M.S.)",maestria,Ciencias,no indicada,-,https://www.fau.edu/programs/
01,Florida Atlantic University,Physics (Ph.D.),doctorado,Ciencias,no indicada,-,https://www.fau.edu/programs/
01,Florida Atlantic University,Political Science (B.A.),bachelor,Ciencias Sociales,no indicada,-,https://www.fau.edu/programs/
01,Florida Atlantic University,"Political Science (M.A.T., M.A.)",maestria,Ciencias Sociales,no indicada,-,https://www.fau.edu/programs/
01,Florida Atlantic University,Professional Business Administration (M.B.A.),mba,Negocios,no indicada,-,https://www.fau.edu/programs/
01,Florida Atlantic University,Professional Studies (B.P.S.),bachelor,Estudios Generales,no indicada,-,https://www.fau.edu/programs/
01,Florida Atlantic University,Psychology (B.A.),bachelor,Psicología,no indicada,-,https://www.fau.edu/programs/
01,Florida Atlantic University,Psychology (M.A.),maestria,Psicología,no indicada,-,https://www.fau.edu/programs/
01,Florida Atlantic University,Public Administration (M.P.A.),maestria,Ciencias Sociales,no indicada,-,https://www.fau.edu/programs/
01,Florida Atlantic University,Public Administration (Ph.D.),doctorado,Ciencias Sociales,no indicada,-,https://www.fau.edu/programs/
01,Florida Atlantic University,Public Management (B.P.M.),bachelor,Ciencias Sociales,no indicada,-,https://www.fau.edu/programs/
01,Florida Atlantic University,Public Safety Administration (B.P.S.A.),bachelor,Ciencias Sociales,no indicada,-,https://www.fau.edu/programs/
01,Florida Atlantic University,Reading Education (M.Ed.),maestria,Educación,no indicada,-,https://www.fau.edu/programs/
01,Florida Atlantic University,"Science Education (B.S., B.S.E., B.A.)",bachelor,Educación,no indicada,-,https://www.fau.edu/programs/
01,Florida Atlantic University,Secondary Education plus Certification (M.Ed.),maestria,Educación,no indicada,-,https://www.fau.edu/programs/
01,Florida Atlantic University,"Social Science Education (B.A., B.A.E.)",bachelor,Educación,no indicada,-,https://www.fau.edu/programs/
01,Florida Atlantic University,Social Work (B.S.W.),bachelor,Ciencias Sociales,no indicada,-,https://www.fau.edu/programs/
01,Florida Atlantic University,Social Work (M.S.W.),maestria,Ciencias Sociales,no indicada,-,https://www.fau.edu/programs/
01,Florida Atlantic University,Social Work (D.S.W.),doctorado,Ciencias Sociales,no indicada,-,https://www.fau.edu/programs/
01,Florida Atlantic University,Sociology (B.A.),bachelor,Ciencias Sociales,no indicada,-,https://www.fau.edu/programs/
01,Florida Atlantic University,Sociology (M.A.),maestria,Ciencias Sociales,no indicada,-,https://www.fau.edu/programs/
01,Florida Atlantic University,Special Education (Ph.D.),doctorado,Educación,no indicada,-,https://www.fau.edu/programs/
01,Florida Atlantic University,Speech - Language Pathology/Audiology (M.S.),maestria,Salud,no indicada,-,https://www.fau.edu/programs/
01,Florida Atlantic University,Studio/Fine Arts (M.F.A.),maestria,Artes,no indicada,-,https://www.fau.edu/programs/
01,Florida Atlantic University,Supply Chain Management (M.S.),maestria,Negocios,no indicada,-,https://www.fau.edu/programs/
01,Florida Atlantic University,Taxation (M.TX.),maestria,Negocios,no indicada,-,https://www.fau.edu/programs/
01,Florida Atlantic University,Theatre (B.F.A.),bachelor,Artes,no indicada,-,https://www.fau.edu/programs/
01,Florida Atlantic University,Theatre (B.A.),bachelor,Artes,no indicada,-,https://www.fau.edu/programs/
01,Florida Atlantic University,Theatre (M.F.A.),maestria,Artes,no indicada,-,https://www.fau.edu/programs/
01,Florida Atlantic University,Transportation and Environmental Engineering (Ph.D.),doctorado,Ingeniería,no indicada,-,https://www.fau.edu/programs/
01,Florida Atlantic University,Urban and Regional Planning (B.U.R.P.),bachelor,Arquitectura,no indicada,-,https://www.fau.edu/programs/
01,Florida Atlantic University,Urban and Regional Planning (M.U.R.P.),maestria,Arquitectura,no indicada,-,https://www.fau.edu/programs/
01,Florida Atlantic University,Urban Design (B.U.D.),bachelor,Arquitectura,no indicada,-,https://www.fau.edu/programs/
01,Florida Atlantic University,"Women, Gender and Sexuality Studies (M.A.)",maestria,Ciencias Sociales,no indicada,-,https://www.fau.edu/programs/
01,Florida Atlantic University,Actuarial Science (Undergraduate Certificate),curso_corto,Matemáticas,no indicada,-,https://www.fau.edu/programs/
01,Florida Atlantic University,Addictions (Graduate Certificate),posgrado,Salud,no indicada,-,https://www.fau.edu/programs/
01,Florida Atlantic University,Adult/Gerontological Nurse Practitioner (Post-Master's Certificate),posgrado,Salud,no indicada,-,https://www.fau.edu/programs/
01,Florida Atlantic University,Advanced Geographic Information Systems (Undergraduate Certificate),curso_corto,Ciencias,no indicada,-,https://www.fau.edu/programs/
01,Florida Atlantic University,Advanced Holistic Nursing (Post-Master's Certificate),posgrado,Salud,no indicada,-,https://www.fau.edu/programs/
01,Florida Atlantic University,Aerospace Engineering (Undergraduate Certificate),curso_corto,Ingeniería,no indicada,-,https://www.fau.edu/programs/
01,Florida Atlantic University,Aerospace Engineering (Graduate Certificate),posgrado,Ingeniería,no indicada,-,https://www.fau.edu/programs/
01,Florida Atlantic University,Applied Mental Health Services (Undergraduate Certificate),curso_corto,Psicología,no indicada,-,https://www.fau.edu/programs/
01,Florida Atlantic University,Artificial Intelligence (Graduate Certificate),posgrado,Tecnología,no indicada,-,https://www.fau.edu/programs/
01,Florida Atlantic University,Artificial Intelligence (Undergraduate Certificate),curso_corto,Tecnología,no indicada,-,https://www.fau.edu/programs/
01,Florida Atlantic University,Asian Studies (Undergraduate Certificate),curso_corto,Humanidades,no indicada,-,https://www.fau.edu/programs/
01,Florida Atlantic University,Big Data Analytics: Business (Graduate Certificate),posgrado,Negocios,no indicada,-,https://www.fau.edu/programs/
01,Florida Atlantic University,Big Data Analytics: Computer Science (Graduate Certificate),posgrado,Tecnología,no indicada,-,https://www.fau.edu/programs/
01,Florida Atlantic University,Biomedical Engineering (Graduate Certificate),posgrado,Ingeniería,no indicada,-,https://www.fau.edu/programs/
01,Florida Atlantic University,Biomedical Engineering (Undergraduate Certificate),curso_corto,Ingeniería,no indicada,-,https://www.fau.edu/programs/
01,Florida Atlantic University,Biomedical Science (Graduate Certificate),posgrado,Salud,no indicada,-,https://www.fau.edu/programs/
01,Florida Atlantic University,Biotechnology (Undergraduate Certificate),curso_corto,Ciencias,no indicada,-,https://www.fau.edu/programs/
01,Florida Atlantic University,Business Analytics (Undergraduate Certificate),curso_corto,Negocios,no indicada,-,https://www.fau.edu/programs/
01,Florida Atlantic University,Casino and Gaming Industry Management (Undergraduate Certificate),curso_corto,Hospitalidad,no indicada,-,https://www.fau.edu/programs/
01,Florida Atlantic University,Child Welfare (Undergraduate Certificate),curso_corto,Ciencias Sociales,no indicada,-,https://www.fau.edu/programs/
01,Florida Atlantic University,Child Welfare (Graduate Certificate),posgrado,Ciencias Sociales,no indicada,-,https://www.fau.edu/programs/
01,Florida Atlantic University,Classical Studies (Undergraduate Certificate),curso_corto,Humanidades,no indicada,-,https://www.fau.edu/programs/
01,Florida Atlantic University,Clinical Nurse Leader (Post-Master's Certificate),posgrado,Salud,no indicada,-,https://www.fau.edu/programs/
01,Florida Atlantic University,Club Management (Undergraduate Certificate),curso_corto,Hospitalidad,no indicada,-,https://www.fau.edu/programs/
01,Florida Atlantic University,Corrosion (Graduate Certificate),posgrado,Ingeniería,no indicada,-,https://www.fau.edu/programs/
01,Florida Atlantic University,Crisis and Disaster Management (Graduate Certificate),posgrado,Negocios,no indicada,-,https://www.fau.edu/programs/
01,Florida Atlantic University,Crisis and Emergency Management (Graduate Certificate),posgrado,Negocios,no indicada,-,https://www.fau.edu/programs/
01,Florida Atlantic University,Cyber Security: Computer Science (Graduate Certificate),posgrado,Tecnología,no indicada,-,https://www.fau.edu/programs/
01,Florida Atlantic University,Cyber Security: Mathematics (Graduate Certificate),posgrado,Matemáticas,no indicada,-,https://www.fau.edu/programs/
01,Florida Atlantic University,Cybersecurity: Computer Science (Undergraduate Certificate),curso_corto,Tecnología,no indicada,-,https://www.fau.edu/programs/
01,Florida Atlantic University,Cybersecurity: Information Technology (Undergraduate Certificate),curso_corto,Tecnología,no indicada,-,https://www.fau.edu/programs/
01,Florida Atlantic University,Cybersecurity: Mathematical Sciences (Undergraduate Certificate),curso_corto,Matemáticas,no indicada,-,https://www.fau.edu/programs/
01,Florida Atlantic University,Data Science: Computer Science and Analytics (Undergraduate Certificate),curso_corto,Tecnología,no indicada,-,https://www.fau.edu/programs/
01,Florida Atlantic University,Data Science: Mathematical Sciences (Undergraduate Certificate),curso_corto,Matemáticas,no indicada,-,https://www.fau.edu/programs/
01,Florida Atlantic University,Digital Marketing (Undergraduate Certificate),curso_corto,Negocios,no indicada,-,https://www.fau.edu/programs/
01,Florida Atlantic University,Diversity and Global Studies (Undergraduate Certificate),curso_corto,Educación,no indicada,-,https://www.fau.edu/programs/
01,Florida Atlantic University,Early Childhood Environmental Education (Undergraduate Certificate),curso_corto,Educación,no indicada,-,https://www.fau.edu/programs/
01,Florida Atlantic University,Energy Resilience (Graduate Certificate),posgrado,Ingeniería,no indicada,-,https://www.fau.edu/programs/
01,Florida Atlantic University,English as a Second Language (Graduate Certificate),posgrado,Idiomas,no indicada,-,https://www.fau.edu/programs/
01,Florida Atlantic University,English as a Second Language (Undergraduate Certificate),curso_corto,Idiomas,no indicada,-,https://www.fau.edu/programs/
01,Florida Atlantic University,Environmental Education (Graduate Certificate),posgrado,Educación,no indicada,-,https://www.fau.edu/programs/
01,Florida Atlantic University,Environmental Restoration (Graduate Certificate),posgrado,Ciencias,no indicada,-,https://www.fau.edu/programs/
01,Florida Atlantic University,Environmental Science (Undergraduate Certificate),curso_corto,Ciencias,no indicada,-,https://www.fau.edu/programs/
01,Florida Atlantic University,"Ethics, Law and Society (Undergraduate Certificate)",curso_corto,Humanidades,no indicada,-,https://www.fau.edu/programs/
01,Florida Atlantic University,Ethnic Studies (Undergraduate Certificate),curso_corto,Ciencias Sociales,no indicada,-,https://www.fau.edu/programs/
01,Florida Atlantic University,Family Nurse Practitioner (Post-Master's Certificate),posgrado,Salud,no indicada,-,https://www.fau.edu/programs/
01,Florida Atlantic University,Film and Culture (Graduate Certificate),posgrado,Artes,no indicada,-,https://www.fau.edu/programs/
01,Florida Atlantic University,FinTech (Graduate Certificate),posgrado,Negocios,no indicada,-,https://www.fau.edu/programs/
01,Florida Atlantic University,FinTech (Undergraduate Certificate),curso_corto,Negocios,no indicada,-,https://www.fau.edu/programs/
01,Florida Atlantic University,Genomics and Predictive Health (Graduate Certificate),posgrado,Salud,no indicada,-,https://www.fau.edu/programs/
01,Florida Atlantic University,Geographic Information Systems (Undergraduate Certificate),curso_corto,Ciencias,no indicada,-,https://www.fau.edu/programs/
01,Florida Atlantic University,Geographic Information Systems (Graduate Certificate),posgrado,Ciencias,no indicada,-,https://www.fau.edu/programs/
01,Florida Atlantic University,Gerontology (Undergraduate Certificate),curso_corto,Salud,no indicada,-,https://www.fau.edu/programs/
01,Florida Atlantic University,Health Administration (Graduate Certificate),posgrado,Salud,no indicada,-,https://www.fau.edu/programs/
01,Florida Atlantic University,Healthcare Information Systems (Undergraduate Certificate),curso_corto,Salud,no indicada,-,https://www.fau.edu/programs/
01,Florida Atlantic University,Healthy Aging (Undergraduate Certificate),curso_corto,Salud,no indicada,-,https://www.fau.edu/programs/
01,Florida Atlantic University,Healthy Aging (Graduate Certificate),posgrado,Salud,no indicada,-,https://www.fau.edu/programs/
01,Florida Atlantic University,Hospitality and Tourism Management (Graduate Certificate),posgrado,Hospitalidad,no indicada,-,https://www.fau.edu/programs/
01,Florida Atlantic University,Hospitality and Tourism Management (Undergraduate Certificate),curso_corto,Hospitalidad,no indicada,-,https://www.fau.edu/programs/
01,Florida Atlantic University,Innovation Entrepreneurship (Graduate Certificate),posgrado,Negocios,no indicada,-,https://www.fau.edu/programs/
01,Florida Atlantic University,Instructional Design (Graduate Certificate),posgrado,Educación,no indicada,-,https://www.fau.edu/programs/
01,Florida Atlantic University,Interdisciplinary Applications of Artificial Intelligence: Business (Undergraduate Certificate),curso_corto,Negocios,no indicada,-,https://www.fau.edu/programs/
01,Florida Atlantic University,Interdisciplinary Applications of Artificial Intelligence: Scientific (Undergraduate Certificate),curso_corto,Ciencias,no indicada,-,https://www.fau.edu/programs/
01,Florida Atlantic University,Interdisciplinary Applications of Artificial Intelligence: Societal (Undergraduate Certificate),curso_corto,Ciencias Sociales,no indicada,-,https://www.fau.edu/programs/
01,Florida Atlantic University,Interdisciplinary Applications of Artificial Intelligence: Technology (Undergraduate Certificate),curso_corto,Tecnología,no indicada,-,https://www.fau.edu/programs/
01,Florida Atlantic University,International Business (Undergraduate Certificate),curso_corto,Negocios,no indicada,-,https://www.fau.edu/programs/
01,Florida Atlantic University,Investment Management (Undergraduate Certificate),curso_corto,Negocios,no indicada,-,https://www.fau.edu/programs/
01,Florida Atlantic University,K-12 Online Teaching (Graduate Certificate),posgrado,Educación,no indicada,-,https://www.fau.edu/programs/
01,Florida Atlantic University,Latin American Studies (Undergraduate Certificate),curso_corto,Humanidades,no indicada,-,https://www.fau.edu/programs/
01,Florida Atlantic University,Literary Translation (Graduate Certificate),posgrado,Idiomas,no indicada,-,https://www.fau.edu/programs/
01,Florida Atlantic University,Marine Materials and Offshore Engineering (Undergraduate Certificate),curso_corto,Ingeniería,no indicada,-,https://www.fau.edu/programs/
01,Florida Atlantic University,Medical Physics (Graduate Certificate),posgrado,Ciencias,no indicada,-,https://www.fau.edu/programs/
01,Florida Atlantic University,Meetings and Events Management (Undergraduate Certificate),curso_corto,Hospitalidad,no indicada,-,https://www.fau.edu/programs/
01,Florida Atlantic University,Multicultural Education (Graduate Certificate),posgrado,Educación,no indicada,-,https://www.fau.edu/programs/
01,Florida Atlantic University,Naval Architecture (Undergraduate Certificate),curso_corto,Ingeniería,no indicada,-,https://www.fau.edu/programs/
01,Florida Atlantic University,Neuroscience (Graduate Certificate),posgrado,Ciencias,no indicada,-,https://www.fau.edu/programs/
01,Florida Atlantic University,Nonprofit Executive Leadership (Graduate Certificate),posgrado,Negocios,no indicada,-,https://www.fau.edu/programs/
01,Florida Atlantic University,Nursing Administration and Financial Leadership (Post-Master's Certificate),posgrado,Salud,no indicada,-,https://www.fau.edu/programs/
01,Florida Atlantic University,Nursing: Education (Post-Master's Certificate),posgrado,Salud,no indicada,-,https://www.fau.edu/programs/
01,Florida Atlantic University,Offshore Engineering (Graduate Certificate),posgrado,Ingeniería,no indicada,-,https://www.fau.edu/programs/
01,Florida Atlantic University,"Peace, Justice and Human Rights (Undergraduate Certificate)",curso_corto,Ciencias Sociales,no indicada,-,https://www.fau.edu/programs/
01,Florida Atlantic University,Pharmaceutical Technology (Undergraduate Certificate),curso_corto,Salud,no indicada,-,https://www.fau.edu/programs/
01,Florida Atlantic University,Post-Baccalaureate Pre-Health Professions (Undergraduate Certificate),curso_corto,Salud,no indicada,-,https://www.fau.edu/programs/
01,Florida Atlantic University,Post-Baccalaureate Research Education Program in Chemistry (Graduate Certificate),posgrado,Ciencias,no indicada,-,https://www.fau.edu/programs/
01,Florida Atlantic University,Professional Accounting (Graduate Certificate),posgrado,Negocios,no indicada,-,https://www.fau.edu/programs/
01,Florida Atlantic University,Professional and Technical Writing (Undergraduate Certificate),curso_corto,Comunicación,no indicada,-,https://www.fau.edu/programs/
01,Florida Atlantic University,Psychiatric Mental Health Nurse Practitioner (Post-Master's Certificate),posgrado,Salud,no indicada,-,https://www.fau.edu/programs/
01,Florida Atlantic University,Public Ethics and Leadership (Graduate Certificate),posgrado,Ciencias Sociales,no indicada,-,https://www.fau.edu/programs/
01,Florida Atlantic University,Public Policy (Graduate Certificate),posgrado,Ciencias Sociales,no indicada,-,https://www.fau.edu/programs/
01,Florida Atlantic University,Religious Studies (Undergraduate Certificate),curso_corto,Humanidades,no indicada,-,https://www.fau.edu/programs/
01,Florida Atlantic University,Remote Sensing (Graduate Certificate),posgrado,Ciencias,no indicada,-,https://www.fau.edu/programs/
01,Florida Atlantic University,Risk Management (Graduate Certificate),posgrado,Negocios,no indicada,-,https://www.fau.edu/programs/
01,Florida Atlantic University,Risk Management and Insurance (Undergraduate Certificate),curso_corto,Negocios,no indicada,-,https://www.fau.edu/programs/
01,Florida Atlantic University,Robotics Engineering (Undergraduate Certificate),curso_corto,Ingeniería,no indicada,-,https://www.fau.edu/programs/
01,Florida Atlantic University,Social Justice (Graduate Certificate),posgrado,Ciencias Sociales,no indicada,-,https://www.fau.edu/programs/
01,Florida Atlantic University,Social Justice (Undergraduate Certificate),curso_corto,Ciencias Sociales,no indicada,-,https://www.fau.edu/programs/
01,Florida Atlantic University,Statistics (Undergraduate Certificate),curso_corto,Matemáticas,no indicada,-,https://www.fau.edu/programs/
01,Florida Atlantic University,Supported Community Access (Undergraduate Certificate),curso_corto,Educación,no indicada,-,https://www.fau.edu/programs/
01,Florida Atlantic University,Supported Community Living (Undergraduate Certificate),curso_corto,Educación,no indicada,-,https://www.fau.edu/programs/
01,Florida Atlantic University,Supported Employment (Undergraduate Certificate),curso_corto,Educación,no indicada,-,https://www.fau.edu/programs/
01,Florida Atlantic University,Surveying and Mapping (Undergraduate Certificate),curso_corto,Ingeniería,no indicada,-,https://www.fau.edu/programs/
01,Florida Atlantic University,Teacher Leadership (Graduate Certificate),posgrado,Educación,no indicada,-,https://www.fau.edu/programs/
01,Florida Atlantic University,Transportation Engineering (Graduate Certificate),posgrado,Ingeniería,no indicada,-,https://www.fau.edu/programs/
01,Florida Atlantic University,"Transportation, Logistics and Supply Chain Management (Graduate Certificate)",posgrado,Ingeniería,no indicada,-,https://www.fau.edu/programs/
01,Florida Atlantic University,Undergraduate Research (Undergraduate Certificate),curso_corto,Estudios Generales,no indicada,-,https://www.fau.edu/programs/
01,Florida Atlantic University,Underwater Acoustics (Undergraduate Certificate),curso_corto,Ingeniería,no indicada,-,https://www.fau.edu/programs/
01,Florida Atlantic University,"Women, Gender and Sexuality Studies (Graduate Certificate)",posgrado,Ciencias Sociales,no indicada,-,https://www.fau.edu/programs/
01,Sir Wilfrid Laurier School Board,International Student Program,intercambio,Estudios Generales,no indicada,-,https://www.swlauriersb.qc.ca/en/schools/our-schools/
01,Sir Wilfrid Laurier School Board,Summer Programs,vacacional,Estudios Generales,no indicada,-,https://www.swlauriersb.qc.ca/en/schools/our-schools/
01,Sir Wilfrid Laurier School Board,Accounting Studies,diplomado,Negocios,no indicada,-,https://cdcpontviau.swlauriersb.qc.ca/
01,Sir Wilfrid Laurier School Board,Secretarial Studies,diplomado,Negocios,no indicada,-,https://cdcpontviau.swlauriersb.qc.ca/
01,Sir Wilfrid Laurier School Board,Secretarial Studies Legal,especializacion,Negocios,450 horas · 5 meses,5873,https://cdcpontviau.swlauriersb.qc.ca/
01,Sir Wilfrid Laurier School Board,Support for Assistive Services in Health and Social Services Institutions,diplomado,Salud,705 horas · 7 meses,5905,https://cdcpontviau.swlauriersb.qc.ca/
01,Sir Wilfrid Laurier School Board,"Health, Assistance and Nursing",diplomado,Salud,no indicada,-,https://cdcpontviau.swlauriersb.qc.ca/
01,Sir Wilfrid Laurier School Board,Sustainable Homes in Québec Training,curso_corto,Construcción,no indicada,-,https://cdcpontviau.swlauriersb.qc.ca/
01,Insenia Design School Madrid,"Máster Profesional de Arquitectura de Interiores, Interiorismo y Decoración",maestria,Diseño de Interiores,12 meses,-,https://www.insenia.es/master-de-arquitectura-de-interiores-interiorismo-y-decoracion
01,Insenia Design School Madrid,Máster Profesional de Interiorismo y Emprendimiento,maestria,Diseño de Interiores,12 meses,-,https://www.insenia.es/master-de-interiorismo-emprendimiento-y-gestion-de-negocios-del-habitat
01,Insenia Design School Madrid,Máster Profesional de Interiorismo,maestria,Diseño de Interiores,12 meses,-,https://www.insenia.es/master-profesional-de-interiorismo
01,Insenia Design School Madrid,"Doble Máster de Arquitectura de Interiores, Interiorismo y Emprendimiento",maestria,Diseño de Interiores,no indicada,-,https://www.insenia.es/doble-master-de-arquitectura-de-interiores-interiorismo-y-emprendimiento
01,Insenia Design School Madrid,Curso Profesional de Diseño de Viviendas,curso_corto,Diseño de Interiores,no indicada,-,https://www.insenia.es/curso-profesional-de-diseno-de-viviendas
01,Insenia Design School Madrid,Curso Profesional de Diseño de Espacios Comerciales,curso_corto,Diseño de Interiores,no indicada,-,https://www.insenia.es/program/curso-profesional-de-diseno-de-espacios-comerciales
01,Insenia Design School Madrid,Emprendimiento para Interioristas,curso_corto,Negocios,no indicada,-,https://www.insenia.es/program/curso-de-emprendimiento-y-gestion-de-negocios-del-habitat
01,Insenia Design School Madrid,Summer Camp,vacacional,Diseño de Interiores,no indicada,-,https://www.insenia.es/course/summer-camp-2026
01,Insenia Design School Madrid,Taller de IA para Interiorismo,curso_corto,Tecnología,no indicada,-,https://www.insenia.es/program/taller-de-ia-para-interiorismo
01,Insenia Design School Madrid,Iniciación a la Decoración,curso_corto,Diseño de Interiores,no indicada,-,https://www.insenia.es/program/curso-de-iniciacion-a-la-decoracion-de-viviendas
01,Insenia Design School Madrid,Pack Iniciación + Home Staging,curso_corto,Diseño de Interiores,no indicada,-,https://www.insenia.es/program/pack-curso-de-iniciacion-a-la-decoracion-de-viviendas-y-home-staging
01,Insenia Design School Madrid,Diseño de Cocinas,curso_corto,Diseño de Interiores,no indicada,-,https://www.insenia.es/program/curso-online-de-diseno-de-cocinas-residenciales
01,Insenia Design School Madrid,Enscape para Interiorismo,curso_corto,Diseño de Interiores,no indicada,-,https://www.insenia.es/program/curso-online-de-enscape-para-interiorismo
01,Insenia Design School Madrid,SketchUp 3D para Interiorismo,curso_corto,Diseño de Interiores,no indicada,-,https://www.insenia.es/program/curso-online-de-sketchup-pro-3d-layout-para-interiorismo
01,IMG Academy,Girls Basketball Camp,vacacional,Deportes,no indicada,-,https://www.imgacademy.com/sport-camps/girls-basketball-camp
01,IMG Academy,Girls Flag Football Camp,vacacional,Deportes,no indicada,-,https://www.imgacademy.com/sport-camps/girls-flag-football-camp
01,IMG Academy,Girls Golf Camp,vacacional,Deportes,no indicada,-,https://www.imgacademy.com/sport-camps/girls-golf-camp
01,IMG Academy,Girls Lacrosse Camp,vacacional,Deportes,no indicada,-,https://www.imgacademy.com/sport-camps/girls-lacrosse-camp
01,IMG Academy,Girls Soccer Camp,vacacional,Deportes,no indicada,-,https://www.imgacademy.com/sport-camps/girls-soccer-camp
01,IMG Academy,Girls Softball Camp,vacacional,Deportes,no indicada,-,https://www.imgacademy.com/sport-camps/girls-softball-camp
01,IMG Academy,Girls Tennis Camp,vacacional,Deportes,no indicada,-,https://www.imgacademy.com/sport-camps/girls-tennis-camp
01,IMG Academy,Girls Track & Field and Cross Country Camp,vacacional,Deportes,no indicada,-,https://www.imgacademy.com/sport-camps/girls-track-field-and-cross-country-camp
01,IMG Academy,Girls Volleyball Camp,vacacional,Deportes,no indicada,-,https://www.imgacademy.com/sport-camps/girls-volleyball-camp
01,IMG Academy,Girls Wrestling Camp,vacacional,Deportes,no indicada,-,https://www.imgacademy.com/sport-camps/girls-wrestling-camp
01,IMG Academy,Baseball Camp,vacacional,Deportes,no indicada,-,https://www.imgacademy.com/sport-camps/baseball-camp
01,IMG Academy,Basketball Camp,vacacional,Deportes,no indicada,-,https://www.imgacademy.com/sport-camps/basketball-camp
01,IMG Academy,Football Camp,vacacional,Deportes,no indicada,-,https://www.imgacademy.com/sport-camps/football-camp
01,IMG Academy,Golf Camp,vacacional,Deportes,no indicada,-,https://www.imgacademy.com/sport-camps/golf-camp
01,IMG Academy,Lacrosse Camp,vacacional,Deportes,no indicada,-,https://www.imgacademy.com/sport-camps/lacrosse-camp
01,IMG Academy,Soccer Camp,vacacional,Deportes,no indicada,-,https://www.imgacademy.com/sport-camps/soccer-camp
01,IMG Academy,Tennis Camp,vacacional,Deportes,no indicada,-,https://www.imgacademy.com/sport-camps/tennis-camp
01,IMG Academy,Track & Field and Cross Country Camp,vacacional,Deportes,no indicada,-,https://www.imgacademy.com/sport-camps/track-field-and-cross-country-camp
01,IMG Academy,Boys Volleyball Camp,vacacional,Deportes,no indicada,-,https://www.imgacademy.com/sport-camps/boys-volleyball-camp
01,IMG Academy,Wrestling Camp,vacacional,Deportes,no indicada,-,https://www.imgacademy.com/sport-camps/wrestling-camp
01,IMG Academy,Performance Camp,vacacional,Deportes,no indicada,-,https://www.imgacademy.com/sport-camps/performance-camp
01,IMG Academy,Esports Summer Camp,vacacional,Tecnología,no indicada,-,https://www.imgacademy.com/sport-camps/esports
01,IMG Academy,IMG Academy Summit,vacacional,Deportes,no indicada,-,https://www.imgacademy.com/sport-camps/img-academy-summit
01,IMG Academy,Adult Tennis Camp,vacacional,Deportes,no indicada,-,https://www.imgacademy.com/adult-tennis-camp
01,Western Sydney University International College,General Foundation Studies Program,curso_corto,Estudios Generales,no indicada,-,https://internationalcollege.westernsydney.edu.au/courses/foundation/general/
01,Western Sydney University International College,Business Foundation Studies Program,curso_corto,Negocios,no indicada,-,https://internationalcollege.westernsydney.edu.au/courses/foundation/business/
01,Western Sydney University International College,Arts Diploma,diplomado,Artes,no indicada,-,https://internationalcollege.westernsydney.edu.au/courses/diploma/arts/
01,Western Sydney University International College,Business Diploma,diplomado,Negocios,no indicada,-,https://internationalcollege.westernsydney.edu.au/courses/diploma/business/
01,Western Sydney University International College,Engineering Diploma,diplomado,Ingeniería,no indicada,-,https://internationalcollege.westernsydney.edu.au/courses/diploma/engineering/
01,Western Sydney University International College,Information and Communications Technology Diploma,diplomado,Tecnología,no indicada,-,https://internationalcollege.westernsydney.edu.au/courses/diploma/information-communications/
01,Christchurch College of English (CCEL),General English,curso_corto,Idiomas,no indicada,-,https://www.ccel.co.nz/courses/general/
01,Christchurch College of English (CCEL),Exam Preparation,curso_corto,Idiomas,no indicada,-,https://www.ccel.co.nz/courses/exam-preparation/
01,Christchurch College of English (CCEL),Group Programmes,curso_corto,Idiomas,no indicada,-,https://www.ccel.co.nz/courses/group-programs/
01,Christchurch College of English (CCEL),English for Academic Purposes 1 (EAP 1),curso_corto,Idiomas,no indicada,-,https://www.ccel.co.nz/courses/academic-eap1/
01,Christchurch College of English (CCEL),English for Academic Purposes 2 (EAP 2),curso_corto,Idiomas,no indicada,-,https://www.ccel.co.nz/courses/academic-eap2/
01,Christchurch College of English (CCEL),High School Preparation,curso_corto,Idiomas,no indicada,-,https://www.ccel.co.nz/courses/high-school-preparation/
01,All Saints Anglican School,High School Preparation (HSP),curso_corto,Idiomas,no indicada,-,https://www.asas.qld.edu.au/our-school/programs
01,All Saints Anglican School,Study Abroad,intercambio,Estudios Generales,no indicada,-,https://www.asas.qld.edu.au/our-school/programs
01,"Brisbane and Gold Coast School of Hairdressing, Barbering and Beauty",Certificate III in Hairdressing,curso_corto,Peluquería y Belleza,no indicada,SHB30416,https://www.brishair.com.au/hairdressing-brisbane-gold-coast
01,"Brisbane and Gold Coast School of Hairdressing, Barbering and Beauty",Certificate III in Barbering,curso_corto,Peluquería y Belleza,no indicada,SHB30516,https://www.brishair.com.au/barbering-brisbane-gold-coast
02,Anglia Ruskin University (ARU),BSc (Hons) Accounting and Finance,bachelor,Negocios,no indicada,-,https://aru.ac.uk/study/course-search?levelofstudy=Undergraduate
02,Anglia Ruskin University (ARU),BA (Hons) Acting,bachelor,Artes Escénicas,no indicada,-,https://aru.ac.uk/study/course-search?levelofstudy=Undergraduate
02,Anglia Ruskin University (ARU),BSc (Hons) Agriculture,bachelor,Agricultura,no indicada,-,https://aru.ac.uk/study/course-search?levelofstudy=Undergraduate
02,Anglia Ruskin University (ARU),BSc (Hons) Agriculture with Business,bachelor,Agricultura,no indicada,-,https://aru.ac.uk/study/course-search?levelofstudy=Undergraduate
02,Anglia Ruskin University (ARU),BSc (Hons) Animal Management (Pet Behaviour and Welfare),bachelor,Ciencias Animales,no indicada,-,https://aru.ac.uk/study/course-search?levelofstudy=Undergraduate
02,Anglia Ruskin University (ARU),BSc (Hons) Animal Management (Zoo and Wildlife Conservation),bachelor,Ciencias Animales,no indicada,-,https://aru.ac.uk/study/course-search?levelofstudy=Undergraduate
02,Anglia Ruskin University (ARU),BSc (Hons) Animal Science,bachelor,Ciencias Animales,no indicada,-,https://aru.ac.uk/study/course-search?levelofstudy=Undergraduate
02,Anglia Ruskin University (ARU),"BSc (Hons) Animal Therapy, Rehabilitation and Performance",bachelor,Ciencias Animales,no indicada,-,https://aru.ac.uk/study/course-search?levelofstudy=Undergraduate
02,Anglia Ruskin University (ARU),BA (Hons) Animation and Illustration,bachelor,Artes,no indicada,-,https://aru.ac.uk/study/course-search?levelofstudy=Undergraduate
02,Anglia Ruskin University (ARU),BSc (Hons) Applied Computer Science,bachelor,Tecnología,no indicada,-,https://aru.ac.uk/study/course-search?levelofstudy=Undergraduate
02,Anglia Ruskin University (ARU),BSc (Hons) Applied Computer Science (Top-up),bachelor,Tecnología,no indicada,-,https://aru.ac.uk/study/course-search?levelofstudy=Undergraduate
02,Anglia Ruskin University (ARU),BSc (Hons) Applied Psychology,bachelor,Psicología,no indicada,-,https://aru.ac.uk/study/course-search?levelofstudy=Undergraduate
02,Anglia Ruskin University (ARU),BSc (Hons) Applied Sport Science,bachelor,Deporte,no indicada,-,https://aru.ac.uk/study/course-search?levelofstudy=Undergraduate
02,Anglia Ruskin University (ARU),BSc (Hons) Applied Sport Science and Coaching (Top Up),bachelor,Deporte,no indicada,-,https://aru.ac.uk/study/course-search?levelofstudy=Undergraduate
02,Anglia Ruskin University (ARU),BA (Hons) Architecture,bachelor,Arquitectura,no indicada,-,https://aru.ac.uk/study/course-search?levelofstudy=Undergraduate
02,Anglia Ruskin University (ARU),BSc (Hons) Artificial Intelligence,bachelor,Tecnología,no indicada,-,https://aru.ac.uk/study/course-search?levelofstudy=Undergraduate
02,Anglia Ruskin University (ARU),BSc (Hons) Artificial Intelligence and Data Science,bachelor,Tecnología,no indicada,-,https://aru.ac.uk/study/course-search?levelofstudy=Undergraduate
02,Anglia Ruskin University (ARU),BSc (Hons) Audio and Music Technology,bachelor,Música,no indicada,-,https://aru.ac.uk/study/course-search?levelofstudy=Undergraduate
02,Anglia Ruskin University (ARU),BSc (Hons) Audiology Top-up,bachelor,Salud,no indicada,-,https://aru.ac.uk/study/course-search?levelofstudy=Undergraduate
02,Anglia Ruskin University (ARU),"BSc (Hons) Banking, Finance and Fintech",bachelor,Negocios,no indicada,-,https://aru.ac.uk/study/course-search?levelofstudy=Undergraduate
02,Anglia Ruskin University (ARU),BSc (Hons) Biology,bachelor,Ciencias,no indicada,-,https://aru.ac.uk/study/course-search?levelofstudy=Undergraduate
02,Anglia Ruskin University (ARU),BEng (Hons) Biomedical Engineering,bachelor,Ingeniería,no indicada,-,https://aru.ac.uk/study/course-search?levelofstudy=Undergraduate
02,Anglia Ruskin University (ARU),BSc (Hons) Biomedical Science,bachelor,Salud,no indicada,-,https://aru.ac.uk/study/course-search?levelofstudy=Undergraduate
02,Anglia Ruskin University (ARU),BSc (Hons) Biomedical Sciences,bachelor,Salud,no indicada,-,https://aru.ac.uk/study/course-search?levelofstudy=Undergraduate
02,Anglia Ruskin University (ARU),BSc (Hons) Building Surveying,bachelor,Construcción,no indicada,-,https://aru.ac.uk/study/course-search?levelofstudy=Undergraduate
02,Anglia Ruskin University (ARU),BSc (Hons) Business and Financial Management,bachelor,Negocios,no indicada,-,https://aru.ac.uk/study/course-search?levelofstudy=Undergraduate
02,Anglia Ruskin University (ARU),BSc (Hons) Business and Human Resource Management,bachelor,Negocios,no indicada,-,https://aru.ac.uk/study/course-search?levelofstudy=Undergraduate
02,Anglia Ruskin University (ARU),BSc (Hons) Business and Law,bachelor,Negocios,no indicada,-,https://aru.ac.uk/study/course-search?levelofstudy=Undergraduate
02,Anglia Ruskin University (ARU),BSc (Hons) Business and Management,bachelor,Negocios,no indicada,-,https://aru.ac.uk/study/course-search?levelofstudy=Undergraduate
02,Anglia Ruskin University (ARU),BSc (Hons) Business and Tourism Management,bachelor,Turismo,no indicada,-,https://aru.ac.uk/study/course-search?levelofstudy=Undergraduate&page=2
02,Anglia Ruskin University (ARU),BSc (Hons) Business Economics,bachelor,Economía,no indicada,-,https://aru.ac.uk/study/course-search?levelofstudy=Undergraduate&page=2
02,Anglia Ruskin University (ARU),BSc (Hons) Business Management,bachelor,Negocios,no indicada,-,https://aru.ac.uk/study/course-search?levelofstudy=Undergraduate&page=2
02,Anglia Ruskin University (ARU),BSc (Hons) Business Management (West Anglia),bachelor,Negocios,no indicada,-,https://aru.ac.uk/study/course-search?levelofstudy=Undergraduate&page=2
02,Anglia Ruskin University (ARU),BSc (Hons) Business Management and Business Analytics,bachelor,Negocios,no indicada,-,https://aru.ac.uk/study/course-search?levelofstudy=Undergraduate&page=2
02,Anglia Ruskin University (ARU),BSc (Hons) Business Management and Digital Marketing,bachelor,Negocios,no indicada,-,https://aru.ac.uk/study/course-search?levelofstudy=Undergraduate&page=2
02,Anglia Ruskin University (ARU),BSc (Hons) Business Management and Entrepreneurship and Innovation,bachelor,Negocios,no indicada,-,https://aru.ac.uk/study/course-search?levelofstudy=Undergraduate&page=2
02,Anglia Ruskin University (ARU),BSc (Hons) Business Management and Events,bachelor,Negocios,no indicada,-,https://aru.ac.uk/study/course-search?levelofstudy=Undergraduate&page=2
02,Anglia Ruskin University (ARU),BSc (Hons) Business Management and Finance,bachelor,Negocios,no indicada,-,https://aru.ac.uk/study/course-search?levelofstudy=Undergraduate&page=2
02,Anglia Ruskin University (ARU),BSc (Hons) Business Management and Human Resource Management,bachelor,Negocios,no indicada,-,https://aru.ac.uk/study/course-search?levelofstudy=Undergraduate&page=2
02,Anglia Ruskin University (ARU),BSc (Hons) Business Management and Tourism,bachelor,Turismo,no indicada,-,https://aru.ac.uk/study/course-search?levelofstudy=Undergraduate&page=2
02,Anglia Ruskin University (ARU),"BSc (Hons) Business, Hospitality and Events Management",bachelor,Hospitalidad,no indicada,-,https://aru.ac.uk/study/course-search?levelofstudy=Undergraduate&page=2
02,Anglia Ruskin University (ARU),"BSc (Hons) Canine Therapy, Rehabilitation and Performance",bachelor,Ciencias Animales,no indicada,-,https://aru.ac.uk/study/course-search?levelofstudy=Undergraduate&page=2
02,Anglia Ruskin University (ARU),MVetPhys Canine Veterinary Physiotherapy,bachelor,Veterinaria,no indicada,-,https://aru.ac.uk/study/course-search?levelofstudy=Undergraduate&page=2
02,Anglia Ruskin University (ARU),BEng (Hons) Civil Engineering,bachelor,Ingeniería,no indicada,-,https://aru.ac.uk/study/course-search?levelofstudy=Undergraduate&page=2
02,Anglia Ruskin University (ARU),LLB (Hons) Commercial Law,bachelor,Derecho,no indicada,-,https://aru.ac.uk/study/course-search?levelofstudy=Undergraduate&page=2
02,Anglia Ruskin University (ARU),BA (Hons) Computer Games Art,bachelor,Artes,no indicada,-,https://aru.ac.uk/study/course-search?levelofstudy=Undergraduate&page=2
02,Anglia Ruskin University (ARU),BA (Hons) Computer Games Design,bachelor,Artes,no indicada,-,https://aru.ac.uk/study/course-search?levelofstudy=Undergraduate&page=2
02,Anglia Ruskin University (ARU),BSc (Hons) Computer Games Programming,bachelor,Tecnología,no indicada,-,https://aru.ac.uk/study/course-search?levelofstudy=Undergraduate&page=2
02,Anglia Ruskin University (ARU),BSc (Hons) Computer Networking,bachelor,Tecnología,no indicada,-,https://aru.ac.uk/study/course-search?levelofstudy=Undergraduate&page=2
02,Anglia Ruskin University (ARU),BEng (Hons) Computer Science,bachelor,Tecnología,no indicada,-,https://aru.ac.uk/study/course-search?levelofstudy=Undergraduate&page=2
02,Anglia Ruskin University (ARU),BSc (Hons) Computer Science,bachelor,Tecnología,no indicada,-,https://aru.ac.uk/study/course-search?levelofstudy=Undergraduate&page=2
02,Anglia Ruskin University (ARU),BSc (Hons) Computing,bachelor,Tecnología,no indicada,-,https://aru.ac.uk/study/course-search?levelofstudy=Undergraduate&page=2
02,Anglia Ruskin University (ARU),BSc (Hons) Conservation and Community Engagement,bachelor,Medio Ambiente,no indicada,-,https://aru.ac.uk/study/course-search?levelofstudy=Undergraduate&page=2
02,Anglia Ruskin University (ARU),BSc (Hons) Construction Management,bachelor,Construcción,no indicada,-,https://aru.ac.uk/study/course-search?levelofstudy=Undergraduate&page=2
02,Anglia Ruskin University (ARU),BSc (Hons) Construction Site Management,bachelor,Construcción,no indicada,-,https://aru.ac.uk/study/course-search?levelofstudy=Undergraduate&page=3
02,Anglia Ruskin University (ARU),DipHE Counselling (Child and Young Person),diplomado,Psicología,no indicada,-,https://aru.ac.uk/study/course-search?levelofstudy=Undergraduate&page=3
02,Anglia Ruskin University (ARU),BA (Hons) Counselling and Psychotherapy (Top-Up),bachelor,Psicología,no indicada,-,https://aru.ac.uk/study/course-search?levelofstudy=Undergraduate&page=3
02,Anglia Ruskin University (ARU),BA (Hons) Creative Writing,bachelor,Letras,no indicada,-,https://aru.ac.uk/study/course-search?levelofstudy=Undergraduate&page=3
02,Anglia Ruskin University (ARU),BSc (Hons) Crime and Investigative Studies,bachelor,Criminología,no indicada,-,https://aru.ac.uk/study/course-search?levelofstudy=Undergraduate&page=3
02,Anglia Ruskin University (ARU),BA (Hons) Criminology,bachelor,Criminología,no indicada,-,https://aru.ac.uk/study/course-search?levelofstudy=Undergraduate&page=3
02,Anglia Ruskin University (ARU),BA (Hons) Criminology and Policing,bachelor,Criminología,no indicada,-,https://aru.ac.uk/study/course-search?levelofstudy=Undergraduate&page=3
02,Anglia Ruskin University (ARU),BSc (Hons) Criminology and Sociology,bachelor,Criminología,no indicada,-,https://aru.ac.uk/study/course-search?levelofstudy=Undergraduate&page=3
02,Anglia Ruskin University (ARU),BSc (Hons) Cyber Security,bachelor,Tecnología,no indicada,-,https://aru.ac.uk/study/course-search?levelofstudy=Undergraduate&page=3
02,Anglia Ruskin University (ARU),BSc (Hons) Cyber Security and Digital Forensics,bachelor,Tecnología,no indicada,-,https://aru.ac.uk/study/course-search?levelofstudy=Undergraduate&page=3
02,Anglia Ruskin University (ARU),BSc (Hons) Cyber Security and Forensic Computing,bachelor,Tecnología,no indicada,-,https://aru.ac.uk/study/course-search?levelofstudy=Undergraduate&page=3
02,Anglia Ruskin University (ARU),BSc (Hons) Digital Marketing,bachelor,Negocios,no indicada,-,https://aru.ac.uk/study/course-search?levelofstudy=Undergraduate&page=3
02,Anglia Ruskin University (ARU),BA (Hons) Digital Marketing and Management,bachelor,Negocios,no indicada,-,https://aru.ac.uk/study/course-search?levelofstudy=Undergraduate&page=3
02,Anglia Ruskin University (ARU),BSc (Hons) Digital Media Production,bachelor,Comunicación,no indicada,-,https://aru.ac.uk/study/course-search?levelofstudy=Undergraduate&page=3
02,Anglia Ruskin University (ARU),BSc (Hons) Dispensing Optician,bachelor,Salud,no indicada,-,https://aru.ac.uk/study/course-search?levelofstudy=Undergraduate&page=3
02,Anglia Ruskin University (ARU),BSc (Hons) Dispensing Optician Registerable Award,bachelor,Salud,no indicada,-,https://aru.ac.uk/study/course-search?levelofstudy=Undergraduate&page=3
02,Anglia Ruskin University (ARU),BA (Hons) Drama,bachelor,Artes Escénicas,no indicada,-,https://aru.ac.uk/study/course-search?levelofstudy=Undergraduate&page=3
02,Anglia Ruskin University (ARU),BA (Hons) Drama and English Literature,bachelor,Artes Escénicas,no indicada,-,https://aru.ac.uk/study/course-search?levelofstudy=Undergraduate&page=3
02,Anglia Ruskin University (ARU),BA (Hons) Drama and Film,bachelor,Artes Escénicas,no indicada,-,https://aru.ac.uk/study/course-search?levelofstudy=Undergraduate&page=3
02,Anglia Ruskin University (ARU),BA (Hons) Early Childhood Studies (Graduate Practitioner),bachelor,Educación,no indicada,-,https://aru.ac.uk/study/course-search?levelofstudy=Undergraduate&page=3
02,Anglia Ruskin University (ARU),FdA Early Years and Education,diplomado,Educación,no indicada,-,https://aru.ac.uk/study/course-search?levelofstudy=Undergraduate&page=3
02,Anglia Ruskin University (ARU),FdA Early Years and Education (Distance Learning),diplomado,Educación,no indicada,-,https://aru.ac.uk/study/course-search?levelofstudy=Undergraduate&page=3
02,Anglia Ruskin University (ARU),BA (Hons) Education with Inclusive Practice,bachelor,Educación,no indicada,-,https://aru.ac.uk/study/course-search?levelofstudy=Undergraduate&page=4
02,Anglia Ruskin University (ARU),BA (Hons) Education with Sustainability,bachelor,Educación,no indicada,-,https://aru.ac.uk/study/course-search?levelofstudy=Undergraduate&page=4
02,Anglia Ruskin University (ARU),BEng (Hons) Electronic and Electrical Engineering,bachelor,Ingeniería,no indicada,-,https://aru.ac.uk/study/course-search?levelofstudy=Undergraduate&page=4
02,Anglia Ruskin University (ARU),MEng (Hons) Electronic and Electrical Engineering,bachelor,Ingeniería,no indicada,-,https://aru.ac.uk/study/course-search?levelofstudy=Undergraduate&page=4
02,Anglia Ruskin University (ARU),BA (Hons) English,bachelor,Letras,no indicada,-,https://aru.ac.uk/study/course-search?levelofstudy=Undergraduate&page=4
02,Anglia Ruskin University (ARU),BA (Hons) English Language and Communication,bachelor,Letras,no indicada,-,https://aru.ac.uk/study/course-search?levelofstudy=Undergraduate&page=4
02,Anglia Ruskin University (ARU),BA (Hons) English Literature,bachelor,Letras,no indicada,-,https://aru.ac.uk/study/course-search?levelofstudy=Undergraduate&page=4
02,Anglia Ruskin University (ARU),BSc (Hons) Equine Business Management,bachelor,Ciencias Animales,no indicada,-,https://aru.ac.uk/study/course-search?levelofstudy=Undergraduate&page=4
02,Anglia Ruskin University (ARU),BSc (Hons) Equine Science,bachelor,Ciencias Animales,no indicada,-,https://aru.ac.uk/study/course-search?levelofstudy=Undergraduate&page=4
02,Anglia Ruskin University (ARU),"BSc (Hons) Equine Therapy, Rehabilitation and Performance",bachelor,Ciencias Animales,no indicada,-,https://aru.ac.uk/study/course-search?levelofstudy=Undergraduate&page=4
02,Anglia Ruskin University (ARU),MVetPhys Equine Veterinary Physiotherapy,bachelor,Veterinaria,no indicada,-,https://aru.ac.uk/study/course-search?levelofstudy=Undergraduate&page=4
02,Anglia Ruskin University (ARU),BSc (Hons) Events Management,bachelor,Hospitalidad,no indicada,-,https://aru.ac.uk/study/course-search?levelofstudy=Undergraduate&page=4
02,Anglia Ruskin University (ARU),BSc (Hons) Exercise and Health Science,bachelor,Deporte,no indicada,-,https://aru.ac.uk/study/course-search?levelofstudy=Undergraduate&page=4
02,Anglia Ruskin University (ARU),BA (Hons) Fashion Design,bachelor,Moda,no indicada,-,https://aru.ac.uk/study/course-search?levelofstudy=Undergraduate&page=4
02,Anglia Ruskin University (ARU),BA (Hons) Film,bachelor,Cine y Audiovisuales,no indicada,-,https://aru.ac.uk/study/course-search?levelofstudy=Undergraduate&page=4
02,Anglia Ruskin University (ARU),BA (Hons) Film and Media,bachelor,Cine y Audiovisuales,no indicada,-,https://aru.ac.uk/study/course-search?levelofstudy=Undergraduate&page=4
02,Anglia Ruskin University (ARU),BA (Hons) Film and Television Production,bachelor,Cine y Audiovisuales,no indicada,-,https://aru.ac.uk/study/course-search?levelofstudy=Undergraduate&page=4
02,Anglia Ruskin University (ARU),BSc (Hons) Finance and Accounting,bachelor,Negocios,no indicada,-,https://aru.ac.uk/study/course-search?levelofstudy=Undergraduate&page=4
02,Anglia Ruskin University (ARU),BSc (Hons) Finance with Economics,bachelor,Economía,no indicada,-,https://aru.ac.uk/study/course-search?levelofstudy=Undergraduate&page=4
02,Anglia Ruskin University (ARU),BA (Hons) Fine Art,bachelor,Artes,no indicada,-,https://aru.ac.uk/study/course-search?levelofstudy=Undergraduate&page=4
02,Anglia Ruskin University (ARU),BSc (Hons) Forensic Science,bachelor,Ciencias,no indicada,-,https://aru.ac.uk/study/course-search?levelofstudy=Undergraduate&page=4
02,Anglia Ruskin University (ARU),BSc (Hons) Game Design and Development,bachelor,Tecnología,no indicada,-,https://aru.ac.uk/study/course-search?levelofstudy=Undergraduate&page=4
02,Anglia Ruskin University (ARU),BA (Hons) Game Design and Digital Art,bachelor,Artes,no indicada,-,https://aru.ac.uk/study/course-search?levelofstudy=Undergraduate&page=4
02,Anglia Ruskin University (ARU),Graduate Diploma Nursing (Adult),posgrado,Enfermería,no indicada,-,https://aru.ac.uk/study/course-search?levelofstudy=Undergraduate&page=4
02,Anglia Ruskin University (ARU),Graduate Diploma Nursing (Children),posgrado,Enfermería,no indicada,-,https://aru.ac.uk/study/course-search?levelofstudy=Undergraduate&page=4
02,Anglia Ruskin University (ARU),Graduate Diploma Nursing (Mental Health),posgrado,Enfermería,no indicada,-,https://aru.ac.uk/study/course-search?levelofstudy=Undergraduate&page=4
02,Anglia Ruskin University (ARU),BA (Hons) Graphic Design,bachelor,Diseño,no indicada,-,https://aru.ac.uk/study/course-search?levelofstudy=Undergraduate&page=5
02,Anglia Ruskin University (ARU),BSc (Hons) Health and Social Care,bachelor,Salud,no indicada,-,https://aru.ac.uk/study/course-search?levelofstudy=Undergraduate&page=5
02,Anglia Ruskin University (ARU),FdSc Hearing Aid Audiology,diplomado,Salud,no indicada,-,https://aru.ac.uk/study/course-search?levelofstudy=Undergraduate&page=5
02,Anglia Ruskin University (ARU),University Certificate Hearing Care Assistant,curso_corto,Salud,no indicada,-,https://aru.ac.uk/study/course-search?levelofstudy=Undergraduate&page=5
02,Anglia Ruskin University (ARU),BSc (Hons) Hearing Sciences (Top-Up),bachelor,Salud,no indicada,-,https://aru.ac.uk/study/course-search?levelofstudy=Undergraduate&page=5
02,Anglia Ruskin University (ARU),BA (Hons) History,bachelor,Humanidades,no indicada,-,https://aru.ac.uk/study/course-search?levelofstudy=Undergraduate&page=5
02,Anglia Ruskin University (ARU),BA (Hons) History and English,bachelor,Humanidades,no indicada,-,https://aru.ac.uk/study/course-search?levelofstudy=Undergraduate&page=5
02,Anglia Ruskin University (ARU),BSc (Hons) Horticulture,bachelor,Agricultura,no indicada,-,https://aru.ac.uk/study/course-search?levelofstudy=Undergraduate&page=5
02,Anglia Ruskin University (ARU),BSc (Hons) Human Resource Management,bachelor,Negocios,no indicada,-,https://aru.ac.uk/study/course-search?levelofstudy=Undergraduate&page=5
02,Anglia Ruskin University (ARU),BA (Hons) Illustration,bachelor,Artes,no indicada,-,https://aru.ac.uk/study/course-search?levelofstudy=Undergraduate&page=5
02,Anglia Ruskin University (ARU),BSc (Hons) Integrated Health and Social Care,bachelor,Salud,no indicada,-,https://aru.ac.uk/study/course-search?levelofstudy=Undergraduate&page=5
02,Anglia Ruskin University (ARU),BA (Hons) Interior Design,bachelor,Diseño,no indicada,-,https://aru.ac.uk/study/course-search?levelofstudy=Undergraduate&page=5
02,Anglia Ruskin University (ARU),BSc (Hons) International Business & Artificial Intelligence,bachelor,Negocios,no indicada,-,https://aru.ac.uk/study/course-search?levelofstudy=Undergraduate&page=5
02,Anglia Ruskin University (ARU),BSc (Hons) International Business (Top-Up),bachelor,Negocios,no indicada,-,https://aru.ac.uk/study/course-search?levelofstudy=Undergraduate&page=5
02,Anglia Ruskin University (ARU),BSc (Hons) International Business Management,bachelor,Negocios,no indicada,-,https://aru.ac.uk/study/course-search?levelofstudy=Undergraduate&page=5
02,Anglia Ruskin University (ARU),BSc (Hons) International Nursing Studies (Top-Up),bachelor,Enfermería,no indicada,-,https://aru.ac.uk/study/course-search?levelofstudy=Undergraduate&page=5
02,Anglia Ruskin University (ARU),LLB (Hons) Law,bachelor,Derecho,no indicada,-,https://aru.ac.uk/study/course-search?levelofstudy=Undergraduate&page=5
02,Anglia Ruskin University (ARU),LLB (Hons) Law with Business Management,bachelor,Derecho,no indicada,-,https://aru.ac.uk/study/course-search?levelofstudy=Undergraduate&page=5
02,Anglia Ruskin University (ARU),LLB (Hons) Law with Business,bachelor,Derecho,no indicada,-,https://aru.ac.uk/study/course-search?levelofstudy=Undergraduate&page=5
02,Anglia Ruskin University (ARU),LLB (Hons) Law with Criminal Justice,bachelor,Derecho,no indicada,-,https://aru.ac.uk/study/course-search?levelofstudy=Undergraduate&page=5
02,Anglia Ruskin University (ARU),LLB (Hons) Law with Criminology,bachelor,Derecho,no indicada,-,https://aru.ac.uk/study/course-search?levelofstudy=Undergraduate&page=5
02,Anglia Ruskin University (ARU),LLB (Hons) Law with Politics and International Relations,bachelor,Derecho,no indicada,-,https://aru.ac.uk/study/course-search?levelofstudy=Undergraduate&page=5
02,Anglia Ruskin University (ARU),LLB (Hons) Law with Sociology,bachelor,Derecho,no indicada,-,https://aru.ac.uk/study/course-search?levelofstudy=Undergraduate&page=5
02,Anglia Ruskin University (ARU),BA (Hons) Liberal Arts,bachelor,Humanidades,no indicada,-,https://aru.ac.uk/study/course-search?levelofstudy=Undergraduate&page=5
02,Anglia Ruskin University (ARU),BSc (Hons) Management and Leadership in Health and Social Care (Top-Up),bachelor,Salud,no indicada,-,https://aru.ac.uk/study/course-search?levelofstudy=Undergraduate&page=5
02,Anglia Ruskin University (ARU),BSc (Hons) Marketing,bachelor,Negocios,no indicada,-,https://aru.ac.uk/study/course-search?levelofstudy=Undergraduate&page=5
02,Anglia Ruskin University (ARU),MEng (Hons) Mechanical Engineering,bachelor,Ingeniería,no indicada,-,https://aru.ac.uk/study/course-search?levelofstudy=Undergraduate&page=6
02,Anglia Ruskin University (ARU),BEng (Hons) Mechanical Engineering,bachelor,Ingeniería,no indicada,-,https://aru.ac.uk/study/course-search?levelofstudy=Undergraduate&page=6
02,Anglia Ruskin University (ARU),MEng (Hons) Mechatronics and Robotics Engineering,bachelor,Ingeniería,no indicada,-,https://aru.ac.uk/study/course-search?levelofstudy=Undergraduate&page=6
02,Anglia Ruskin University (ARU),BEng (Hons) Mechatronics and Robotics Engineering,bachelor,Ingeniería,no indicada,-,https://aru.ac.uk/study/course-search?levelofstudy=Undergraduate&page=6
02,Anglia Ruskin University (ARU),BSc (Hons) Medical Science,bachelor,Salud,no indicada,-,https://aru.ac.uk/study/course-search?levelofstudy=Undergraduate&page=6
02,Anglia Ruskin University (ARU),MBChB Medicine,bachelor,Medicina,no indicada,-,https://aru.ac.uk/study/course-search?levelofstudy=Undergraduate&page=6
02,Anglia Ruskin University (ARU),BSc (Hons) Midwifery,bachelor,Enfermería,no indicada,-,https://aru.ac.uk/study/course-search?levelofstudy=Undergraduate&page=6
02,Anglia Ruskin University (ARU),BA (Hons) Montessori Early Childhood Studies,bachelor,Educación,no indicada,-,https://aru.ac.uk/study/course-search?levelofstudy=Undergraduate&page=6
02,Anglia Ruskin University (ARU),BA (Hons) Music Performance,bachelor,Música,no indicada,-,https://aru.ac.uk/study/course-search?levelofstudy=Undergraduate&page=6
02,Anglia Ruskin University (ARU),BA (Hons) Music Production,bachelor,Música,no indicada,-,https://aru.ac.uk/study/course-search?levelofstudy=Undergraduate&page=6
02,Anglia Ruskin University (ARU),BA (Hons) Musical Theatre,bachelor,Artes Escénicas,no indicada,-,https://aru.ac.uk/study/course-search?levelofstudy=Undergraduate&page=6
02,Anglia Ruskin University (ARU),MNurs Nursing (Adult and Children),bachelor,Enfermería,no indicada,-,https://aru.ac.uk/study/course-search?levelofstudy=Undergraduate&page=6
02,Anglia Ruskin University (ARU),MNurs Nursing (Adult and Mental Health),bachelor,Enfermería,no indicada,-,https://aru.ac.uk/study/course-search?levelofstudy=Undergraduate&page=6
02,Anglia Ruskin University (ARU),BSc (Hons) Nursing (Adult),bachelor,Enfermería,no indicada,-,https://aru.ac.uk/study/course-search?levelofstudy=Undergraduate&page=6
02,Anglia Ruskin University (ARU),MNurs Nursing (Children and Mental Health),bachelor,Enfermería,no indicada,-,https://aru.ac.uk/study/course-search?levelofstudy=Undergraduate&page=6
02,Anglia Ruskin University (ARU),BSc (Hons) Nursing (Children),bachelor,Enfermería,no indicada,-,https://aru.ac.uk/study/course-search?levelofstudy=Undergraduate&page=6
02,Anglia Ruskin University (ARU),BSc (Hons) Nursing (Mental Health),bachelor,Enfermería,no indicada,-,https://aru.ac.uk/study/course-search?levelofstudy=Undergraduate&page=6
02,Anglia Ruskin University (ARU),BSc (Hons) Operating Department Practice (ODP),bachelor,Salud,no indicada,-,https://aru.ac.uk/study/course-search?levelofstudy=Undergraduate&page=6
02,Anglia Ruskin University (ARU),MOptom Optometry,bachelor,Salud,no indicada,-,https://aru.ac.uk/study/course-search?levelofstudy=Undergraduate&page=6
02,Anglia Ruskin University (ARU),BOst Osteopathy,bachelor,Salud,no indicada,-,https://aru.ac.uk/study/course-search?levelofstudy=Undergraduate&page=6
02,Anglia Ruskin University (ARU),MOst Osteopathy,bachelor,Salud,no indicada,-,https://aru.ac.uk/study/course-search?levelofstudy=Undergraduate&page=6
02,Anglia Ruskin University (ARU),BSc (Hons) Paramedic Science,bachelor,Salud,no indicada,-,https://aru.ac.uk/study/course-search?levelofstudy=Undergraduate&page=6
02,Anglia Ruskin University (ARU),BSc (Hons) Pharmaceutical Science,bachelor,Salud,no indicada,-,https://aru.ac.uk/study/course-search?levelofstudy=Undergraduate&page=6
02,Anglia Ruskin University (ARU),BA (Hons) Philosophy,bachelor,Humanidades,no indicada,-,https://aru.ac.uk/study/course-search?levelofstudy=Undergraduate&page=6
02,Anglia Ruskin University (ARU),BA (Hons) Philosophy and English Literature,bachelor,Humanidades,no indicada,-,https://aru.ac.uk/study/course-search?levelofstudy=Undergraduate&page=6
02,Anglia Ruskin University (ARU),BA (Hons) Photography,bachelor,Artes,no indicada,-,https://aru.ac.uk/study/course-search?levelofstudy=Undergraduate&page=7
02,Anglia Ruskin University (ARU),BSc (Hons) Policing and Criminology,bachelor,Criminología,no indicada,-,https://aru.ac.uk/study/course-search?levelofstudy=Undergraduate&page=7
02,Anglia Ruskin University (ARU),BA (Hons) Politics and International Relations,bachelor,Ciencias Políticas,no indicada,-,https://aru.ac.uk/study/course-search?levelofstudy=Undergraduate&page=7
02,Anglia Ruskin University (ARU),BA (Hons) Primary Education Studies,bachelor,Educación,no indicada,-,https://aru.ac.uk/study/course-search?levelofstudy=Undergraduate&page=7
02,Anglia Ruskin University (ARU),BEd (Hons) Primary Education with Qualified Teacher Status (QTS),bachelor,Educación,no indicada,-,https://aru.ac.uk/study/course-search?levelofstudy=Undergraduate&page=7
02,Anglia Ruskin University (ARU),BSc (Hons) Psychology,bachelor,Psicología,no indicada,-,https://aru.ac.uk/study/course-search?levelofstudy=Undergraduate&page=7
02,Anglia Ruskin University (ARU),BSc (Hons) Psychology with Clinical Applications,bachelor,Psicología,no indicada,-,https://aru.ac.uk/study/course-search?levelofstudy=Undergraduate&page=7
02,Anglia Ruskin University (ARU),BSc (Hons) Psychology with Criminology,bachelor,Psicología,no indicada,-,https://aru.ac.uk/study/course-search?levelofstudy=Undergraduate&page=7
02,Anglia Ruskin University (ARU),BSc (Hons) Psychology with Education,bachelor,Psicología,no indicada,-,https://aru.ac.uk/study/course-search?levelofstudy=Undergraduate&page=7
02,Anglia Ruskin University (ARU),BA (Hons) Psychosocial Studies,bachelor,Psicología,no indicada,-,https://aru.ac.uk/study/course-search?levelofstudy=Undergraduate&page=7
02,Anglia Ruskin University (ARU),BSc (Hons) Public Health,bachelor,Salud,no indicada,-,https://aru.ac.uk/study/course-search?levelofstudy=Undergraduate&page=7
02,Anglia Ruskin University (ARU),BSc (Hons) Quantity Surveying,bachelor,Construcción,no indicada,-,https://aru.ac.uk/study/course-search?levelofstudy=Undergraduate&page=7
02,Anglia Ruskin University (ARU),BA (Hons) Social Work,bachelor,Servicios Sociales,no indicada,-,https://aru.ac.uk/study/course-search?levelofstudy=Undergraduate&page=7
02,Anglia Ruskin University (ARU),BA (Hons) Sociology,bachelor,Ciencias Sociales,no indicada,-,https://aru.ac.uk/study/course-search?levelofstudy=Undergraduate&page=7
02,Anglia Ruskin University (ARU),BSc (Hons) Software Development,bachelor,Tecnología,no indicada,-,https://aru.ac.uk/study/course-search?levelofstudy=Undergraduate&page=7
02,Anglia Ruskin University (ARU),BSc (Hons) Software Engineering,bachelor,Tecnología,no indicada,-,https://aru.ac.uk/study/course-search?levelofstudy=Undergraduate&page=7
02,Anglia Ruskin University (ARU),BSc (Hons) Sport and Exercise Science,bachelor,Deporte,no indicada,-,https://aru.ac.uk/study/course-search?levelofstudy=Undergraduate&page=7
02,Anglia Ruskin University (ARU),BSc (Hons) Sport Coaching and Physical Education,bachelor,Deporte,no indicada,-,https://aru.ac.uk/study/course-search?levelofstudy=Undergraduate&page=7
02,Anglia Ruskin University (ARU),BSc (Hons) Sport Science for Health,bachelor,Deporte,no indicada,-,https://aru.ac.uk/study/course-search?levelofstudy=Undergraduate&page=7
02,Anglia Ruskin University (ARU),"BSc (Hons) Sport, Exercise and Health Science",bachelor,Deporte,no indicada,-,https://aru.ac.uk/study/course-search?levelofstudy=Undergraduate&page=7
02,Anglia Ruskin University (ARU),BSc (Hons) Sports Therapy,bachelor,Deporte,no indicada,-,https://aru.ac.uk/study/course-search?levelofstudy=Undergraduate&page=8
02,Anglia Ruskin University (ARU),BSc (Hons) Strategic Business and Project Management,bachelor,Negocios,no indicada,-,https://aru.ac.uk/study/course-search?levelofstudy=Undergraduate&page=8
02,Anglia Ruskin University (ARU),BSc (Hons) Strength and Conditioning with Rehabilitation,bachelor,Deporte,no indicada,-,https://aru.ac.uk/study/course-search?levelofstudy=Undergraduate&page=8
02,Anglia Ruskin University (ARU),BSc (Hons) Supply Chain Management and International Business,bachelor,Negocios,no indicada,-,https://aru.ac.uk/study/course-search?levelofstudy=Undergraduate&page=8
02,Anglia Ruskin University (ARU),MVetPhys Veterinary Physiotherapy,bachelor,Veterinaria,no indicada,-,https://aru.ac.uk/study/course-search?levelofstudy=Undergraduate&page=8
02,Anglia Ruskin University (ARU),"BA (Hons) Working with Children, Families and Communities",bachelor,Servicios Sociales,no indicada,-,https://aru.ac.uk/study/course-search?levelofstudy=Undergraduate&page=8
02,Anglia Ruskin University (ARU),BA (Hons) Writing and English Literature,bachelor,Letras,no indicada,-,https://aru.ac.uk/study/course-search?levelofstudy=Undergraduate&page=8
02,Anglia Ruskin University (ARU),BA (Hons) Writing and Film,bachelor,Letras,no indicada,-,https://aru.ac.uk/study/course-search?levelofstudy=Undergraduate&page=8
02,Anglia Ruskin University (ARU),BSc (Hons) Zoology,bachelor,Ciencias,no indicada,-,https://aru.ac.uk/study/course-search?levelofstudy=Undergraduate&page=8
02,Anglia Ruskin University (ARU),MSc Accounting and Finance,maestria,Negocios,no indicada,-,https://aru.ac.uk/study/course-search?levelofstudy=Postgraduate
02,Anglia Ruskin University (ARU),MSc Accounting and Financial Management,maestria,Negocios,no indicada,-,https://aru.ac.uk/study/course-search?levelofstudy=Postgraduate
02,Anglia Ruskin University (ARU),MSc Advanced Biomedical Science,maestria,Salud,no indicada,-,https://aru.ac.uk/study/course-search?levelofstudy=Postgraduate
02,Anglia Ruskin University (ARU),MSc Advanced Clinical Practitioner,maestria,Salud,no indicada,-,https://aru.ac.uk/study/course-search?levelofstudy=Postgraduate
02,Anglia Ruskin University (ARU),MSc Advanced Critical Care Practitioner,maestria,Salud,no indicada,-,https://aru.ac.uk/study/course-search?levelofstudy=Postgraduate
02,Anglia Ruskin University (ARU),MSc Advanced Policing Practice,maestria,Criminología,no indicada,-,https://aru.ac.uk/study/course-search?levelofstudy=Postgraduate
02,Anglia Ruskin University (ARU),MSc Advanced Practice,maestria,Salud,no indicada,-,https://aru.ac.uk/study/course-search?levelofstudy=Postgraduate
02,Anglia Ruskin University (ARU),Agribusiness MBA,mba,Agricultura,no indicada,-,https://aru.ac.uk/study/course-search?levelofstudy=Postgraduate
02,Anglia Ruskin University (ARU),MSc Animal Behaviour Applications for Conservation,maestria,Ciencias Animales,no indicada,-,https://aru.ac.uk/study/course-search?levelofstudy=Postgraduate
02,Anglia Ruskin University (ARU),MSc Animal Welfare and Conservation,maestria,Ciencias Animales,no indicada,-,https://aru.ac.uk/study/course-search?levelofstudy=Postgraduate
02,Anglia Ruskin University (ARU),MSc Applied Artificial Intelligence,maestria,Tecnología,no indicada,-,https://aru.ac.uk/study/course-search?levelofstudy=Postgraduate
02,Anglia Ruskin University (ARU),MSc Applied Bioscience,maestria,Ciencias,no indicada,-,https://aru.ac.uk/study/course-search?levelofstudy=Postgraduate
02,Anglia Ruskin University (ARU),MSc Applied Data Science (Conversion),maestria,Tecnología,no indicada,-,https://aru.ac.uk/study/course-search?levelofstudy=Postgraduate
02,Anglia Ruskin University (ARU),MA Applied Linguistics and TESOL,maestria,Idiomas,no indicada,-,https://aru.ac.uk/study/course-search?levelofstudy=Postgraduate
02,Anglia Ruskin University (ARU),MSc Applied Professional Practice,maestria,Salud,no indicada,-,https://aru.ac.uk/study/course-search?levelofstudy=Postgraduate
02,Anglia Ruskin University (ARU),MSc Applied Wildlife Conservation,maestria,Medio Ambiente,no indicada,-,https://aru.ac.uk/study/course-search?levelofstudy=Postgraduate
02,Anglia Ruskin University (ARU),MArch Architecture,maestria,Arquitectura,no indicada,-,https://aru.ac.uk/study/course-search?levelofstudy=Postgraduate
02,Anglia Ruskin University (ARU),"MA Art, Health and Wellbeing",maestria,Artes,no indicada,-,https://aru.ac.uk/study/course-search?levelofstudy=Postgraduate
02,Anglia Ruskin University (ARU),MSc Artificial Intelligence,maestria,Tecnología,no indicada,-,https://aru.ac.uk/study/course-search?levelofstudy=Postgraduate
02,Anglia Ruskin University (ARU),MSc Automation and Robotics,maestria,Ingeniería,no indicada,-,https://aru.ac.uk/study/course-search?levelofstudy=Postgraduate
02,Anglia Ruskin University (ARU),Banking and Finance MBA,mba,Negocios,no indicada,-,https://aru.ac.uk/study/course-search?levelofstudy=Postgraduate
02,Anglia Ruskin University (ARU),MSc Biomedical Science,maestria,Salud,no indicada,-,https://aru.ac.uk/study/course-search?levelofstudy=Postgraduate
02,Anglia Ruskin University (ARU),MSc Biotechnology,maestria,Ciencias,no indicada,-,https://aru.ac.uk/study/course-search?levelofstudy=Postgraduate
02,Anglia Ruskin University (ARU),MSc Brand Management,maestria,Negocios,no indicada,-,https://aru.ac.uk/study/course-search?levelofstudy=Postgraduate
02,Anglia Ruskin University (ARU),MSc Business Data Analytics,maestria,Tecnología,no indicada,-,https://aru.ac.uk/study/course-search?levelofstudy=Postgraduate
02,Anglia Ruskin University (ARU),MA Chaplaincy and Pastoral Care,maestria,Teología,no indicada,-,https://aru.ac.uk/study/course-search?levelofstudy=Postgraduate
02,Anglia Ruskin University (ARU),MSc Chartered Town Planner,maestria,Arquitectura,no indicada,-,https://aru.ac.uk/study/course-search?levelofstudy=Postgraduate
02,Anglia Ruskin University (ARU),MSc Child and Adolescent Mental Wellbeing,maestria,Psicología,no indicada,-,https://aru.ac.uk/study/course-search?levelofstudy=Postgraduate
02,Anglia Ruskin University (ARU),MA Children's Book Illustration,maestria,Artes,no indicada,-,https://aru.ac.uk/study/course-search?levelofstudy=Postgraduate
02,Anglia Ruskin University (ARU),MA Christian Spirituality East and West,maestria,Teología,no indicada,-,https://aru.ac.uk/study/course-search?levelofstudy=Postgraduate
02,Anglia Ruskin University (ARU),MA Christian Theology and the Contemporary World,maestria,Teología,no indicada,-,https://aru.ac.uk/study/course-search?levelofstudy=Postgraduate&page=2
02,Anglia Ruskin University (ARU),MSc Clinical Applications of Psychology,maestria,Psicología,no indicada,-,https://aru.ac.uk/study/course-search?levelofstudy=Postgraduate&page=2
02,Anglia Ruskin University (ARU),MSc Clinical Child Psychology,maestria,Psicología,no indicada,-,https://aru.ac.uk/study/course-search?levelofstudy=Postgraduate&page=2
02,Anglia Ruskin University (ARU),MSc Clinical Nursing,maestria,Enfermería,no indicada,-,https://aru.ac.uk/study/course-search?levelofstudy=Postgraduate&page=2
02,Anglia Ruskin University (ARU),MSc Cognitive and Clinical Neuroscience,maestria,Psicología,no indicada,-,https://aru.ac.uk/study/course-search?levelofstudy=Postgraduate&page=2
02,Anglia Ruskin University (ARU),PG Dip Community Specialist Practitioner (District Nursing),posgrado,Enfermería,no indicada,-,https://aru.ac.uk/study/course-search?levelofstudy=Postgraduate&page=2
02,Anglia Ruskin University (ARU),MSc Computer Science,maestria,Tecnología,no indicada,-,https://aru.ac.uk/study/course-search?levelofstudy=Postgraduate&page=2
02,Anglia Ruskin University (ARU),MSc Conservation Education and Engagement,maestria,Medio Ambiente,no indicada,-,https://aru.ac.uk/study/course-search?levelofstudy=Postgraduate&page=2
02,Anglia Ruskin University (ARU),MSc Construction and Civil Engineering Management,maestria,Construcción,no indicada,-,https://aru.ac.uk/study/course-search?levelofstudy=Postgraduate&page=2
02,Anglia Ruskin University (ARU),MSc Construction Project Management,maestria,Construcción,no indicada,-,https://aru.ac.uk/study/course-search?levelofstudy=Postgraduate&page=2
02,Anglia Ruskin University (ARU),MA Contemporary Ethics,maestria,Humanidades,no indicada,-,https://aru.ac.uk/study/course-search?levelofstudy=Postgraduate&page=2
02,Anglia Ruskin University (ARU),PG Dip Continuing Healthcare,posgrado,Salud,no indicada,-,https://aru.ac.uk/study/course-search?levelofstudy=Postgraduate&page=2
02,Anglia Ruskin University (ARU),MSc Core Concepts in Robotic Surgery,maestria,Medicina,no indicada,-,https://aru.ac.uk/study/course-search?levelofstudy=Postgraduate&page=2
02,Anglia Ruskin University (ARU),MA Creative Writing,maestria,Letras,no indicada,-,https://aru.ac.uk/study/course-search?levelofstudy=Postgraduate&page=2
02,Anglia Ruskin University (ARU),MA Creative Writing and Publishing,maestria,Letras,no indicada,-,https://aru.ac.uk/study/course-search?levelofstudy=Postgraduate&page=2
02,Anglia Ruskin University (ARU),MA Criminology,maestria,Criminología,no indicada,-,https://aru.ac.uk/study/course-search?levelofstudy=Postgraduate&page=2
02,Anglia Ruskin University (ARU),PG Cert Critical Care,posgrado,Salud,no indicada,-,https://aru.ac.uk/study/course-search?levelofstudy=Postgraduate&page=2
02,Anglia Ruskin University (ARU),MSc Crop Production,maestria,Agricultura,no indicada,-,https://aru.ac.uk/study/course-search?levelofstudy=Postgraduate&page=2
02,Anglia Ruskin University (ARU),MSc Cyber Security,maestria,Tecnología,no indicada,-,https://aru.ac.uk/study/course-search?levelofstudy=Postgraduate&page=2
02,Anglia Ruskin University (ARU),Digital Marketing MBA,mba,Negocios,no indicada,-,https://aru.ac.uk/study/course-search?levelofstudy=Postgraduate&page=2
02,Anglia Ruskin University (ARU),MSc Digital Transformation and Public Value,maestria,Negocios,no indicada,-,https://aru.ac.uk/study/course-search?levelofstudy=Postgraduate&page=2
02,Anglia Ruskin University (ARU),MA Dramatherapy,maestria,Psicología,no indicada,-,https://aru.ac.uk/study/course-search?levelofstudy=Postgraduate&page=2
02,Anglia Ruskin University (ARU),PG Dip Education,posgrado,Educación,no indicada,-,https://aru.ac.uk/study/course-search?levelofstudy=Postgraduate&page=2
02,Anglia Ruskin University (ARU),MA Education,maestria,Educación,no indicada,-,https://aru.ac.uk/study/course-search?levelofstudy=Postgraduate&page=2
02,Anglia Ruskin University (ARU),Educational Leadership and Management MBA,mba,Educación,no indicada,-,https://aru.ac.uk/study/course-search?levelofstudy=Postgraduate&page=2
02,Anglia Ruskin University (ARU),MSc Electronic and Electrical Engineering,maestria,Ingeniería,no indicada,-,https://aru.ac.uk/study/course-search?levelofstudy=Postgraduate&page=2
02,Anglia Ruskin University (ARU),PG Cert Embedded Computing on Arm,posgrado,Tecnología,no indicada,-,https://aru.ac.uk/study/course-search?levelofstudy=Postgraduate&page=2
02,Anglia Ruskin University (ARU),MSc Engineering Management,maestria,Ingeniería,no indicada,-,https://aru.ac.uk/study/course-search?levelofstudy=Postgraduate&page=2
02,Anglia Ruskin University (ARU),MA English Literature,maestria,Letras,no indicada,-,https://aru.ac.uk/study/course-search?levelofstudy=Postgraduate&page=2
02,Anglia Ruskin University (ARU),Entrepreneurship MBA,mba,Negocios,no indicada,-,https://aru.ac.uk/study/course-search?levelofstudy=Postgraduate&page=2
02,Anglia Ruskin University (ARU),MA Environmental Justice and Sustainability,maestria,Medio Ambiente,no indicada,-,https://aru.ac.uk/study/course-search?levelofstudy=Postgraduate&page=3
02,Anglia Ruskin University (ARU),MSc Equine Performance Science,maestria,Ciencias Animales,no indicada,-,https://aru.ac.uk/study/course-search?levelofstudy=Postgraduate&page=3
02,Anglia Ruskin University (ARU),MA Film and Television Production,maestria,Cine y Audiovisuales,no indicada,-,https://aru.ac.uk/study/course-search?levelofstudy=Postgraduate&page=3
02,Anglia Ruskin University (ARU),MSc Finance and Financial Technologies,maestria,Negocios,no indicada,-,https://aru.ac.uk/study/course-search?levelofstudy=Postgraduate&page=3
02,Anglia Ruskin University (ARU),MA Fine Art,maestria,Artes,no indicada,-,https://aru.ac.uk/study/course-search?levelofstudy=Postgraduate&page=3
02,Anglia Ruskin University (ARU),FinTech and Data Analytics MBA,mba,Negocios,no indicada,-,https://aru.ac.uk/study/course-search?levelofstudy=Postgraduate&page=3
02,Anglia Ruskin University (ARU),MSc Forensic Science,maestria,Ciencias,no indicada,-,https://aru.ac.uk/study/course-search?levelofstudy=Postgraduate&page=3
02,Anglia Ruskin University (ARU),MA Games Development (Art),maestria,Artes,no indicada,-,https://aru.ac.uk/study/course-search?levelofstudy=Postgraduate&page=3
02,Anglia Ruskin University (ARU),MSc Games Development (Programming),maestria,Tecnología,no indicada,-,https://aru.ac.uk/study/course-search?levelofstudy=Postgraduate&page=3
02,Anglia Ruskin University (ARU),MPH Global Public Health,maestria,Salud,no indicada,-,https://aru.ac.uk/study/course-search?levelofstudy=Postgraduate&page=3
02,Anglia Ruskin University (ARU),MA Graphic Design,maestria,Diseño,no indicada,-,https://aru.ac.uk/study/course-search?levelofstudy=Postgraduate&page=3
02,Anglia Ruskin University (ARU),MSc Healthcare Leadership and Management,maestria,Salud,no indicada,-,https://aru.ac.uk/study/course-search?levelofstudy=Postgraduate&page=3
02,Anglia Ruskin University (ARU),MSc Healthcare Management,maestria,Salud,no indicada,-,https://aru.ac.uk/study/course-search?levelofstudy=Postgraduate&page=3
02,Anglia Ruskin University (ARU),Healthcare Management MBA,mba,Salud,no indicada,-,https://aru.ac.uk/study/course-search?levelofstudy=Postgraduate&page=3
02,Anglia Ruskin University (ARU),MSc Higher Midwifery Practice,maestria,Enfermería,no indicada,-,https://aru.ac.uk/study/course-search?levelofstudy=Postgraduate&page=3
02,Anglia Ruskin University (ARU),MA History,maestria,Humanidades,no indicada,-,https://aru.ac.uk/study/course-search?levelofstudy=Postgraduate&page=3
02,Anglia Ruskin University (ARU),MSc Human Anatomy,maestria,Salud,no indicada,-,https://aru.ac.uk/study/course-search?levelofstudy=Postgraduate&page=3
02,Anglia Ruskin University (ARU),MA Human Resource Management,maestria,Negocios,no indicada,-,https://aru.ac.uk/study/course-search?levelofstudy=Postgraduate&page=3
02,Anglia Ruskin University (ARU),MA Illustration,maestria,Artes,no indicada,-,https://aru.ac.uk/study/course-search?levelofstudy=Postgraduate&page=3
02,Anglia Ruskin University (ARU),MSc Information and Communication Technology (Conversion),maestria,Tecnología,no indicada,-,https://aru.ac.uk/study/course-search?levelofstudy=Postgraduate&page=3
02,Anglia Ruskin University (ARU),MA Intercultural Communication,maestria,Comunicación,no indicada,-,https://aru.ac.uk/study/course-search?levelofstudy=Postgraduate&page=3
02,Anglia Ruskin University (ARU),MSc International Business,maestria,Negocios,no indicada,-,https://aru.ac.uk/study/course-search?levelofstudy=Postgraduate&page=3
02,Anglia Ruskin University (ARU),LLM International Business and Commercial Law,maestria,Derecho,no indicada,-,https://aru.ac.uk/study/course-search?levelofstudy=Postgraduate&page=3
02,Anglia Ruskin University (ARU),MSc International Business Management,maestria,Negocios,no indicada,-,https://aru.ac.uk/study/course-search?levelofstudy=Postgraduate&page=3
02,Anglia Ruskin University (ARU),MSc International Business with Business Analytics,maestria,Negocios,no indicada,-,https://aru.ac.uk/study/course-search?levelofstudy=Postgraduate&page=3
02,Anglia Ruskin University (ARU),MSc International Business with Economics,maestria,Economía,no indicada,-,https://aru.ac.uk/study/course-search?levelofstudy=Postgraduate&page=3
02,Anglia Ruskin University (ARU),MSc International Business with Innovation and Technology Management,maestria,Negocios,no indicada,-,https://aru.ac.uk/study/course-search?levelofstudy=Postgraduate&page=3
02,Anglia Ruskin University (ARU),MSc International Business with Sustainability,maestria,Negocios,no indicada,-,https://aru.ac.uk/study/course-search?levelofstudy=Postgraduate&page=3
02,Anglia Ruskin University (ARU),MA International Development,maestria,Ciencias Sociales,no indicada,-,https://aru.ac.uk/study/course-search?levelofstudy=Postgraduate&page=3
02,Anglia Ruskin University (ARU),MSc International Hospitality and Tourism Management,maestria,Hospitalidad,no indicada,-,https://aru.ac.uk/study/course-search?levelofstudy=Postgraduate&page=3
02,Anglia Ruskin University (ARU),LLM International Human Rights and Criminal Justice,maestria,Derecho,no indicada,-,https://aru.ac.uk/study/course-search?levelofstudy=Postgraduate&page=4
02,Anglia Ruskin University (ARU),LLM International Law,maestria,Derecho,no indicada,-,https://aru.ac.uk/study/course-search?levelofstudy=Postgraduate&page=4
02,Anglia Ruskin University (ARU),MSc International Logistics and Supply Chain Management,maestria,Negocios,no indicada,-,https://aru.ac.uk/study/course-search?levelofstudy=Postgraduate&page=4
02,Anglia Ruskin University (ARU),MSc International Marketing,maestria,Negocios,no indicada,-,https://aru.ac.uk/study/course-search?levelofstudy=Postgraduate&page=4
02,Anglia Ruskin University (ARU),MSc International Project Management,maestria,Negocios,no indicada,-,https://aru.ac.uk/study/course-search?levelofstudy=Postgraduate&page=4
02,Anglia Ruskin University (ARU),MA International Relations,maestria,Ciencias Políticas,no indicada,-,https://aru.ac.uk/study/course-search?levelofstudy=Postgraduate&page=4
02,Anglia Ruskin University (ARU),MSc International Social Welfare and Social Policy,maestria,Ciencias Sociales,no indicada,-,https://aru.ac.uk/study/course-search?levelofstudy=Postgraduate&page=4
02,Anglia Ruskin University (ARU),LLM Law,maestria,Derecho,no indicada,-,https://aru.ac.uk/study/course-search?levelofstudy=Postgraduate&page=4
02,Anglia Ruskin University (ARU),LLM Law with International Business,maestria,Derecho,no indicada,-,https://aru.ac.uk/study/course-search?levelofstudy=Postgraduate&page=4
02,Anglia Ruskin University (ARU),"LLM Law, Technology and Artificial Intelligence",maestria,Derecho,no indicada,-,https://aru.ac.uk/study/course-search?levelofstudy=Postgraduate&page=4
02,Anglia Ruskin University (ARU),PG Cert Learning and Teaching in Higher Education (non FHEA),posgrado,Educación,no indicada,-,https://aru.ac.uk/study/course-search?levelofstudy=Postgraduate&page=4
02,Anglia Ruskin University (ARU),MSc Machine Learning,maestria,Tecnología,no indicada,-,https://aru.ac.uk/study/course-search?levelofstudy=Postgraduate&page=4
02,Anglia Ruskin University (ARU),MSc Marketing,maestria,Negocios,no indicada,-,https://aru.ac.uk/study/course-search?levelofstudy=Postgraduate&page=4
02,Anglia Ruskin University (ARU),Master of Business Administration MBA,mba,Negocios,no indicada,-,https://aru.ac.uk/study/course-search?levelofstudy=Postgraduate&page=4
02,Anglia Ruskin University (ARU),Master of Business Administration MBA - Health and Social Care,mba,Salud,no indicada,-,https://aru.ac.uk/study/course-search?levelofstudy=Postgraduate&page=4
02,Anglia Ruskin University (ARU),Master of Business Administration MBA - International,mba,Negocios,no indicada,-,https://aru.ac.uk/study/course-search?levelofstudy=Postgraduate&page=4
02,Anglia Ruskin University (ARU),MPH Master of Public Health,maestria,Salud,no indicada,-,https://aru.ac.uk/study/course-search?levelofstudy=Postgraduate&page=4
02,Anglia Ruskin University (ARU),MSc Mechanical Engineering,maestria,Ingeniería,no indicada,-,https://aru.ac.uk/study/course-search?levelofstudy=Postgraduate&page=4
02,Anglia Ruskin University (ARU),MSc Medical and Healthcare Education,maestria,Educación,no indicada,-,https://aru.ac.uk/study/course-search?levelofstudy=Postgraduate&page=4
02,Anglia Ruskin University (ARU),MSc Mental Health,maestria,Salud,no indicada,-,https://aru.ac.uk/study/course-search?levelofstudy=Postgraduate&page=4
02,Anglia Ruskin University (ARU),MSc Molecular Microbiology,maestria,Ciencias,no indicada,-,https://aru.ac.uk/study/course-search?levelofstudy=Postgraduate&page=4
02,Anglia Ruskin University (ARU),MA Music Therapy,maestria,Música,no indicada,-,https://aru.ac.uk/study/course-search?levelofstudy=Postgraduate&page=4
02,Anglia Ruskin University (ARU),MSc Occupational Therapy (Pre-Reg),maestria,Salud,no indicada,-,https://aru.ac.uk/study/course-search?levelofstudy=Postgraduate&page=4
02,Anglia Ruskin University (ARU),MCh Oncoplastic Breast Surgery,maestria,Medicina,no indicada,-,https://aru.ac.uk/study/course-search?levelofstudy=Postgraduate&page=4
02,Anglia Ruskin University (ARU),MSc Pharmaceutical Science,maestria,Salud,no indicada,-,https://aru.ac.uk/study/course-search?levelofstudy=Postgraduate&page=4
02,Anglia Ruskin University (ARU),MSc Physician Associate,maestria,Medicina,no indicada,-,https://aru.ac.uk/study/course-search?levelofstudy=Postgraduate&page=4
02,Anglia Ruskin University (ARU),MSc Physiotherapy (Pre-Reg),maestria,Salud,no indicada,-,https://aru.ac.uk/study/course-search?levelofstudy=Postgraduate&page=4
02,Anglia Ruskin University (ARU),PGCE Postgraduate Certificate in Education (PGCE) without QTS,posgrado,Educación,no indicada,-,https://aru.ac.uk/study/course-search?levelofstudy=Postgraduate&page=4
02,Anglia Ruskin University (ARU),PG Dip Postgraduate Diploma Nursing (Adult),posgrado,Enfermería,no indicada,-,https://aru.ac.uk/study/course-search?levelofstudy=Postgraduate&page=4
02,Anglia Ruskin University (ARU),PG Dip Postgraduate Diploma Nursing (Children),posgrado,Enfermería,no indicada,-,https://aru.ac.uk/study/course-search?levelofstudy=Postgraduate&page=4
02,Anglia Ruskin University (ARU),PG Dip Postgraduate Diploma Nursing (Mental Health),posgrado,Enfermería,no indicada,-,https://aru.ac.uk/study/course-search?levelofstudy=Postgraduate&page=5
02,Anglia Ruskin University (ARU),PG Cert Practice Educator (Social Work),posgrado,Servicios Sociales,no indicada,-,https://aru.ac.uk/study/course-search?levelofstudy=Postgraduate&page=5
02,Anglia Ruskin University (ARU),MCh Principles of Breast Oncoplasty,maestria,Medicina,no indicada,-,https://aru.ac.uk/study/course-search?levelofstudy=Postgraduate&page=5
02,Anglia Ruskin University (ARU),PG Dip Professional Social Work Practice – Step Up to Social Work,posgrado,Servicios Sociales,no indicada,-,https://aru.ac.uk/study/course-search?levelofstudy=Postgraduate&page=5
02,Anglia Ruskin University (ARU),MSc Project Management,maestria,Negocios,no indicada,-,https://aru.ac.uk/study/course-search?levelofstudy=Postgraduate&page=5
02,Anglia Ruskin University (ARU),Project Management with Artificial Intelligence MBA,mba,Negocios,no indicada,-,https://aru.ac.uk/study/course-search?levelofstudy=Postgraduate&page=5
02,Anglia Ruskin University (ARU),MSc Psychology (Conversion),maestria,Psicología,no indicada,-,https://aru.ac.uk/study/course-search?levelofstudy=Postgraduate&page=5
02,Anglia Ruskin University (ARU),"MSc Psychology, Digital Marketing and Business",maestria,Psicología,no indicada,-,https://aru.ac.uk/study/course-search?levelofstudy=Postgraduate&page=5
02,Anglia Ruskin University (ARU),MSc Public Health and Community Wellbeing,maestria,Salud,no indicada,-,https://aru.ac.uk/study/course-search?levelofstudy=Postgraduate&page=5
02,Anglia Ruskin University (ARU),MSc Public Health Promotion,maestria,Salud,no indicada,-,https://aru.ac.uk/study/course-search?levelofstudy=Postgraduate&page=5
02,Anglia Ruskin University (ARU),MSc Robotic Surgery (Simulation),maestria,Medicina,no indicada,-,https://aru.ac.uk/study/course-search?levelofstudy=Postgraduate&page=5
02,Anglia Ruskin University (ARU),PG Cert Simulation in Medical and Healthcare Education,posgrado,Educación,no indicada,-,https://aru.ac.uk/study/course-search?levelofstudy=Postgraduate&page=5
02,Anglia Ruskin University (ARU),MA Social Work,maestria,Servicios Sociales,no indicada,-,https://aru.ac.uk/study/course-search?levelofstudy=Postgraduate&page=5
02,Anglia Ruskin University (ARU),MA Sociology,maestria,Ciencias Sociales,no indicada,-,https://aru.ac.uk/study/course-search?levelofstudy=Postgraduate&page=5
02,Anglia Ruskin University (ARU),PG Dip Specialist Community Public Health Nursing (Health Visiting or School Nursing),posgrado,Enfermería,no indicada,-,https://aru.ac.uk/study/course-search?levelofstudy=Postgraduate&page=5
02,Anglia Ruskin University (ARU),MSc Sport and Exercise Psychology,maestria,Deporte,no indicada,-,https://aru.ac.uk/study/course-search?levelofstudy=Postgraduate&page=5
02,Anglia Ruskin University (ARU),LLM SQE Professional Legal Practice,maestria,Derecho,no indicada,-,https://aru.ac.uk/study/course-search?levelofstudy=Postgraduate&page=5
02,Anglia Ruskin University (ARU),MSc Surgical Care Practice,maestria,Medicina,no indicada,-,https://aru.ac.uk/study/course-search?levelofstudy=Postgraduate&page=5
02,Anglia Ruskin University (ARU),MSc Sustainability,maestria,Medio Ambiente,no indicada,-,https://aru.ac.uk/study/course-search?levelofstudy=Postgraduate&page=5
02,Anglia Ruskin University (ARU),MSc Sustainable Supply Chain Management,maestria,Negocios,no indicada,-,https://aru.ac.uk/study/course-search?levelofstudy=Postgraduate&page=5
02,Anglia Ruskin University (ARU),MSc Town Planning,maestria,Arquitectura,no indicada,-,https://aru.ac.uk/study/course-search?levelofstudy=Postgraduate&page=5
02,Anglia Ruskin University (ARU),Master of Surgery Urology,maestria,Medicina,no indicada,-,https://aru.ac.uk/study/course-search?levelofstudy=Postgraduate&page=5
02,Anglia Ruskin University (ARU),MSc Veterinary Physiotherapy,maestria,Veterinaria,no indicada,-,https://aru.ac.uk/study/course-search?levelofstudy=Postgraduate&page=5
02,Anglia Ruskin University (ARU),PhD,doctorado,Multidisciplinar,no indicada,-,https://aru.ac.uk/research/postgraduate-research
02,Anglia Ruskin University (ARU),MPhil,doctorado,Multidisciplinar,no indicada,-,https://aru.ac.uk/research/postgraduate-research
02,Anglia Ruskin University (ARU),DBA (Doctor of Business Administration),doctorado,Negocios,no indicada,-,https://aru.ac.uk/research/postgraduate-research
02,Anglia Ruskin University (ARU),EdD (Doctor of Education),doctorado,Educación,no indicada,-,https://aru.ac.uk/research/postgraduate-research
02,Anglia Ruskin University (ARU),DProf (Professional Doctorate),doctorado,Multidisciplinar,no indicada,-,https://aru.ac.uk/research/postgraduate-research
02,Australian Health and Management Institute (AHMI),Certificate III in Painting and Decorating,curso_corto,Construcción,52 semanas,CPC30620,https://ahmi.edu.au/courses/trade
02,Australian Health and Management Institute (AHMI),Certificate III in Wall and Floor Tiling,curso_corto,Construcción,52 semanas,CPC31320,https://ahmi.edu.au/courses/trade
02,Australian Health and Management Institute (AHMI),Certificate III in Engineering - Fabrication Trade,curso_corto,Ingeniería,52 semanas,MEM31925,https://ahmi.edu.au/courses/trade
02,Australian Health and Management Institute (AHMI),Certificate III in Bricklaying and Blocklaying,curso_corto,Construcción,94 semanas,CPC33020,https://ahmi.edu.au/courses/trade
02,Australian Health and Management Institute (AHMI),Certificate III in Carpentry,curso_corto,Construcción,104 semanas,CPC30220,https://ahmi.edu.au/courses/trade
02,Australian Health and Management Institute (AHMI),Certificate III in Plumbing,curso_corto,Construcción,94 semanas,CPC32420,https://ahmi.edu.au/courses/trade
02,Australian Health and Management Institute (AHMI),Certificate IV in Plumbing and Services,curso_corto,Construcción,52 semanas,CPC40920,https://ahmi.edu.au/courses/trade
02,Australian Health and Management Institute (AHMI),Diploma of Building and Construction (Building),diplomado,Construcción,52 semanas,CPC50220,https://ahmi.edu.au/courses/trade
02,Australian Health and Management Institute (AHMI),Advanced Diploma of Civil Construction Design,diplomado,Ingeniería,94 semanas,RII60520,https://ahmi.edu.au/courses/trade
02,Australian Health and Management Institute (AHMI),Certificate IV in Kitchen Management,curso_corto,Hospitalidad,78 semanas,SIT40521,https://ahmi.edu.au/courses/hospitality
02,Australian Health and Management Institute (AHMI),Diploma of Hospitality Management,diplomado,Hospitalidad,52 semanas,SIT50422,https://ahmi.edu.au/courses/hospitality
02,Australian Health and Management Institute (AHMI),Advanced Diploma of Hospitality Management,diplomado,Hospitalidad,52 semanas,SIT60322,https://ahmi.edu.au/courses/hospitality
02,Australian Health and Management Institute (AHMI),Diploma of Leadership and Management,diplomado,Negocios,52 semanas,BSB50420,https://ahmi.edu.au/courses/management
02,Australian Health and Management Institute (AHMI),Advanced Diploma of Leadership and Management,diplomado,Negocios,52 semanas,BSB60420,https://ahmi.edu.au/courses/management
02,Australian Health and Management Institute (AHMI),Diploma of Business,diplomado,Negocios,52 semanas,BSB50120,https://ahmi.edu.au/courses/management
02,Australian Health and Management Institute (AHMI),Advanced Diploma of Business,diplomado,Negocios,78 semanas,BSB60120,https://ahmi.edu.au/courses/management
02,Australian Health and Management Institute (AHMI),Graduate Diploma of Management (Learning),posgrado,Negocios,104 semanas,BSB80120,https://ahmi.edu.au/courses/management
02,Australian Health and Management Institute (AHMI),Certificate IV in Ageing Support,curso_corto,Salud,52 semanas,CHC43015,https://ahmi.edu.au/courses/health-community
02,Australian Health and Management Institute (AHMI),Certificate IV in Mental Health,curso_corto,Salud,52 semanas,CHC43315,https://ahmi.edu.au/courses/health-community
02,Australian Health and Management Institute (AHMI),Diploma of Mental Health,diplomado,Salud,52 semanas,CHC53315,https://ahmi.edu.au/courses/health-community
02,Australian Health and Management Institute (AHMI),Diploma of Community Services,diplomado,Servicios Sociales,104 semanas,CHC52025,https://ahmi.edu.au/courses/health-community
02,Australian Health and Management Institute (AHMI),Certificate III in Early Childhood Education and Care,curso_corto,Educación,52 semanas,CHC30125,https://ahmi.edu.au/courses/early-childhood
02,Australian Health and Management Institute (AHMI),Diploma of Early Childhood Education and Care,diplomado,Educación,52 semanas,CHC50125,https://ahmi.edu.au/courses/early-childhood
02,Australian Health and Management Institute (AHMI),Certificate III in Light Vehicle Mechanical Technology,curso_corto,Automotriz,78 semanas,AUR30620,https://ahmi.edu.au/courses/automotive
02,Australian Health and Management Institute (AHMI),Certificate IV in Automotive Mechanical Diagnosis,curso_corto,Automotriz,26 semanas,AUR40226,https://ahmi.edu.au/courses/automotive
02,Australian Health and Management Institute (AHMI),Diploma of Automotive Technology,diplomado,Automotriz,52 semanas,AUR50216,https://ahmi.edu.au/courses/automotive
02,Australian Health and Management Institute (AHMI),Diploma of Information Technology,diplomado,Tecnología,104 semanas,ICT50220,https://ahmi.edu.au/courses/information-technology
02,Australian Health and Management Institute (AHMI),Advanced Diploma of Information Technology,diplomado,Tecnología,52 semanas,ICT60220,https://ahmi.edu.au/courses/information-technology
02,Australian Health and Management Institute (AHMI),Provide First Aid (Includes CPR),curso_corto,Salud,~6 h e-learning + 4 h presencial,HLTAID011,https://ahmi.edu.au/courses/short-courses
02,Australian Health and Management Institute (AHMI),Prepare to Work Safely in the Construction Industry (White Card),curso_corto,Construcción,6 horas,CPCWHS1001,https://ahmi.edu.au/courses/short-courses
02,BROWNS English Language School,Intensive General English,curso_corto,Idiomas,no indicada,-,https://brownsenglish.edu.au/courses/intensive-general-english/
02,BROWNS English Language School,Advanced English Academic Practice,curso_corto,Idiomas,no indicada,-,https://brownsenglish.edu.au/courses/advanced-english-academic-practice/
02,BROWNS English Language School,IELTS Exam Preparation,curso_corto,Idiomas,no indicada,-,https://brownsenglish.edu.au/courses/ielts-exam-preparation/
02,BROWNS English Language School,Private Lessons,curso_corto,Idiomas,no indicada,-,https://brownsenglish.edu.au/courses/private-lessons/
02,BROWNS English Language School,Study Tours,vacacional,Idiomas,no indicada,-,https://brownsenglish.edu.au/study-tours/
02,BROWNS English Language School,Primary School Preparation,curso_corto,Idiomas,no indicada,-,https://brownsenglish.edu.au/courses/primary-school-preparation/
02,BROWNS English Language School,High School Preparation,curso_corto,Idiomas,no indicada,-,https://brownsenglish.edu.au/courses/high-school-preparation/
02,BROWNS English Language School,Holiday Program,vacacional,Idiomas,no indicada,-,https://brownsenglish.edu.au/courses/junior-holiday-program/
02,BROWNS English Language School,Barista@BROWNS,curso_corto,Hospitalidad,no indicada,-,https://brownsenglish.edu.au/courses/baristabrowns/
02,BROWNS English Language School,English + Demi Pair,curso_corto,Idiomas,no indicada,-,https://brownsenglish.edu.au/courses/english-demi-pair/
02,BROWNS English Language School,English + Hotel/Resort Internship,curso_corto,Hospitalidad,no indicada,-,https://brownsenglish.edu.au/courses/english-hotel-resort-internship/
02,BROWNS English Language School,English + Sports,curso_corto,Idiomas,no indicada,-,https://brownsenglish.edu.au/courses/english-sports/
02,BROWNS English Language School,English + Volunteer,curso_corto,Idiomas,no indicada,-,https://brownsenglish.edu.au/courses/english-volunteer/
02,BROWNS English Language School,English + Whale Conservation Volunteer,curso_corto,Idiomas,no indicada,-,https://brownsenglish.edu.au/courses/english-whale-conservation-volunteer/
02,Ravensbourne University London,Access to Higher Education Diploma,curso_corto,Artes,1 año,-,https://www.ravensbourne.ac.uk/study/access-higher-education-diploma
02,Ravensbourne University London,BA (Hons) Animation,bachelor,Artes,no indicada,-,https://www.ravensbourne.ac.uk/study/undergraduate
02,Ravensbourne University London,BA (Hons) 3D Animation,bachelor,Artes,no indicada,-,https://www.ravensbourne.ac.uk/study/undergraduate
02,Ravensbourne University London,BA (Hons) Games Art,bachelor,Artes,no indicada,-,https://www.ravensbourne.ac.uk/study/undergraduate
02,Ravensbourne University London,BA (Hons) Games Design,bachelor,Artes,no indicada,-,https://www.ravensbourne.ac.uk/study/undergraduate
02,Ravensbourne University London,BA (Hons) Games Development,bachelor,Tecnología,no indicada,-,https://www.ravensbourne.ac.uk/study/undergraduate
02,Ravensbourne University London,BSc (Hons) Games Programming,bachelor,Tecnología,no indicada,-,https://www.ravensbourne.ac.uk/study/undergraduate
02,Ravensbourne University London,BA (Hons) Architecture,bachelor,Arquitectura,no indicada,-,https://www.ravensbourne.ac.uk/study/undergraduate
02,Ravensbourne University London,BA (Hons) Interior Architecture and Reuse,bachelor,Arquitectura,no indicada,-,https://www.ravensbourne.ac.uk/study/undergraduate
02,Ravensbourne University London,BA (Hons) Urban Landscape Architecture,bachelor,Arquitectura,no indicada,-,https://www.ravensbourne.ac.uk/study/undergraduate
02,Ravensbourne University London,BEng (Hons) Architectural Design Engineering,bachelor,Ingeniería,no indicada,-,https://www.ravensbourne.ac.uk/study/undergraduate
02,Ravensbourne University London,BSc (Hons) Business Management,bachelor,Negocios,no indicada,-,https://www.ravensbourne.ac.uk/study/undergraduate
02,Ravensbourne University London,BSc (Hons) Business Management with International Year One,bachelor,Negocios,no indicada,-,https://www.ravensbourne.ac.uk/study/undergraduate
02,Ravensbourne University London,BSc (Hons) Digital Marketing,bachelor,Negocios,no indicada,-,https://www.ravensbourne.ac.uk/study/undergraduate
02,Ravensbourne University London,BSc (Hons) Business (Top up),bachelor,Negocios,no indicada,-,https://www.ravensbourne.ac.uk/study/undergraduate
02,Ravensbourne University London,BSc (Hons) Business for Creative Industries (Top up),bachelor,Negocios,no indicada,-,https://www.ravensbourne.ac.uk/study/undergraduate
02,Ravensbourne University London,BSc (Hons) Entrepreneurship and Business Startup (Top up),bachelor,Negocios,no indicada,-,https://www.ravensbourne.ac.uk/study/undergraduate
02,Ravensbourne University London,BSc (Hons) Business Computing,bachelor,Tecnología,no indicada,-,https://www.ravensbourne.ac.uk/study/undergraduate
02,Ravensbourne University London,BSc (Hons) Computer Science,bachelor,Tecnología,no indicada,-,https://www.ravensbourne.ac.uk/study/undergraduate
02,Ravensbourne University London,BSc (Hons) Computer Science with International Year One,bachelor,Tecnología,no indicada,-,https://www.ravensbourne.ac.uk/study/undergraduate
02,Ravensbourne University London,BSc (Hons) Cyber Security,bachelor,Tecnología,no indicada,-,https://www.ravensbourne.ac.uk/study/undergraduate
02,Ravensbourne University London,BA (Hons) Advertising and Brand Design,bachelor,Diseño,no indicada,-,https://www.ravensbourne.ac.uk/study/undergraduate
02,Ravensbourne University London,BA (Hons) Character Design & Concept Art,bachelor,Diseño,no indicada,-,https://www.ravensbourne.ac.uk/study/undergraduate
02,Ravensbourne University London,BA (Hons) Digital Content Creation,bachelor,Comunicación,no indicada,-,https://www.ravensbourne.ac.uk/study/undergraduate
02,Ravensbourne University London,BA (Hons) Graphic Design,bachelor,Diseño,no indicada,-,https://www.ravensbourne.ac.uk/study/undergraduate
02,Ravensbourne University London,BA (Hons) Illustration for Communication,bachelor,Diseño,no indicada,-,https://www.ravensbourne.ac.uk/study/undergraduate
02,Ravensbourne University London,BA (Hons) Motion Graphics,bachelor,Diseño,no indicada,-,https://www.ravensbourne.ac.uk/study/undergraduate
02,Ravensbourne University London,BA (Hons) Product Design,bachelor,Diseño,no indicada,-,https://www.ravensbourne.ac.uk/study/undergraduate
02,Ravensbourne University London,BA (Hons) UX UI User-Experience and User-Interface Design,bachelor,Diseño,no indicada,-,https://www.ravensbourne.ac.uk/study/undergraduate
02,Ravensbourne University London,BA (Hons) Fashion,bachelor,Moda,no indicada,-,https://www.ravensbourne.ac.uk/study/undergraduate
02,Ravensbourne University London,BA (Hons) Fashion Promotion and Communication,bachelor,Moda,no indicada,-,https://www.ravensbourne.ac.uk/study/undergraduate
02,Ravensbourne University London,BA (Hons) Fashion Buying and Brand Management,bachelor,Moda,no indicada,-,https://www.ravensbourne.ac.uk/study/undergraduate
02,Ravensbourne University London,BSc (Hons) Broadcast Engineering,bachelor,Ingeniería,no indicada,-,https://www.ravensbourne.ac.uk/study/undergraduate
02,Ravensbourne University London,BA (Hons) Digital Film Production,bachelor,Cine y Audiovisuales,no indicada,-,https://www.ravensbourne.ac.uk/study/undergraduate
02,Ravensbourne University London,BA (Hons) Digital Photography,bachelor,Artes,no indicada,-,https://www.ravensbourne.ac.uk/study/undergraduate
02,Ravensbourne University London,BA (Hons) Digital Television Production,bachelor,Cine y Audiovisuales,no indicada,-,https://www.ravensbourne.ac.uk/study/undergraduate
02,Ravensbourne University London,BA (Hons) Editing and Post Production,bachelor,Cine y Audiovisuales,no indicada,-,https://www.ravensbourne.ac.uk/study/undergraduate
02,Ravensbourne University London,BA (Hons) Music and Sound Production,bachelor,Música,no indicada,-,https://www.ravensbourne.ac.uk/study/undergraduate
02,Ravensbourne University London,BA (Hons) Multimedia and Broadcast Journalism,bachelor,Comunicación,no indicada,-,https://www.ravensbourne.ac.uk/study/undergraduate
02,Ravensbourne University London,MArch Architecture: Master of Architecture,maestria,Arquitectura,no indicada,-,https://www.ravensbourne.ac.uk/study/postgraduate
02,Ravensbourne University London,MBA and MBA Specialist Pathways,mba,Negocios,no indicada,-,https://www.ravensbourne.ac.uk/study/postgraduate/mba
02,Ravensbourne University London,MBA with Industry Year,mba,Negocios,no indicada,-,https://www.ravensbourne.ac.uk/study/postgraduate/mba-with-industry-year
02,Ravensbourne University London,MSc Accounting and Finance,maestria,Negocios,no indicada,-,https://www.ravensbourne.ac.uk/study/postgraduate/msc-accounting-and-finance
02,Ravensbourne University London,MSc Accounting and Finance with Industry Year,maestria,Negocios,no indicada,-,https://www.ravensbourne.ac.uk/study/postgraduate/msc-accounting-and-finance-with-industry-year
02,Ravensbourne University London,MSc Engineering Management,maestria,Ingeniería,no indicada,-,https://www.ravensbourne.ac.uk/study/postgraduate/msc-engineering-management
02,Ravensbourne University London,MSc Engineering Management with Industry Year,maestria,Ingeniería,no indicada,-,https://www.ravensbourne.ac.uk/study/postgraduate/msc-engineering-management-with-industry-year
02,Ravensbourne University London,MSc Events Management,maestria,Hospitalidad,no indicada,-,https://www.ravensbourne.ac.uk/study/postgraduate/msc-events-management
02,Ravensbourne University London,MSc Events Management with Industry Year,maestria,Hospitalidad,no indicada,-,https://www.ravensbourne.ac.uk/study/postgraduate/msc-events-management-with-industry-year
02,Ravensbourne University London,MSc International Finance,maestria,Negocios,no indicada,-,https://www.ravensbourne.ac.uk/study/postgraduate/msc-international-finance
02,Ravensbourne University London,MSc International Finance with Industry Year,maestria,Negocios,no indicada,-,https://www.ravensbourne.ac.uk/study/postgraduate/msc-international-finance-with-industry-year
02,Ravensbourne University London,MA Luxury Brand Management,maestria,Negocios,no indicada,-,https://www.ravensbourne.ac.uk/study/postgraduate/ma-luxury-brand-management
02,Ravensbourne University London,MSc Project Management,maestria,Negocios,no indicada,-,https://www.ravensbourne.ac.uk/study/postgraduate/msc-project-management
02,Ravensbourne University London,MSc Project Management with Industry Year,maestria,Negocios,no indicada,-,https://www.ravensbourne.ac.uk/study/postgraduate/msc-project-management-with-industry-year
02,Ravensbourne University London,MSc Strategic Marketing and Analytics,maestria,Negocios,no indicada,-,https://www.ravensbourne.ac.uk/study/postgraduate/msc-strategic-marketing-and-analytics
02,Ravensbourne University London,MSc Strategic Marketing and Analytics with Industry Year,maestria,Negocios,no indicada,-,https://www.ravensbourne.ac.uk/study/postgraduate/msc-strategic-marketing-analytics-with-industry-year
02,Ravensbourne University London,MSc Business and Data Analytics,maestria,Tecnología,no indicada,-,https://www.ravensbourne.ac.uk/study/postgraduate/msc-business-and-data-analytics
02,Ravensbourne University London,MSc Computer Science,maestria,Tecnología,no indicada,-,https://www.ravensbourne.ac.uk/study/postgraduate/msc-computer-science
02,Ravensbourne University London,MSc Cyber Security,maestria,Tecnología,no indicada,-,https://www.ravensbourne.ac.uk/study/postgraduate/msc-cyber-security
02,Ravensbourne University London,MSc Cyber Security Management,maestria,Tecnología,no indicada,-,https://www.ravensbourne.ac.uk/study/postgraduate/msc-cyber-security-management
02,Ravensbourne University London,MSc Information Technology Management,maestria,Tecnología,no indicada,-,https://www.ravensbourne.ac.uk/study/postgraduate/msc-information-technology-management
02,Ravensbourne University London,MSc Software Engineering,maestria,Tecnología,no indicada,-,https://www.ravensbourne.ac.uk/study/postgraduate/msc-software-engineering
02,Ravensbourne University London,MA Design Communication,maestria,Diseño,no indicada,-,https://www.ravensbourne.ac.uk/study/postgraduate/ma-design-communication
02,Ravensbourne University London,MA Design Management,maestria,Diseño,no indicada,-,https://www.ravensbourne.ac.uk/study/postgraduate/ma-design-management
02,Ravensbourne University London,MA/MFA Digital Photography,maestria,Artes,no indicada,-,https://www.ravensbourne.ac.uk/study/postgraduate/mamfa-digital-photography
02,Ravensbourne University London,MA Illustration,maestria,Diseño,no indicada,-,https://www.ravensbourne.ac.uk/study/postgraduate/ma-illustration
02,Ravensbourne University London,MA Fashion: Digital Futures,maestria,Moda,no indicada,-,https://www.ravensbourne.ac.uk/study/postgraduate/ma-fashion-digital-futures
02,Ravensbourne University London,MBA Fashion: Business and Entrepreneurship,mba,Moda,no indicada,-,https://www.ravensbourne.ac.uk/study/postgraduate/mba-fashion-business-and-entrepreneurship
02,Ravensbourne University London,MSc International Fashion Marketing,maestria,Moda,no indicada,-,https://www.ravensbourne.ac.uk/study/postgraduate/msc-international-fashion-marketing
02,Ravensbourne University London,MA International Film and TV Business,maestria,Cine y Audiovisuales,no indicada,-,https://www.ravensbourne.ac.uk/study/postgraduate/ma-international-film-and-tv-business
02,Ravensbourne University London,MA Screenwriting,maestria,Cine y Audiovisuales,no indicada,-,https://www.ravensbourne.ac.uk/study/postgraduate/ma-screenwriting
02,Long Island University,Accounting (BS),bachelor,Negocios,no indicada,-,https://www.liu-international.com/programs
02,Long Island University,"Business Administration (BBA, BS)",bachelor,Negocios,no indicada,-,https://www.liu-international.com/programs
02,Long Island University,Economics (BA),bachelor,Economía,no indicada,-,https://www.liu-international.com/programs
02,Long Island University,Entrepreneurship (BS),bachelor,Negocios,no indicada,-,https://www.liu-international.com/programs
02,Long Island University,Fashion Merchandising (BS),bachelor,Moda,no indicada,-,https://www.liu-international.com/programs
02,Long Island University,Finance (BS),bachelor,Negocios,no indicada,-,https://www.liu-international.com/programs
02,Long Island University,Management (BS),bachelor,Negocios,no indicada,-,https://www.liu-international.com/programs
02,Long Island University,Marketing (BS),bachelor,Negocios,no indicada,-,https://www.liu-international.com/programs
02,Long Island University,Sports Communication & Marketing (BA),bachelor,Comunicación,no indicada,-,https://www.liu-international.com/programs
02,Long Island University,Sports Management (BS),bachelor,Deporte,no indicada,-,https://www.liu-international.com/programs
02,Long Island University,Digital Arts and Design (BFA),bachelor,Diseño,no indicada,-,https://www.liu-international.com/programs
02,Long Island University,Digital Game Design and Development (BFA),bachelor,Tecnología,no indicada,-,https://www.liu-international.com/programs
02,Long Island University,Media Arts (Digital Art & Design) (BA),bachelor,Artes,no indicada,-,https://www.liu-international.com/programs
02,Long Island University,"Music Technology, Entrepreneurship & Production (BFA)",bachelor,Música,no indicada,-,https://www.liu-international.com/programs
02,Long Island University,Adolescent Education: English (BS),bachelor,Educación,no indicada,-,https://www.liu-international.com/programs
02,Long Island University,Adolescent Education: Mathematics (BS),bachelor,Educación,no indicada,-,https://www.liu-international.com/programs
02,Long Island University,Adolescent Education: Social Studies (BS),bachelor,Educación,no indicada,-,https://www.liu-international.com/programs
02,Long Island University,Childhood/Early Childhood Education (BS),bachelor,Educación,no indicada,-,https://www.liu-international.com/programs
02,Long Island University,Childhood/Special Education (BS),bachelor,Educación,no indicada,-,https://www.liu-international.com/programs
02,Long Island University,Early Childhood Education/Special Education (BS),bachelor,Educación,no indicada,-,https://www.liu-international.com/programs
02,Long Island University,Biochemistry (BS),bachelor,Ciencias,no indicada,-,https://www.liu-international.com/programs
02,Long Island University,Biology (BS),bachelor,Ciencias,no indicada,-,https://www.liu-international.com/programs
02,Long Island University,Biomedical Science: Clinical Lab Science (BS),bachelor,Salud,no indicada,-,https://www.liu-international.com/programs
02,Long Island University,Communication Science Disorders (BS),bachelor,Salud,no indicada,-,https://www.liu-international.com/programs
02,Long Island University,Exercise Science and Wellness (BS),bachelor,Deporte,no indicada,-,https://www.liu-international.com/programs
02,Long Island University,Health Education & Physical Education (BS),bachelor,Deporte,no indicada,-,https://www.liu-international.com/programs
02,Long Island University,Health Sciences (BS),bachelor,Salud,no indicada,-,https://www.liu-international.com/programs
02,Long Island University,Nursing (BS),bachelor,Enfermería,no indicada,-,https://www.liu-international.com/programs
02,Long Island University,Pre-Pharmacy (PharmD),bachelor,Salud,6 años,-,https://www.liu-international.com/programs
02,Long Island University,Psychology (BA),bachelor,Psicología,no indicada,-,https://www.liu-international.com/programs
02,Long Island University,Radiologic Technology (BS),bachelor,Salud,no indicada,-,https://www.liu-international.com/programs
02,Long Island University,Respiratory Care (BS),bachelor,Salud,no indicada,-,https://www.liu-international.com/programs
02,Long Island University,Social Work (BS),bachelor,Servicios Sociales,no indicada,-,https://www.liu-international.com/programs
02,Long Island University,Speech Language Pathology and Audiology (BS),bachelor,Salud,no indicada,-,https://www.liu-international.com/programs
02,Long Island University,Veterinary Technology (BS),bachelor,Veterinaria,no indicada,-,https://www.liu-international.com/programs
02,Long Island University,Communications (BS),bachelor,Comunicación,no indicada,-,https://www.liu-international.com/programs
02,Long Island University,Criminal Justice (BA),bachelor,Criminología,no indicada,-,https://www.liu-international.com/programs
02,Long Island University,English (BA),bachelor,Letras,no indicada,-,https://www.liu-international.com/programs
02,Long Island University,Forensic Science (BS),bachelor,Ciencias,no indicada,-,https://www.liu-international.com/programs
02,Long Island University,Global Studies (BA),bachelor,Ciencias Sociales,no indicada,-,https://www.liu-international.com/programs
02,Long Island University,International Relations & Diplomacy (BA),bachelor,Ciencias Políticas,no indicada,-,https://www.liu-international.com/programs
02,Long Island University,Journalism (BFA),bachelor,Comunicación,no indicada,-,https://www.liu-international.com/programs
02,Long Island University,Political Science (BA),bachelor,Ciencias Políticas,no indicada,-,https://www.liu-international.com/programs
02,Long Island University,Artificial Intelligence (BS),bachelor,Tecnología,no indicada,-,https://www.liu-international.com/programs
02,Long Island University,Computer Science (BS),bachelor,Tecnología,no indicada,-,https://www.liu-international.com/programs
02,Long Island University,Data Analytics (BS),bachelor,Tecnología,no indicada,-,https://www.liu-international.com/programs
02,Long Island University,Mathematics (BS),bachelor,Ciencias,no indicada,-,https://www.liu-international.com/programs
02,Long Island University,"Acting for Theatre, Film and Television (BFA)",bachelor,Artes Escénicas,no indicada,-,https://www.liu-international.com/programs
02,Long Island University,Applied Music (BA),bachelor,Música,no indicada,-,https://www.liu-international.com/programs
02,Long Island University,Art (BFA),bachelor,Artes,no indicada,-,https://www.liu-international.com/programs
02,Long Island University,Broadcasting (BFA),bachelor,Comunicación,no indicada,-,https://www.liu-international.com/programs
02,Long Island University,Film (BFA),bachelor,Cine y Audiovisuales,no indicada,-,https://www.liu-international.com/programs
02,Long Island University,Film and Television (BFA),bachelor,Cine y Audiovisuales,no indicada,-,https://www.liu-international.com/programs
02,Long Island University,Music (BS),bachelor,Música,no indicada,-,https://www.liu-international.com/programs
02,Long Island University,"Theatre Arts (BA, BFA)",bachelor,Artes Escénicas,no indicada,-,https://www.liu-international.com/programs
02,Long Island University,Vocal Performance (BM),bachelor,Música,no indicada,-,https://www.liu-international.com/programs
02,Long Island University,Accountancy (MS),maestria,Negocios,no indicada,-,https://www.liu-international.com/programs
02,Long Island University,Business Administration (MBA),mba,Negocios,no indicada,-,https://www.liu-international.com/programs
02,Long Island University,Public Administration (MPA),maestria,Ciencias Políticas,no indicada,-,https://www.liu-international.com/programs
02,Long Island University,Sports Management (MS),maestria,Deporte,no indicada,-,https://www.liu-international.com/programs
02,Long Island University,Childhood/Special Education (MS),maestria,Educación,no indicada,-,https://www.liu-international.com/programs
02,Long Island University,Clinical Art Therapy & Counseling (MA),maestria,Psicología,no indicada,-,https://www.liu-international.com/programs
02,Long Island University,School Counselor (MS),maestria,Educación,no indicada,-,https://www.liu-international.com/programs
02,Long Island University,Behavior Analysis (MA),maestria,Psicología,no indicada,-,https://www.liu-international.com/programs
02,Long Island University,Biomedical Sciences (MS),maestria,Salud,no indicada,-,https://www.liu-international.com/programs
02,Long Island University,Clinical Laboratory Science (MS),maestria,Salud,no indicada,-,https://www.liu-international.com/programs
02,Long Island University,Clinical Mental Health Counseling (MS),maestria,Psicología,no indicada,-,https://www.liu-international.com/programs
02,Long Island University,Drug Regulatory Affairs (MS),maestria,Salud,no indicada,-,https://www.liu-international.com/programs
02,Long Island University,Exercise Science (MS),maestria,Deporte,no indicada,-,https://www.liu-international.com/programs
02,Long Island University,"Health Administration (MHA, MPA)",maestria,Salud,no indicada,-,https://www.liu-international.com/programs
02,Long Island University,Marriage and Family Therapy (MS),maestria,Psicología,no indicada,-,https://www.liu-international.com/programs
02,Long Island University,Mental Health Counseling (MS),maestria,Psicología,no indicada,-,https://www.liu-international.com/programs
02,Long Island University,Nutrition (MS),maestria,Salud,no indicada,-,https://www.liu-international.com/programs
02,Long Island University,Pharmaceutics: Cosmetic Science (MS),maestria,Salud,no indicada,-,https://www.liu-international.com/programs
02,Long Island University,Pharmaceutics: Industrial Pharmacy (MS),maestria,Salud,no indicada,-,https://www.liu-international.com/programs
02,Long Island University,Pharmacology/Toxicology (MS),maestria,Salud,no indicada,-,https://www.liu-international.com/programs
02,Long Island University,Physician Assistant Studies (MS),maestria,Medicina,no indicada,-,https://www.liu-international.com/programs
02,Long Island University,Psychology (MA),maestria,Psicología,no indicada,-,https://www.liu-international.com/programs
02,Long Island University,Public Health (MPH),maestria,Salud,no indicada,-,https://www.liu-international.com/programs
02,Long Island University,School Psychology (MSED),maestria,Psicología,no indicada,-,https://www.liu-international.com/programs
02,Long Island University,Social Work (MSW),maestria,Servicios Sociales,no indicada,-,https://www.liu-international.com/programs
02,Long Island University,"Speech-Language Pathology (MS, MA)",maestria,Salud,no indicada,-,https://www.liu-international.com/programs
02,Long Island University,Creative Writing (MFA),maestria,Letras,no indicada,-,https://www.liu-international.com/programs
02,Long Island University,Criminal Justice (MS),maestria,Criminología,no indicada,-,https://www.liu-international.com/programs
02,Long Island University,Artificial Intelligence (MS),maestria,Tecnología,no indicada,-,https://www.liu-international.com/programs
02,Long Island University,Computer Science (MS),maestria,Tecnología,no indicada,-,https://www.liu-international.com/programs
02,Long Island University,Data Analytics & Strategic Business Intelligence (MS),maestria,Tecnología,no indicada,-,https://www.liu-international.com/programs
02,Long Island University,Writing and Producing for Television (MFA),maestria,Cine y Audiovisuales,no indicada,-,https://www.liu-international.com/programs
02,Tr4inright,ELICOS – General English,curso_corto,Idiomas,no indicada,CRICOS 097896G,https://tr4inright.edu.au/general-english/
02,Tr4inright,English For Academic Purposes (Levels 1 and 2),curso_corto,Idiomas,no indicada,CRICOS 116805K,https://tr4inright.edu.au/english-for-academic-purposes-levels-1-and-2/
02,Tr4inright,BSB40520 Certificate IV in Leadership and Management,curso_corto,Negocios,no indicada,BSB40520 · CRICOS 103992J,https://tr4inright.edu.au/bsb40520-certificate-iv-in-leadership-and-management/
02,Tr4inright,BSB50420 Diploma of Leadership and Management,diplomado,Negocios,no indicada,BSB50420 · CRICOS 104332D,https://tr4inright.edu.au/bsb50420-diploma-of-leadership-and-management/
02,Tr4inright,BSB60420 Advanced Diploma of Leadership and Management,diplomado,Negocios,no indicada,BSB60420 · CRICOS 108423B,https://tr4inright.edu.au/bsb60420-advanced-diploma-of-leadership-and-management/
02,Tr4inright,CPC30220 Certificate III in Carpentry,curso_corto,Construcción,no indicada,CPC30220 · CRICOS 104873H,https://tr4inright.edu.au/cpc30220-certificate-iii-in-carpentry/
02,Tr4inright,CPC40120 Certificate IV in Building and Construction,curso_corto,Construcción,no indicada,CPC40120 · CRICOS 109004B,https://tr4inright.edu.au/cpc40120-certificate-iv-in-building-and-construction/
02,Tr4inright,CPC50220 Diploma of Building and Construction (Building),diplomado,Construcción,no indicada,CPC50220 · CRICOS 103754A,https://tr4inright.edu.au/cpc50220-diploma-of-building-and-construction/
02,Tr4inright,RII60520 Advanced Diploma of Civil Construction Design,diplomado,Ingeniería,no indicada,RII60520 · CRICOS 114197A,https://tr4inright.edu.au/rii60520-advanced-diploma-of-civil-construction-design/
02,Tr4inright,BSB80120 – Graduate Diploma of Management (Learning),posgrado,Negocios,no indicada,BSB80120 · CRICOS 108697J,https://tr4inright.edu.au/bsb80120-graduate-diploma-of-management-learning/
02,ELSIS - English Language Schools,General Intensive English (GIE),curso_corto,Idiomas,20 h/semana · 5 niveles (Elementary a Advanced),-,https://elsis.edu.au/general-english/
02,ELSIS - English Language Schools,English for Academic Purposes (EAP),curso_corto,Idiomas,20 h/semana · 2 niveles (Upper-intermediate y Advanced),-,https://elsis.edu.au/eap/
02,ELSIS - English Language Schools,English Study Tours in Australia,vacacional,Idiomas,2 a 4 semanas,-,https://elsis.edu.au/study-tour/
02,ELSIS - English Language Schools,Study Tour with Universities,intercambio,Idiomas,9 semanas (5 EAP + 4 universidad),-,https://elsis.edu.au/study-tour-with-universities/
02,Canadian ESL Centre,ESL,curso_corto,Idiomas,6 niveles,-,https://canadianeslcentre.com/programs/
02,Canadian ESL Centre,TOEFL iBT,curso_corto,Idiomas,3 niveles,-,https://canadianeslcentre.com/programs/
02,Canadian ESL Centre,IELTS (General y Academic),curso_corto,Idiomas,no indicada,-,https://canadianeslcentre.com/programs/ielts/
02,Canadian ESL Centre,TOEIC,curso_corto,Idiomas,6 niveles,-,https://canadianeslcentre.com/programs/
02,Acsenda School of Management,Bachelor of Business Administration (BBA),bachelor,Negocios,no indicada,-,https://acsenda.com/academic-programs/bachelor-of-business-administration/
02,Acsenda School of Management,Bachelor of Hospitality Management (BHM),bachelor,Hospitalidad,no indicada,-,https://acsenda.com/academic-programs/bachelor-of-hospitality-management/
03,Australia Institute of Business and Technology,Certificate IV in Accounting and Bookkeeping,curso_corto,Negocios,no indicada,FNS40222,https://aibtglobal.edu.au/courses/
03,Australia Institute of Business and Technology,Diploma of Accounting,diplomado,Negocios,no indicada,FNS50222,https://aibtglobal.edu.au/courses/
03,Australia Institute of Business and Technology,Advanced Diploma of Accounting,diplomado,Negocios,no indicada,FNS60222,https://aibtglobal.edu.au/courses/
03,Australia Institute of Business and Technology,Certificate IV in Project Management Practice,curso_corto,Negocios,no indicada,BSB40920,https://aibtglobal.edu.au/courses/
03,Australia Institute of Business and Technology,Diploma of Project Management,diplomado,Negocios,no indicada,BSB50820,https://aibtglobal.edu.au/courses/
03,Australia Institute of Business and Technology,Advanced Diploma of Program Management,diplomado,Negocios,no indicada,BSB60720,https://aibtglobal.edu.au/courses/
03,Australia Institute of Business and Technology,Diploma of Leadership and Management,diplomado,Negocios,no indicada,BSB50420,https://aibtglobal.edu.au/courses/
03,Australia Institute of Business and Technology,Advanced Diploma of Leadership and Management,diplomado,Negocios,no indicada,BSB60420,https://aibtglobal.edu.au/courses/
03,Australia Institute of Business and Technology,Graduate Diploma of Strategic Leadership,posgrado,Negocios,no indicada,BSB80320,https://aibtglobal.edu.au/courses/
03,Australia Institute of Business and Technology,Graduate Diploma of Management (Learning),posgrado,Negocios,no indicada,BSB80120,https://aibtglobal.edu.au/courses/
03,Australia Institute of Business and Technology,Certificate IV in Ageing Support,curso_corto,Salud,no indicada,CHC43015,https://aibtglobal.edu.au/courses/
03,Australia Institute of Business and Technology,Certificate III in Early Childhood Education and Care,curso_corto,Educación,no indicada,CHC30125,https://aibtglobal.edu.au/courses/
03,Australia Institute of Business and Technology,Certificate IV in Air Conditioning and Refrigeration Servicing,curso_corto,Ingeniería,no indicada,UEE42725,https://aibtglobal.edu.au/courses/
03,Australia Institute of Business and Technology,Certificate IV in Information Technology,curso_corto,Tecnología,no indicada,ICT40120,https://aibtglobal.edu.au/courses/
03,Australia Institute of Business and Technology,Diploma of Information Technology (Telecommunications Network Engineering),diplomado,Tecnología,no indicada,ICT50220,https://aibtglobal.edu.au/courses/
03,UNSW Sydney,Bachelor of Engineering (Honours),bachelor,Ingeniería,4 años,3707,https://www.unsw.edu.au/study/undergraduate/bachelor-of-engineering-honours
03,UNSW Sydney,Bachelor of Engineering (Honours) (Aerospace Engineering),bachelor,Ingeniería,4 años,-,https://www.unsw.edu.au/study/undergraduate/bachelor-of-engineering-honours-aerospace
03,UNSW Sydney,Bachelor of Engineering (Honours) (Civil),bachelor,Ingeniería,4 años,-,https://www.unsw.edu.au/study/undergraduate/bachelor-of-engineering-honours-civil
03,UNSW Sydney,Bachelor of Engineering (Honours) (Electrical),bachelor,Ingeniería,4 años,-,https://www.unsw.edu.au/study/undergraduate/bachelor-of-engineering-honours-electrical
03,UNSW Sydney,Bachelor of Engineering (Honours) (Environmental),bachelor,Ingeniería,4 años,-,https://www.unsw.edu.au/study/undergraduate/bachelor-of-engineering-honours-environmental
03,UNSW Sydney,Bachelor of Engineering (Honours) (Mechanical Engineering),bachelor,Ingeniería,4 años,-,https://www.unsw.edu.au/study/undergraduate/bachelor-of-engineering-honours-mechanical
03,UNSW Sydney,Bachelor of Engineering (Honours) (Mining),bachelor,Ingeniería,4 años,-,https://www.unsw.edu.au/study/undergraduate/bachelor-of-engineering-honours-mining
03,UNSW Sydney,Bachelor of Engineering (Honours) (Computer),bachelor,Ingeniería,4 años,-,https://www.unsw.edu.au/study/undergraduate/bachelor-of-engineering-honours-computer
03,UNSW Sydney,Bachelor of Engineering (Honours) / Engineering Science,bachelor,Ingeniería,no indicada,-,https://www.unsw.edu.au/study/undergraduate/bachelor-of-engineering-honours-engineering-science
03,UNSW Sydney,Bachelor of Engineering (Honours) / Science,bachelor,Ingeniería,no indicada,-,https://www.unsw.edu.au/study/undergraduate/bachelor-of-engineering-honours-science
03,UNSW Sydney,Bachelor of Engineering (Honours) / Commerce,bachelor,Ingeniería,no indicada,-,https://www.unsw.edu.au/study/undergraduate/bachelor-of-engineering-honours-commerce
03,UNSW Sydney,Bachelor of Engineering (Honours) / Computer Science,bachelor,Ingeniería,no indicada,-,https://www.unsw.edu.au/study/undergraduate/bachelor-of-engineering-honours-computer-science
03,UNSW Sydney,Bachelor of Engineering (Honours) / Arts,bachelor,Ingeniería,no indicada,-,https://www.unsw.edu.au/study/undergraduate/bachelor-of-engineering-honours-arts
03,UNSW Sydney,Bachelor of Commerce,bachelor,Negocios,no indicada,-,https://www.unsw.edu.au/study/undergraduate/bachelor-of-commerce
03,UNSW Sydney,Bachelor of Commerce / Arts,bachelor,Negocios,no indicada,-,https://www.unsw.edu.au/study/undergraduate/bachelor-of-commerce-arts
03,UNSW Sydney,Bachelor of Commerce / Science,bachelor,Negocios,no indicada,-,https://www.unsw.edu.au/study/undergraduate/bachelor-of-commerce-science
03,UNSW Sydney,Bachelor of Data Science and Decisions,bachelor,Tecnología,144 UOC,3959,https://www.unsw.edu.au/study/undergraduate/bachelor-of-data-science-and-decisions
03,UNSW Sydney,Master of Actuarial Studies,maestria,Negocios,no indicada,-,https://www.unsw.edu.au/business/study-with-us/postgraduate/postgraduate-degrees
03,UNSW Sydney,Master of Actuarial Studies (Extension),maestria,Negocios,no indicada,-,https://www.unsw.edu.au/business/study-with-us/postgraduate/postgraduate-degrees
03,UNSW Sydney,Master of AI Leadership and Strategy (Online),maestria,Tecnología,no indicada,-,https://www.unsw.edu.au/business/study-with-us/postgraduate/postgraduate-degrees
03,UNSW Sydney,Master of Analytics (Online),maestria,Tecnología,no indicada,-,https://www.unsw.edu.au/business/study-with-us/postgraduate/postgraduate-degrees
03,UNSW Sydney,Master of Analytics (Marketing) (Online),maestria,Negocios,no indicada,-,https://www.unsw.edu.au/business/study-with-us/postgraduate/postgraduate-degrees
03,UNSW Sydney,Master of Applied Economics,maestria,Economía,no indicada,-,https://www.unsw.edu.au/business/study-with-us/postgraduate/postgraduate-degrees
03,UNSW Sydney,Master of Applied Finance (Online),maestria,Finanzas,no indicada,-,https://www.unsw.edu.au/business/study-with-us/postgraduate/postgraduate-degrees
03,UNSW Sydney,Master of Economics,maestria,Economía,no indicada,-,https://www.unsw.edu.au/business/study-with-us/postgraduate/postgraduate-degrees
03,UNSW Sydney,Master of Human Resource Management (Online),maestria,Negocios,no indicada,-,https://www.unsw.edu.au/business/study-with-us/postgraduate/postgraduate-degrees
03,UNSW Sydney,"Master of Human Resource Management (Diversity, Equity and Inclusion) (Online)",maestria,Negocios,no indicada,-,https://www.unsw.edu.au/business/study-with-us/postgraduate/postgraduate-degrees
03,UNSW Sydney,Master of Human Resource Management (Human Resource Analytics),maestria,Negocios,no indicada,-,https://www.unsw.edu.au/business/study-with-us/postgraduate/postgraduate-degrees
03,UNSW Sydney,Master of Human Resource Management (Leadership and Organisational Development),maestria,Negocios,no indicada,-,https://www.unsw.edu.au/business/study-with-us/postgraduate/postgraduate-degrees
03,UNSW Sydney,MBA Full-Time,mba,Negocios,no indicada,-,https://www.unsw.edu.au/business/study-with-us/postgraduate/postgraduate-degrees
03,UNSW Sydney,MBA Full-Time (Extension),mba,Negocios,no indicada,-,https://www.unsw.edu.au/business/study-with-us/postgraduate/postgraduate-degrees
03,UNSW Sydney,MBA Part-Time (Executive),mba,Negocios,no indicada,-,https://www.unsw.edu.au/business/study-with-us/postgraduate/postgraduate-degrees
03,UNSW Sydney,MBAX (Change),mba,Negocios,no indicada,-,https://www.unsw.edu.au/business/study-with-us/postgraduate/postgraduate-degrees
03,UNSW Sydney,MBAX (Finance),mba,Finanzas,no indicada,-,https://www.unsw.edu.au/business/study-with-us/postgraduate/postgraduate-degrees
03,UNSW Sydney,MBAX (Law),mba,Derecho,no indicada,-,https://www.unsw.edu.au/business/study-with-us/postgraduate/postgraduate-degrees
03,UNSW Sydney,MBAX (Social Impact),mba,Negocios,no indicada,-,https://www.unsw.edu.au/business/study-with-us/postgraduate/postgraduate-degrees
03,UNSW Sydney,MBAX (Technology),mba,Tecnología,no indicada,-,https://www.unsw.edu.au/business/study-with-us/postgraduate/postgraduate-degrees
03,UNSW Sydney,Master of Commerce,maestria,Negocios,no indicada,-,https://www.unsw.edu.au/study/postgraduate/master-of-commerce
03,UNSW Sydney,Master of Commerce (Extension),maestria,Negocios,no indicada,-,https://www.unsw.edu.au/study/postgraduate/master-of-commerce-extension
03,UNSW Sydney,Master of Finance,maestria,Finanzas,no indicada,-,https://www.unsw.edu.au/business/study-with-us/postgraduate/postgraduate-degrees
03,UNSW Sydney,Master of Financial Analysis,maestria,Finanzas,no indicada,-,https://www.unsw.edu.au/business/study-with-us/postgraduate/postgraduate-degrees
03,UNSW Sydney,Master of Financial Technology (Online),maestria,Finanzas,no indicada,-,https://www.unsw.edu.au/business/study-with-us/postgraduate/postgraduate-degrees
03,UNSW Sydney,Master of International Business,maestria,Negocios,no indicada,-,https://www.unsw.edu.au/business/study-with-us/postgraduate/postgraduate-degrees
03,UNSW Sydney,Master of Law / MBA (Law),mba,Derecho,no indicada,-,https://www.unsw.edu.au/business/study-with-us/postgraduate/postgraduate-degrees
03,UNSW Sydney,Master of Management (Online),maestria,Negocios,no indicada,-,https://www.unsw.edu.au/business/study-with-us/postgraduate/postgraduate-degrees
03,UNSW Sydney,Master of Professional Accounting,maestria,Negocios,no indicada,-,https://www.unsw.edu.au/business/study-with-us/postgraduate/postgraduate-degrees
03,UNSW Sydney,Master of Professional Accounting (Extension),maestria,Negocios,no indicada,-,https://www.unsw.edu.au/business/study-with-us/postgraduate/postgraduate-degrees
03,UNSW Sydney,Master of Taxation,maestria,Negocios,no indicada,-,https://www.unsw.edu.au/business/study-with-us/postgraduate/postgraduate-degrees
03,UNSW Sydney,Graduate Diploma in AI Leadership and Strategy (Online),posgrado,Tecnología,no indicada,-,https://www.unsw.edu.au/business/study-with-us/postgraduate/postgraduate-degrees
03,UNSW Sydney,Graduate Diploma in Analytics (Online),posgrado,Tecnología,no indicada,-,https://www.unsw.edu.au/business/study-with-us/postgraduate/postgraduate-degrees
03,UNSW Sydney,Graduate Diploma in Applied Finance (Online),posgrado,Finanzas,no indicada,-,https://www.unsw.edu.au/business/study-with-us/postgraduate/postgraduate-degrees
03,UNSW Sydney,Graduate Diploma in Financial Technology (Online),posgrado,Finanzas,no indicada,-,https://www.unsw.edu.au/business/study-with-us/postgraduate/postgraduate-degrees
03,UNSW Sydney,Graduate Diploma in Social Impact,posgrado,Negocios,no indicada,-,https://www.unsw.edu.au/business/study-with-us/postgraduate/postgraduate-degrees
03,UNSW Sydney,Graduate Diploma in Entrepreneurship,posgrado,Negocios,no indicada,-,https://www.unsw.edu.au/business/study-with-us/postgraduate/postgraduate-degrees
03,UNSW Sydney,Graduate Certificate in Actuarial Analytics,posgrado,Negocios,no indicada,-,https://www.unsw.edu.au/business/study-with-us/postgraduate/postgraduate-degrees
03,UNSW Sydney,Graduate Certificate in AI Strategy (Online),posgrado,Tecnología,no indicada,-,https://www.unsw.edu.au/business/study-with-us/postgraduate/postgraduate-degrees
03,UNSW Sydney,Graduate Certificate in Applied Finance (Online),posgrado,Finanzas,no indicada,-,https://www.unsw.edu.au/business/study-with-us/postgraduate/postgraduate-degrees
03,UNSW Sydney,Graduate Certificate in Analytics (Online),posgrado,Tecnología,no indicada,-,https://www.unsw.edu.au/business/study-with-us/postgraduate/postgraduate-degrees
03,UNSW Sydney,Graduate Certificate in Business (Online),posgrado,Negocios,no indicada,-,https://www.unsw.edu.au/business/study-with-us/postgraduate/postgraduate-degrees
03,UNSW Sydney,Graduate Certificate in Business Analytics,posgrado,Negocios,no indicada,-,https://www.unsw.edu.au/study/postgraduate/graduate-certificate-in-business-analytics
03,UNSW Sydney,Graduate Certificate in Change Management,posgrado,Negocios,no indicada,-,https://www.unsw.edu.au/business/study-with-us/postgraduate/postgraduate-degrees
03,UNSW Sydney,Graduate Certificate in Commerce,posgrado,Negocios,no indicada,-,https://www.unsw.edu.au/business/study-with-us/postgraduate/postgraduate-degrees
03,UNSW Sydney,"Graduate Certificate in Diversity, Equity, and Inclusion",posgrado,Negocios,no indicada,-,https://www.unsw.edu.au/business/study-with-us/postgraduate/postgraduate-degrees
03,UNSW Sydney,Graduate Certificate in Economics,posgrado,Economía,no indicada,-,https://www.unsw.edu.au/business/study-with-us/postgraduate/postgraduate-degrees
03,UNSW Sydney,Graduate Certificate in Human Resource Management,posgrado,Negocios,no indicada,-,https://www.unsw.edu.au/business/study-with-us/postgraduate/postgraduate-degrees
03,UNSW Sydney,Graduate Certificate in Human Resource Analytics,posgrado,Negocios,no indicada,-,https://www.unsw.edu.au/business/study-with-us/postgraduate/postgraduate-degrees
03,UNSW Sydney,Graduate Certificate in Leadership and Organisational Development,posgrado,Negocios,no indicada,-,https://www.unsw.edu.au/business/study-with-us/postgraduate/postgraduate-degrees
03,UNSW Sydney,Graduate Certificate in Financial Technology (Online),posgrado,Finanzas,no indicada,-,https://www.unsw.edu.au/business/study-with-us/postgraduate/postgraduate-degrees
03,UNSW Sydney,Graduate Certificate in Leadership,posgrado,Negocios,no indicada,-,https://www.unsw.edu.au/business/study-with-us/postgraduate/postgraduate-degrees
03,UNSW Sydney,Graduate Certificate in Management,posgrado,Negocios,no indicada,-,https://www.unsw.edu.au/business/study-with-us/postgraduate/postgraduate-degrees
03,UNSW Sydney,Graduate Certificate in Marketing Analytics,posgrado,Negocios,no indicada,-,https://www.unsw.edu.au/business/study-with-us/postgraduate/postgraduate-degrees
03,UNSW Sydney,Graduate Certificate in Social Impact,posgrado,Negocios,no indicada,-,https://www.unsw.edu.au/business/study-with-us/postgraduate/postgraduate-degrees
03,UNSW Sydney,Graduate Certificate in Strategic Management,posgrado,Negocios,no indicada,-,https://www.unsw.edu.au/business/study-with-us/postgraduate/postgraduate-degrees
03,UNSW Sydney,Graduate Certificate in Taxation,posgrado,Negocios,no indicada,-,https://www.unsw.edu.au/business/study-with-us/postgraduate/postgraduate-degrees
03,UNSW Sydney,Graduate Certificate in Technology Management,posgrado,Tecnología,no indicada,-,https://www.unsw.edu.au/business/study-with-us/postgraduate/postgraduate-degrees
03,EQUALS International,Master of Social Work (Qualifying),maestria,Trabajo Social,104 semanas,CRS1401661,https://equals.edu.au/courses/
03,EQUALS International,Bachelor of Human Services,bachelor,Trabajo Social,no indicada,-,https://equals.edu.au/courses/
03,EQUALS International,Diploma in Human Services,diplomado,Trabajo Social,52 semanas,CRS1400642,https://equals.edu.au/courses/
03,EQUALS International,Diploma of Community Services,diplomado,Servicios Sociales,104 semanas,CHC52025,https://equals.edu.au/courses/
03,EQUALS International,Diploma of Early Childhood Education and Care,diplomado,Educación,38 semanas,CHC50125,https://equals.edu.au/courses/
03,EQUALS International,Diploma of Mental Health,diplomado,Salud,52 semanas,CHC53315,https://equals.edu.au/courses/
03,EQUALS International,Advanced Diploma of Community Sector Management,diplomado,Servicios Sociales,no indicada,-,https://equals.edu.au/courses/
03,EQUALS International,Certificate III in Early Childhood Education and Care,curso_corto,Educación,no indicada,-,https://equals.edu.au/courses/
03,EQUALS International,Certificate III in Individual Support (Ageing and Disability),curso_corto,Salud,18 semanas,CHC33021,https://equals.edu.au/courses/
03,EQUALS International,Advanced Diploma of Nursing (Mental Health),diplomado,Salud,no indicada,-,https://equals.edu.au/courses/
03,EQUALS International,Diploma of Nursing,diplomado,Salud,78 semanas,HLT54121,https://equals.edu.au/courses/
03,EQUALS International,Certificate III in Pathology (Pathology Collection),curso_corto,Salud,34 semanas,HLT37525,https://equals.edu.au/courses/
03,EQUALS International,Certificate III in Dental Assisting,curso_corto,Salud,no indicada,-,https://equals.edu.au/courses/
03,EQUALS International,Certificate III in Allied Health Assistance,curso_corto,Salud,no indicada,-,https://equals.edu.au/courses/
03,EQUALS International,Certificate III in Health Administration,curso_corto,Salud,no indicada,-,https://equals.edu.au/courses/
03,EQUALS International,Certificate III in Health Services Assistance,curso_corto,Salud,13 semanas,HLT33115,https://equals.edu.au/courses/
03,EQUALS International,Advanced Diploma of Ayurveda,diplomado,Salud,no indicada,-,https://equals.edu.au/courses/
03,EQUALS International,Diploma of Ayurvedic Lifestyle Consultation,diplomado,Salud,52 semanas,HLT52615,https://equals.edu.au/courses/
03,EQUALS International,Diploma Remedial Massage,diplomado,Salud,52 semanas,HLT52021,https://equals.edu.au/courses/
03,EQUALS International,Provide First Aid,curso_corto,Salud,no indicada,HLTAID011,https://equals.edu.au/courses/
03,EQUALS International,Provide Cardiopulmonary Resuscitation,curso_corto,Salud,no indicada,HLTAID009,https://equals.edu.au/courses/
03,EQUALS International,Mental Health First Aid,curso_corto,Salud,no indicada,-,https://equals.edu.au/courses/
03,EQUALS International,Safe Handling Practices Workshop,curso_corto,Salud,no indicada,-,https://equals.edu.au/courses/
03,EQUALS International,Assist Clients with Medication,curso_corto,Salud,no indicada,-,https://equals.edu.au/courses/
03,EQUALS International,Certificate II in Electrotechnology (Career Start),curso_corto,Ingeniería,no indicada,-,https://equals.edu.au/courses/
03,EQUALS International,Certificate II in Engineering Pathways,curso_corto,Ingeniería,no indicada,-,https://equals.edu.au/courses/
03,EQUALS International,Diploma of Leadership and Management,diplomado,Negocios,52 semanas,BSB50420,https://equals.edu.au/courses/
03,EQUALS International,Certificate II in Skills for Work and Vocational Pathways,curso_corto,Formación Básica,no indicada,-,https://equals.edu.au/courses/
03,EQUALS International,White Card Course,curso_corto,Construcción,no indicada,-,https://equals.edu.au/courses/
03,EQUALS International,Safe Environments for Children and Young People - Through Their Eyes,curso_corto,Servicios Sociales,no indicada,-,https://equals.edu.au/courses/
03,EQUALS International,Introduction to Working Safely in Health and Community Services,curso_corto,Salud,no indicada,-,https://equals.edu.au/courses/
03,Speos International Photography School,Accelerated Bachelor in 1 year - The Entrepreneurial Photographer,bachelor,Artes (Fotografía),1 año,RNCP39859,https://speos-photo.com/en/1-year-photography-programs/accelerated-bachelor-the-entrepreneurial-photographer/
03,Speos International Photography School,Professional Photography in 1 year,diplomado,Artes (Fotografía),1 año,-,https://speos-photo.com/en/1-year-photography-programs/professional/
03,Speos International Photography School,"Expert in Digital Visual Creation: Photography, 3D, AI, Video",diplomado,Artes (Fotografía),1 año,-,https://speos-photo.com/en/1-year-photography-programs/expert-in-digital-visual-creation-photography-3d-ai-video/
03,Speos International Photography School,Photojournalism by Speos & Agence France-Presse (AFP),diplomado,Comunicación (Fotoperiodismo),1 año,-,https://speos-photo.com/en/1-year-photography-programs/photojournalism-program-by-afp-speos/
03,Speos International Photography School,Creative Documentary with Magnum Photos,diplomado,Artes (Fotografía),1 año,-,https://speos-photo.com/en/1-year-photography-programs/creative-documentary-by-magnum-photo/
03,Speos International Photography School,Professional Photography in 2 years,diplomado,Artes (Fotografía),2 años,-,https://speos-photo.com/en/2-year-photography-programs/professional/
03,Speos International Photography School,The Entrepreneurial Photographer in 2 years,diplomado,Artes (Fotografía),2 años,-,https://speos-photo.com/en/2-year-photography-programs/the-entrepreneurial-photographer/
03,Speos International Photography School,Professional Photography Fundamentals - 5 months,curso_corto,Artes (Fotografía),5 meses,-,https://speos-photo.com/en/short-photography-programs/photo-fundamentals-paris/
03,Speos International Photography School,Photojournalism by Polka & Speos - 5 months,curso_corto,Comunicación (Fotoperiodismo),5 meses,-,https://speos-photo.com/en/short-photography-programs/photojournalism-polka-paris/
03,Speos International Photography School,ICP x Speos Summer Photography Program,vacacional,Artes (Fotografía),2 meses,-,https://speos-photo.com/en/short-photography-programs/icp-x-speos-summer-photography-program/
03,Speos International Photography School,Summer Photography Course - Introduction to Photography in 2 months,vacacional,Artes (Fotografía),2 meses,-,https://speos-photo.com/en/short-photography-programs/summer-photography-course-introduction-to-photography-in-2-months/
03,Speos International Photography School,Workshop - Artificial Intelligence-Powered Image Creation,curso_corto,Artes (Fotografía),no indicada,-,https://speos-photo.com/en/photography-workshops/workshop-ai-powered-image-creation/
03,Speos International Photography School,Workshops in Paris,curso_corto,Artes (Fotografía),no indicada,-,https://speos-photo.com/en/photography-workshops/paris/
03,George Mason University,Accounting,bachelor,Negocios,no indicada,-,https://catalog.gmu.edu/programs/
03,George Mason University,Anthropology,bachelor,Ciencias Sociales,no indicada,-,https://catalog.gmu.edu/programs/
03,George Mason University,Applied Computer Science,bachelor,Tecnología,no indicada,-,https://catalog.gmu.edu/programs/
03,George Mason University,Applied Science,bachelor,Ciencias,no indicada,-,https://catalog.gmu.edu/programs/
03,George Mason University,Art and Visual Technology,bachelor,Artes,no indicada,-,https://catalog.gmu.edu/programs/
03,George Mason University,Art History,bachelor,Artes,no indicada,-,https://catalog.gmu.edu/programs/
03,George Mason University,Astronomy,bachelor,Ciencias,no indicada,-,https://catalog.gmu.edu/programs/
03,George Mason University,Biology,bachelor,Ciencias,no indicada,-,https://catalog.gmu.edu/programs/
03,George Mason University,Bioengineering,bachelor,Ingeniería,no indicada,-,https://catalog.gmu.edu/programs/
03,George Mason University,Business,bachelor,Negocios,no indicada,-,https://catalog.gmu.edu/programs/
03,George Mason University,Chemistry,bachelor,Ciencias,no indicada,-,https://catalog.gmu.edu/programs/
03,George Mason University,Civil and Infrastructure Engineering,bachelor,Ingeniería,no indicada,-,https://catalog.gmu.edu/programs/
03,George Mason University,Community Health,bachelor,Salud,no indicada,-,https://catalog.gmu.edu/programs/
03,George Mason University,Computational and Data Sciences,bachelor,Tecnología,no indicada,-,https://catalog.gmu.edu/programs/
03,George Mason University,Computer Engineering,bachelor,Ingeniería,no indicada,-,https://catalog.gmu.edu/programs/
03,George Mason University,Computer Science,bachelor,Tecnología,no indicada,-,https://catalog.gmu.edu/programs/
03,George Mason University,Conflict Analysis and Resolution,bachelor,Ciencias Sociales,no indicada,-,https://catalog.gmu.edu/programs/
03,George Mason University,"Criminology, Law and Society",bachelor,Derecho,no indicada,-,https://catalog.gmu.edu/programs/
03,George Mason University,Dance,bachelor,Artes,no indicada,-,https://catalog.gmu.edu/programs/
03,George Mason University,Elementary Education,bachelor,Educación,no indicada,-,https://catalog.gmu.edu/programs/
03,George Mason University,Environmental Science,bachelor,Ciencias,no indicada,-,https://catalog.gmu.edu/programs/
03,George Mason University,Environmental and Sustainability Studies,bachelor,Ciencias,no indicada,-,https://catalog.gmu.edu/programs/
03,George Mason University,Film and Video Studies,bachelor,Artes,no indicada,-,https://catalog.gmu.edu/programs/
03,George Mason University,Forensic Science,bachelor,Ciencias,no indicada,-,https://catalog.gmu.edu/programs/
03,George Mason University,Foreign Languages,bachelor,Idiomas,no indicada,-,https://catalog.gmu.edu/programs/
03,George Mason University,Geography,bachelor,Ciencias Sociales,no indicada,-,https://catalog.gmu.edu/programs/
03,George Mason University,Global Affairs,bachelor,Ciencias Sociales,no indicada,-,https://catalog.gmu.edu/programs/
03,George Mason University,Health Administration,bachelor,Salud,no indicada,-,https://catalog.gmu.edu/programs/
03,George Mason University,Health Informatics,bachelor,Salud,no indicada,-,https://catalog.gmu.edu/programs/
03,George Mason University,Human Development and Family Science,bachelor,Ciencias Sociales,no indicada,-,https://catalog.gmu.edu/programs/
03,George Mason University,Inclusive Early Childhood Education,bachelor,Educación,no indicada,-,https://catalog.gmu.edu/programs/
03,George Mason University,Individualized Study,bachelor,Interdisciplinar,no indicada,-,https://catalog.gmu.edu/programs/
03,George Mason University,Information Technology,bachelor,Tecnología,no indicada,-,https://catalog.gmu.edu/programs/
03,George Mason University,Integrative Studies,bachelor,Interdisciplinar,no indicada,-,https://catalog.gmu.edu/programs/
03,George Mason University,International Security and Law,bachelor,Derecho,no indicada,-,https://catalog.gmu.edu/programs/
03,George Mason University,Kinesiology,bachelor,Salud,no indicada,-,https://catalog.gmu.edu/programs/
03,George Mason University,"Accounting, MS",maestria,Negocios,no indicada,-,https://catalog.gmu.edu/programs/
03,George Mason University,"Anthropology, MA",maestria,Ciencias Sociales,no indicada,-,https://catalog.gmu.edu/programs/
03,George Mason University,"Applied and Engineering Physics, MS",maestria,Ciencias,no indicada,-,https://catalog.gmu.edu/programs/
03,George Mason University,"Artificial Intelligence, MS",maestria,Tecnología,no indicada,-,https://catalog.gmu.edu/programs/
03,George Mason University,"Art History, MA",maestria,Artes,no indicada,-,https://catalog.gmu.edu/programs/
03,George Mason University,"Arts Education, MA",maestria,Educación,no indicada,-,https://catalog.gmu.edu/programs/
03,George Mason University,"Arts Management, MA",maestria,Artes,no indicada,-,https://catalog.gmu.edu/programs/
03,George Mason University,"Biodefense, MS",maestria,Ciencias,no indicada,-,https://catalog.gmu.edu/programs/
03,George Mason University,"Bioinformatics and Computational Biology, MS",maestria,Ciencias,no indicada,-,https://catalog.gmu.edu/programs/
03,George Mason University,"Bioinformatics Management, MS",maestria,Ciencias,no indicada,-,https://catalog.gmu.edu/programs/
03,George Mason University,"Biology, MS",maestria,Ciencias,no indicada,-,https://catalog.gmu.edu/programs/
03,George Mason University,"Biostatistics, MS",maestria,Ciencias,no indicada,-,https://catalog.gmu.edu/programs/
03,George Mason University,"Business Administration, MBA",mba,Negocios,no indicada,-,https://catalog.gmu.edu/programs/
03,George Mason University,"Business Analytics, MS",maestria,Negocios,no indicada,-,https://catalog.gmu.edu/programs/
03,George Mason University,"Chemistry, MS",maestria,Ciencias,no indicada,-,https://catalog.gmu.edu/programs/
03,George Mason University,"Climate Science, MS",maestria,Ciencias,no indicada,-,https://catalog.gmu.edu/programs/
03,George Mason University,"Communication, MA",maestria,Comunicación,no indicada,-,https://catalog.gmu.edu/programs/
03,George Mason University,"Computational Science, MS",maestria,Tecnología,no indicada,-,https://catalog.gmu.edu/programs/
03,George Mason University,"Computational Social Science, MS",maestria,Ciencias Sociales,no indicada,-,https://catalog.gmu.edu/programs/
03,George Mason University,"Computer Engineering, MS",maestria,Ingeniería,no indicada,-,https://catalog.gmu.edu/programs/
03,George Mason University,"Computer Science, MS",maestria,Tecnología,no indicada,-,https://catalog.gmu.edu/programs/
03,George Mason University,"Conflict Analysis and Resolution, MS",maestria,Ciencias Sociales,no indicada,-,https://catalog.gmu.edu/programs/
03,George Mason University,"Counseling, MEd",maestria,Salud,no indicada,-,https://catalog.gmu.edu/programs/
03,George Mason University,"Creative Writing, MFA",maestria,Artes,no indicada,-,https://catalog.gmu.edu/programs/
03,George Mason University,"Criminal Justice, MA",maestria,Derecho,no indicada,-,https://catalog.gmu.edu/programs/
03,George Mason University,"Criminology, Law and Society, MA",maestria,Derecho,no indicada,-,https://catalog.gmu.edu/programs/
03,George Mason University,Juris Master,maestria,Derecho,no indicada,-,https://www.law.gmu.edu/academics/degrees/
03,George Mason University,"Master of Laws (LLM) in Cyber, Intelligence, and National Security Law",maestria,Derecho,no indicada,-,https://www.law.gmu.edu/academics/degrees/
03,George Mason University,Master of Laws (LLM) in Global Antitrust Law & Economics,maestria,Derecho,no indicada,-,https://www.law.gmu.edu/academics/degrees/
03,George Mason University,Master of Laws (LLM) in Intellectual Property,maestria,Derecho,no indicada,-,https://www.law.gmu.edu/academics/degrees/
03,George Mason University,Master of Laws (LLM) in U.S. Law,maestria,Derecho,no indicada,-,https://www.law.gmu.edu/academics/degrees/
03,George Mason University,"Biodefense, PhD",doctorado,Ciencias,no indicada,-,https://catalog.gmu.edu/programs/
03,George Mason University,"Bioengineering, PhD",doctorado,Ingeniería,no indicada,-,https://catalog.gmu.edu/programs/
03,George Mason University,"Biosciences, PhD",doctorado,Ciencias,no indicada,-,https://catalog.gmu.edu/programs/
03,George Mason University,"Business, PhD",doctorado,Negocios,no indicada,-,https://catalog.gmu.edu/programs/
03,George Mason University,"Chemistry and Biochemistry, PhD",doctorado,Ciencias,no indicada,-,https://catalog.gmu.edu/programs/
03,George Mason University,"Climate Dynamics, PhD",doctorado,Ciencias,no indicada,-,https://catalog.gmu.edu/programs/
03,George Mason University,"Communication, PhD",doctorado,Comunicación,no indicada,-,https://catalog.gmu.edu/programs/
03,George Mason University,"Computational Sciences and Informatics, PhD",doctorado,Tecnología,no indicada,-,https://catalog.gmu.edu/programs/
03,George Mason University,"Computational Social Science, PhD",doctorado,Ciencias Sociales,no indicada,-,https://catalog.gmu.edu/programs/
03,George Mason University,"Criminology, Law and Society, PhD",doctorado,Derecho,no indicada,-,https://catalog.gmu.edu/programs/
03,George Mason University,"Cultural Studies, PhD",doctorado,Ciencias Sociales,no indicada,-,https://catalog.gmu.edu/programs/
03,George Mason University,"Economics, PhD",doctorado,Economía,no indicada,-,https://catalog.gmu.edu/programs/
03,George Mason University,"Education, PhD",doctorado,Educación,no indicada,-,https://catalog.gmu.edu/programs/
03,George Mason University,"Electrical and Computer Engineering, PhD",doctorado,Ingeniería,no indicada,-,https://catalog.gmu.edu/programs/
03,George Mason University,"Environmental Science and Public Policy, PhD",doctorado,Ciencias,no indicada,-,https://catalog.gmu.edu/programs/
03,George Mason University,"Geology and Earth Science, PhD",doctorado,Ciencias,no indicada,-,https://catalog.gmu.edu/programs/
03,George Mason University,"History, PhD",doctorado,Humanidades,no indicada,-,https://catalog.gmu.edu/programs/
03,George Mason University,"Information Technology, PhD",doctorado,Tecnología,no indicada,-,https://catalog.gmu.edu/programs/
03,George Mason University,"Linguistics, PhD",doctorado,Humanidades,no indicada,-,https://catalog.gmu.edu/programs/
03,George Mason University,Juris Doctor,doctorado,Derecho,no indicada,-,https://www.law.gmu.edu/academics/degrees/
03,College de Paris,Bachelor in Business Administration,bachelor,Negocios,3 años (6 semestres),RNCP nivel 5 y 6,https://www.collegedeparis.com/programs/bachelor-in-business-administration/
03,College de Paris,Mastère International Marketing,maestria,Negocios (Marketing),2 años (4 semestres),RNCP - Manager du développement commercial,https://www.collegedeparis.com/programs/mastere-in-international-marketing/
03,College de Paris,Global MBA,mba,Negocios,2 años (4 semestres),RNCP 38583,https://www.collegedeparis.com/programs/global-mba/
03,College de Paris,Global Online MBA,mba,Negocios,12 a 18 meses,90 ECTS,https://www.collegedeparis.com/programs/global-online-mba/
03,Eynesbury College,Foundation Studies Program,curso_corto,Preparación Universitaria,8 o 12 meses,074931M,https://www.eynesbury.edu.au/programs/foundation-studies/
03,Eynesbury College,Diploma of Arts,diplomado,Artes y Humanidades,no indicada,-,https://www.eynesbury.edu.au/programs/diploma-programs/
03,Eynesbury College,Diploma of Business Studies,diplomado,Negocios,no indicada,-,https://www.eynesbury.edu.au/programs/diploma-programs/
03,Eynesbury College,Diploma of Computing and IT Studies,diplomado,Tecnología,no indicada,-,https://www.eynesbury.edu.au/programs/diploma-programs/
03,Eynesbury College,Diploma of Engineering,diplomado,Ingeniería,no indicada,-,https://www.eynesbury.edu.au/programs/diploma-programs/
03,Eynesbury College,Diploma of Health Science,diplomado,Salud,no indicada,-,https://www.eynesbury.edu.au/programs/diploma-programs/
03,Eynesbury College,ELICOS,curso_corto,Idiomas,no indicada,-,https://www.eynesbury.edu.au/programs/
03,Eynesbury College,Graduate Certificate in Business and Management,posgrado,Negocios,no indicada,-,https://www.eynesbury.edu.au/programs/
03,Eynesbury College,Navitas UniStart International Foundation Year,curso_corto,Preparación Universitaria,no indicada,-,https://www.eynesbury.edu.au/programs/
03,Alpadia Language Schools,Curso de francés - Estándar 20,curso_corto,Idiomas,1-48 semanas,-,https://www.alpadia.com/es/cursos-idiomas/frances
03,Alpadia Language Schools,Curso de francés - Semi-Intensivo 25,curso_corto,Idiomas,1-48 semanas,-,https://www.alpadia.com/es/cursos-idiomas/frances
03,Alpadia Language Schools,Curso de francés - Intensivo 25,curso_corto,Idiomas,1-48 semanas,-,https://www.alpadia.com/es/cursos-idiomas/frances
03,Alpadia Language Schools,Curso de francés - Premium 30,curso_corto,Idiomas,1-48 semanas,-,https://www.alpadia.com/es/cursos-idiomas/frances
03,Alpadia Language Schools,Curso de francés - Combi 5,curso_corto,Idiomas,1-48 semanas,-,https://www.alpadia.com/es/cursos-idiomas/frances
03,Alpadia Language Schools,Curso de francés - Combi 10,curso_corto,Idiomas,1-48 semanas,-,https://www.alpadia.com/es/cursos-idiomas/frances
03,Alpadia Language Schools,Curso de francés - Clases Particulares,curso_corto,Idiomas,flexible,-,https://www.alpadia.com/es/cursos-idiomas/frances
03,Alpadia Language Schools,Curso de preparación de examen de francés (DELF/DALF/TCF),curso_corto,Idiomas,4 semanas,-,https://www.alpadia.com/es/cursos-idiomas/frances
03,Alpadia Language Schools,Curso de alemán - Estándar 20,curso_corto,Idiomas,1-48 semanas,-,https://www.alpadia.com/es/cursos-idiomas/aleman
03,Alpadia Language Schools,Curso de alemán - Semi-Intensivo 25,curso_corto,Idiomas,1-48 semanas,-,https://www.alpadia.com/es/cursos-idiomas/aleman
03,Alpadia Language Schools,Curso de alemán - Intensivo 25,curso_corto,Idiomas,1-48 semanas,-,https://www.alpadia.com/es/cursos-idiomas/aleman
03,Alpadia Language Schools,Curso de alemán - Premium 30,curso_corto,Idiomas,1-48 semanas,-,https://www.alpadia.com/es/cursos-idiomas/aleman
03,Alpadia Language Schools,Curso de alemán - Combi 5,curso_corto,Idiomas,1-48 semanas,-,https://www.alpadia.com/es/cursos-idiomas/aleman
03,Alpadia Language Schools,Curso de alemán - Combi 10,curso_corto,Idiomas,1-48 semanas,-,https://www.alpadia.com/es/cursos-idiomas/aleman
03,Alpadia Language Schools,Curso de alemán - Clases Particulares,curso_corto,Idiomas,flexible,-,https://www.alpadia.com/es/cursos-idiomas/aleman
03,Alpadia Language Schools,Curso de preparación de examen de alemán,curso_corto,Idiomas,4 semanas,-,https://www.alpadia.com/es/cursos-idiomas/aleman
03,Alpadia Language Schools,Clases Online en Directo (francés y alemán),curso_corto,Idiomas,no indicada,-,https://www.alpadia.com/es/cursos-idiomas
03,Alpadia Language Schools,Campamentos de verano de francés (8-17 años),vacacional,Idiomas,no indicada,-,https://www.alpadia.com/es/cursos-idiomas
03,Alpadia Language Schools,Campamentos de verano de alemán (8-17 años),vacacional,Idiomas,no indicada,-,https://www.alpadia.com/es/cursos-idiomas
03,Alpadia Language Schools,Campamentos de verano de inglés (8-17 años),vacacional,Idiomas,no indicada,-,https://www.alpadia.com/es/cursos-idiomas
03,Alpadia Language Schools,Año Académico en el Extranjero,intercambio,Idiomas,no indicada,-,https://www.alpadia.com/es/cursos-idiomas
03,Australian National College of English,General English,curso_corto,Idiomas,~15 semanas por nivel (4 niveles),-,https://ance.vic.edu.au/course/general-english/
03,Australian National College of English,IELTS Preparation,curso_corto,Idiomas,no indicada,-,https://ance.vic.edu.au/ielts-preparation-2/
03,Australian National College of English,English for Academic Purposes (EAP),curso_corto,Idiomas,no indicada,-,https://ance.vic.edu.au/english-for-academic-purposes-2/
03,Australian National College of English,Business English,curso_corto,Idiomas,no indicada,-,https://ance.vic.edu.au/business-english-2/
03,Australian National College of English,Graduate TESOL Teacher Mentor Program,curso_corto,Educación,no indicada,-,https://ance.vic.edu.au/graduate-tesol-teacher-mentor-program-2/
03,Taylors College,University of Sydney Foundation Program (USFP),curso_corto,Preparación Universitaria,duración flexible,-,https://www.taylorssydney.edu.au/programs/
03,Taylors College,High Achievers Preparation Program (HAPP),curso_corto,Preparación Universitaria,14 semanas,-,https://www.taylorssydney.edu.au/programs/
04,Academies Australasia,Master of Information Technology,maestria,Tecnología,no indicada,CRICOS 02439G (proveedor AAPoly),https://www.academies.edu.au/courses-syd-degrees/
04,Academies Australasia,Bachelor of Business (Digital Marketing),bachelor,Negocios,no indicada,CRICOS 02439G (proveedor AAPoly),https://www.academies.edu.au/courses-syd-degrees/
04,Academies Australasia,Bachelor of Business (Leadership and Management),bachelor,Negocios,no indicada,CRICOS 02439G (proveedor AAPoly),https://www.academies.edu.au/courses-syd-degrees/
04,Academies Australasia,Bachelor of Information Technology,bachelor,Tecnología,no indicada,CRICOS 02439G (proveedor AAPoly),https://www.academies.edu.au/courses-syd-degrees/
04,Academies Australasia,Bachelor of Tourism and Hospitality Management (BTHM),bachelor,Hospitalidad,no indicada,CRICOS 02439G (proveedor AAPoly),https://www.academies.edu.au/courses-syd-degrees/
04,Academies Australasia,Bachelor of Business (Cyber Security),bachelor,Tecnología,no indicada,CRICOS 02439G (proveedor AAPoly),https://www.academies.edu.au/courses-mel-degrees/
04,Academies Australasia,General English (Beginner),curso_corto,Idiomas,10-20 semanas,CRICOS 0101722,https://www.academies.edu.au/courses-syd-english/
04,Academies Australasia,General English (Elementary to Pre-Intermediate),curso_corto,Idiomas,10-20 semanas,CRICOS 0101722,https://www.academies.edu.au/courses-syd-english/
04,Academies Australasia,General English (Intermediate to Upper-Intermediate),curso_corto,Idiomas,10-20 semanas,CRICOS 0101722,https://www.academies.edu.au/courses-syd-english/
04,Academies Australasia,General English (Advanced),curso_corto,Idiomas,10-20 semanas,CRICOS 0101722,https://www.academies.edu.au/courses-syd-english/
04,Academies Australasia,English for Academic Purposes and IELTS Preparation (Intermediate),curso_corto,Idiomas,10-20 semanas,CRICOS 0101723,https://www.academies.edu.au/courses-syd-english/
04,Academies Australasia,English for Academic Purposes and IELTS Preparation (Upper-Intermediate),curso_corto,Idiomas,10-20 semanas,CRICOS 0101723,https://www.academies.edu.au/courses-syd-english/
04,Academies Australasia,English for Academic Purposes and IELTS Preparation (Advanced),curso_corto,Idiomas,10-20 semanas,CRICOS 0101723,https://www.academies.edu.au/courses-syd-english/
04,Academies Australasia,Year 11,intercambio,Secundaria (K-12),no indicada,CRICOS 049221E,https://www.academies.edu.au/courses-syd-high-school/
04,Academies Australasia,Year 12,intercambio,Secundaria (K-12),no indicada,CRICOS 049221E,https://www.academies.edu.au/courses-syd-high-school/
04,Academies Australasia,Diploma of Community Services,diplomado,Servicios Sociales,8 terms (72 college weeks),CHC52025,https://www.academies.edu.au/courses-syd-community-services/
04,Academies Australasia,Certificate III in Early Childhood Education and Care,curso_corto,Educación,4 terms (36 college weeks),CHC30125,https://www.academies.edu.au/courses-sydney-melbourne-ecec/
04,Academies Australasia,Diploma of Early Childhood Education and Care,diplomado,Educación,4 terms (36 college weeks),CHC50125 · CRICOS 118577A,https://www.academies.edu.au/courses-sydney-melbourne-ecec/
04,Academies Australasia,Diploma of Hospitality Management,diplomado,Hospitalidad,6 terms (54 college weeks),SIT50422,https://www.academies.edu.au/courses-sydney-melbourne-hospitality-management/
04,Academies Australasia,Advanced Diploma of Hospitality Management,diplomado,Hospitalidad,2 terms (18 college weeks) tras el Diploma,SIT60322,https://www.academies.edu.au/courses-sydney-melbourne-hospitality-management/
04,Academies Australasia,Certificate IV in Information Technology,curso_corto,Tecnología,3 terms (27 college weeks),ICT40120,https://www.academies.edu.au/courses-sydney-melbourne-it/
04,Academies Australasia,Diploma of Information Technology,diplomado,Tecnología,3 terms (27 college weeks),ICT50220,https://www.academies.edu.au/courses-sydney-melbourne-it/
04,Academies Australasia,Advanced Diploma of Information Technology,diplomado,Tecnología,2 terms (18 college weeks),ICT60220,https://www.academies.edu.au/courses-sydney-melbourne-it/
04,Academies Australasia,Certificate II in Workplace Skills,curso_corto,Negocios,1 term (9 college weeks),BSB20120 · CRICOS 106322A,https://www.academies.edu.au/courses-syd-leadership-management/
04,Academies Australasia,Certificate IV in Business (Leadership),curso_corto,Negocios,2 terms (18 college weeks),BSB40120 · CRICOS 106323M,https://www.academies.edu.au/courses-syd-leadership-management/
04,Academies Australasia,Diploma of Leadership and Management,diplomado,Negocios,4 terms (36 college weeks),BSB50420,https://www.academies.edu.au/courses-syd-leadership-management/
04,Academies Australasia,Advanced Diploma of Leadership and Management,diplomado,Negocios,4 terms (36 college weeks),BSB60420,https://www.academies.edu.au/courses-syd-leadership-management/
04,Academies Australasia,Certificate IV in Marketing and Communication,curso_corto,Marketing,2 terms (18 college weeks),BSB40820,https://www.academies.edu.au/courses-syd-marketing-communication/
04,Academies Australasia,Diploma of Marketing and Communication,diplomado,Marketing,3 terms (27 college weeks),BSB50620,https://www.academies.edu.au/courses-syd-marketing-communication/
04,Academies Australasia,Advanced Diploma of Marketing and Communication,diplomado,Marketing,3 terms (27 college weeks),BSB60520,https://www.academies.edu.au/courses-syd-marketing-communication/
04,Academies Australasia,Diploma of Project Management,diplomado,Negocios,4 terms (36 college weeks),BSB50820,https://www.academies.edu.au/courses-sydney-melbourne-project-management/
04,Academies Australasia,Advanced Diploma of Program Management,diplomado,Negocios,4 terms (36 college weeks),BSB60720,https://www.academies.edu.au/courses-sydney-melbourne-project-management/
04,Academies Australasia,Certificate IV in Travel and Tourism,curso_corto,Turismo,3 terms (27 college weeks),SIT40125,https://www.academies.edu.au/courses-syd-travel-tourism/
04,Academies Australasia,Diploma of Travel and Tourism Management,diplomado,Turismo,3 terms (27 college weeks),SIT50122,https://www.academies.edu.au/courses-syd-travel-tourism/
04,Academies Australasia,Advanced Diploma of Travel and Tourism Management,diplomado,Turismo,2 terms (18 college weeks),SIT60122,https://www.academies.edu.au/courses-syd-travel-tourism/
04,Academies Australasia,General English,curso_corto,Idiomas,no indicada,CRICOS 03262J (proveedor Discover English),https://www.academies.edu.au/courses-mel-english/
04,Academies Australasia,English Excel,curso_corto,Idiomas,no indicada,CRICOS 03262J (proveedor Discover English),https://www.academies.edu.au/courses-mel-english/
04,Academies Australasia,English for Academic Purposes (EAP),curso_corto,Idiomas,no indicada,CRICOS 03262J (proveedor Discover English),https://www.academies.edu.au/courses-mel-english/
04,Academies Australasia,IELTS Preparation,curso_corto,Idiomas,no indicada,CRICOS 03262J (proveedor Discover English),https://www.academies.edu.au/courses-mel-english/
04,Academies Australasia,Cambridge English B2 (FCE),curso_corto,Idiomas,no indicada,CRICOS 03262J (proveedor Discover English),https://www.academies.edu.au/courses-mel-english/
04,Academies Australasia,Cambridge English C1 Advanced (CAE),curso_corto,Idiomas,no indicada,CRICOS 03262J (proveedor Discover English),https://www.academies.edu.au/courses-mel-english/
04,Academies Australasia,Cambridge English C2 Proficiency,curso_corto,Idiomas,no indicada,CRICOS 03262J (proveedor Discover English),https://www.academies.edu.au/courses-mel-english/
04,Academies Australasia,Business English,curso_corto,Idiomas,no indicada,CRICOS 03262J (proveedor Discover English),https://www.academies.edu.au/courses-mel-english/
04,Academies Australasia,Private Tuition,curso_corto,Idiomas,no indicada,CRICOS 03262J (proveedor Discover English),https://www.academies.edu.au/courses-mel-english/
04,Academies Australasia,English + Demi-Pair,curso_corto,Idiomas,no indicada,CRICOS 03262J (proveedor Discover English),https://www.academies.edu.au/courses-mel-english/
04,Academies Australasia,English + Hotel Internship,curso_corto,Idiomas,no indicada,CRICOS 03262J (proveedor Discover English),https://www.academies.edu.au/courses-mel-english/
04,Academies Australasia,English + Hospitality,curso_corto,Idiomas,no indicada,CRICOS 03262J (proveedor Discover English),https://www.academies.edu.au/courses-mel-english/
04,Academies Australasia,English + Teaching Assistant,curso_corto,Idiomas,no indicada,CRICOS 03262J (proveedor Discover English),https://www.academies.edu.au/courses-mel-english/
04,Academies Australasia,Study Tour Program,vacacional,Idiomas,no indicada,CRICOS 03262J (proveedor Discover English),https://www.academies.edu.au/courses-mel-english/
04,Academies Australasia,Certificate III in Individual Support (Ageing and Disability),curso_corto,Salud,4 terms (36 college weeks),CHC33021 · CRICOS 116177M,https://www.academies.edu.au/course-melbourne-individual-support/
04,Academies Australasia,IELTS / English for Academic Purposes (EAP),curso_corto,Idiomas,no indicada,CRICOS 02139J (proveedor Language Links International),https://www.academies.edu.au/courses-per-english/
04,Academies Australasia,Cambridge English Exam Courses,curso_corto,Idiomas,no indicada,CRICOS 02139J (proveedor Language Links International),https://www.academies.edu.au/courses-per-english/
04,Academies Australasia,Diploma of Agriculture,diplomado,Agricultura,4 terms (36 college weeks),AHC50122 · CRICOS 115292E,https://www.academies.edu.au/courses-ari-agriculture/
04,Academies Australasia,Advanced Diploma of Agribusiness Management,diplomado,Agricultura,4 terms (36 college weeks),AHC60319 · CRICOS 105596E,https://www.academies.edu.au/courses-ari-agriculture/
04,UPIC (Navitas),"Foundation · Arts, Design & Architecture",curso_corto,Artes,no indicada,-,https://upic.navitas.com/study/foundation/arts-design-architecture/
04,UPIC (Navitas),Foundation · Biological/Biomedical Sciences & Psychology,curso_corto,Ciencias,no indicada,-,https://upic.navitas.com/study/foundation/biological-biomedical-sciences-psychology/
04,UPIC (Navitas),"Foundation · Business, Management & Economics",curso_corto,Negocios,no indicada,-,https://upic.navitas.com/study/foundation/business-management/
04,UPIC (Navitas),Foundation · Computer Science,curso_corto,Tecnología,no indicada,-,https://upic.navitas.com/study/foundation/computer-science/
04,UPIC (Navitas),Foundation · Construction Management & Building Surveying,curso_corto,Ingeniería,no indicada,-,https://upic.navitas.com/study/foundation/construction-management-building-surveying/
04,UPIC (Navitas),Foundation · Engineering & Robotics,curso_corto,Ingeniería,no indicada,-,https://upic.navitas.com/study/foundation/engineering-robotics/
04,UPIC (Navitas),Foundation · Environmental Sciences,curso_corto,Ciencias Ambientales,no indicada,-,https://upic.navitas.com/study/foundation/environmental-sciences/
04,UPIC (Navitas),Foundation · Health & Human Sciences,curso_corto,Salud,no indicada,-,https://upic.navitas.com/study/foundation/health-human-sciences/
04,UPIC (Navitas),Foundation · Law,curso_corto,Derecho,no indicada,-,https://upic.navitas.com/study/foundation/law/
04,UPIC (Navitas),"Foundation · Marine, Coast & Ocean Sciences",curso_corto,Ciencias,no indicada,-,https://upic.navitas.com/study/foundation/marine-coast-ocean-sciences/
04,UPIC (Navitas),Foundation · Maritime Business & Logistics,curso_corto,Negocios,no indicada,-,https://upic.navitas.com/study/foundation/maritime-business/
04,UPIC (Navitas),Foundation · Mathematical Sciences,curso_corto,Matemáticas,no indicada,-,https://upic.navitas.com/study/foundation/mathematical-sciences/
04,UPIC (Navitas),Foundation · Politics & International Relations,curso_corto,Ciencias Sociales,no indicada,-,https://upic.navitas.com/study/foundation/politics-international-relations/
04,UPIC (Navitas),Foundation · Tourism & Hospitality,curso_corto,Hospitalidad,no indicada,-,https://upic.navitas.com/study/foundation/tourism-hospitality/
04,UPIC (Navitas),First Year · Business & Management,curso_corto,Negocios,no indicada,-,https://upic.navitas.com/study/first-year/business-management/
04,UPIC (Navitas),First Year · Computer Science,curso_corto,Tecnología,no indicada,-,https://upic.navitas.com/study/first-year/computer-science/
04,UPIC (Navitas),First Year · Education,curso_corto,Educación,no indicada,-,https://upic.navitas.com/study/first-year/education/
04,UPIC (Navitas),First Year · Environmental Sciences,curso_corto,Ciencias Ambientales,no indicada,-,https://upic.navitas.com/study/first-year/environmental-sciences/
04,UPIC (Navitas),First Year · Marine & Ocean,curso_corto,Ciencias,no indicada,-,https://upic.navitas.com/study/first-year/marine-ocean/
04,UPIC (Navitas),First Year · Maritime Business,curso_corto,Negocios,no indicada,-,https://upic.navitas.com/study/first-year/maritime-business/
04,UPIC (Navitas),First Year · Politics & International Relations,curso_corto,Ciencias Sociales,no indicada,-,https://upic.navitas.com/study/first-year/politics-international-relations/
04,UPIC (Navitas),First Year · Tourism & Events Management,curso_corto,Turismo,no indicada,-,https://upic.navitas.com/study/first-year/tourism-events-management/
04,UPIC (Navitas),Pre-Master's · Art & Design,curso_corto,Artes,no indicada,-,https://upic.navitas.com/study/pre-masters/art-design/
04,UPIC (Navitas),Pre-Master's · Business & Management,curso_corto,Negocios,no indicada,-,https://upic.navitas.com/study/pre-masters/business-management/
04,UPIC (Navitas),Pre-Master's · Architecture,curso_corto,Arquitectura,no indicada,-,https://upic.navitas.com/study/pre-masters/architecture/
04,UPIC (Navitas),Pre-Master's · Communication Design,curso_corto,Diseño,no indicada,-,https://upic.navitas.com/study/pre-masters/communications-design/
04,UPIC (Navitas),Pre-Master's · Data & Computer Science,curso_corto,Tecnología,no indicada,-,https://upic.navitas.com/study/pre-masters/data-computer-sciences/
04,UPIC (Navitas),Pre-Master's · Education,curso_corto,Educación,no indicada,-,https://upic.navitas.com/study/pre-masters/education/
04,UPIC (Navitas),Pre-Master's · Engineering,curso_corto,Ingeniería,no indicada,-,https://upic.navitas.com/study/pre-masters/engineering/
04,UPIC (Navitas),Pre-Master's · Psychology,curso_corto,Psicología,no indicada,-,https://upic.navitas.com/study/pre-masters/psychology/
04,UPIC (Navitas),Pre-Master's · Social Sciences and Law,curso_corto,Derecho,no indicada,-,https://upic.navitas.com/study/pre-masters/social-sciences/
04,UPIC (Navitas),Pre-Master's · Tourism & Hospitality Management,curso_corto,Hospitalidad,no indicada,-,https://upic.navitas.com/study/pre-masters/tourism-hospitality/
04,ACBI,Diploma of Artificial Intelligence (AI),diplomado,Tecnología,1 year (52 weeks),11287NAT · CRICOS 116943M,https://www.acbi.edu.au/courses/artificial-intelligence/11287nat-diploma-of-artificial-intelligence-ai/
04,ACBI,Advanced Diploma of Artificial Intelligence (AI),diplomado,Tecnología,1 year (52 weeks),11423NAT · CRICOS 120013H,https://www.acbi.edu.au/courses/artificial-intelligence/11423nat-advanced-diploma-of-artificial-intelligence/
04,ACBI,Al for customer experience,curso_corto,Tecnología,no indicada,-,https://www.acbi.edu.au/courses/artificial-intelligence/ai-for-customer-experience-microcredential/
04,ACBI,AI for operations,curso_corto,Tecnología,no indicada,-,https://www.acbi.edu.au/courses/artificial-intelligence/ai-for-operations-microcredential/
04,ACBI,Use Al for organisational productivity and innovation,curso_corto,Tecnología,no indicada,-,https://www.acbi.edu.au/courses/artificial-intelligence/ai-for-organisational-productivity-and-innovation-microcredential/
04,ACBI,Use Al to enhance your strategic decision-making,curso_corto,Negocios,no indicada,-,https://www.acbi.edu.au/courses/artificial-intelligence/ai-for-strategic-decision-making-microcredential/
04,ACBI,Lead AI governance and data strategy,curso_corto,Tecnología,no indicada,-,https://www.acbi.edu.au/courses/artificial-intelligence/ai-governance-and-data-strategy-microcredential/
04,ACBI,AI Prompt Engineering,curso_corto,Tecnología,4 weeks,-,https://www.acbi.edu.au/courses/artificial-intelligence/ai-prompt-engineering-microcredential/
04,ACBI,Al for digital presence and content creation,curso_corto,Marketing,no indicada,-,https://www.acbi.edu.au/courses/artificial-intelligence/al-for-digital-presence-and-content-creation-microcredential/
04,ACBI,Introduction to Al for project management,curso_corto,Negocios,no indicada,-,https://www.acbi.edu.au/courses/artificial-intelligence/introduction-to-ai-for-project-management-microcredential/
04,ACBI,Lead AI transformation,curso_corto,Tecnología,no indicada,-,https://www.acbi.edu.au/courses/artificial-intelligence/lead-ai-transformation-microcredential/
04,ACBI,Use responsible and ethical AI,curso_corto,Tecnología,no indicada,-,https://www.acbi.edu.au/courses/artificial-intelligence/use-responsible-and-ethical-ai/
04,ACBI,Construction Law Essentials (short course),curso_corto,Derecho,no indicada,-,https://www.acbi.edu.au/courses/construction/construction-law-essentials-short-course/
04,ACBI,Certificate IV in Design,curso_corto,Diseño,1 year (52 weeks),CUA40725 · CRICOS 119039H,https://www.acbi.edu.au/courses/design-and-creative-arts/cua40725-certificate-iv-in-design/
04,ACBI,Diploma of Graphic Design,diplomado,Diseño,1 year 6 months (78 weeks),CUA50725 · CRICOS 118932J,https://www.acbi.edu.au/courses/design-and-creative-arts/cua50725-diploma-of-graphic-design/
04,ACBI,Advanced Diploma of Graphic Design,diplomado,Diseño,1 year (52 weeks),CUA60325 · CRICOS 118931K,https://www.acbi.edu.au/courses/design-and-creative-arts/cua60325-advanced-diploma-of-graphic-design/
04,ACBI,Advanced Diploma of Digital Marketing,diplomado,Marketing,1 year (52 weeks),11266NAT · CRICOS 116942A,https://www.acbi.edu.au/courses/digital-marketing/11266nat-advanced-diploma-of-digital-marketing/
04,ACBI,Certificate IV in Social Media and Digital Marketing,curso_corto,Marketing,1 year (52 weeks),11302NAT · CRICOS 117245G,https://www.acbi.edu.au/courses/digital-marketing/11302nat-certificate-iv-in-social-media-and-digital-marketing/
04,ACBI,Diploma of Digital Marketing,diplomado,Marketing,1 year (52 weeks),11422NAT · CRICOS 120239A,https://www.acbi.edu.au/courses/digital-marketing/11422nat-diploma-of-digital-marketing/
04,ACBI,Certificate IV in Information Technology,curso_corto,Tecnología,1 year (52 weeks),ICT40120 · CRICOS 108187J,https://www.acbi.edu.au/courses/information-technology/ict40120-certificate-iv-in-information-technology/
04,ACBI,Diploma of Information Technology (Front End Web Development),diplomado,Tecnología,1 year 6 months (78 weeks),ICT50220 · CRICOS 105685D,https://www.acbi.edu.au/courses/information-technology/ict50220-diploma-of-information-technology-web-development/
04,ACBI,Advanced Diploma of Information Technology (Cyber Security),diplomado,Tecnología,2 years (104 weeks),ICT60220 · CRICOS 105626D,https://www.acbi.edu.au/courses/information-technology/ict60220-advanced-diploma-of-information-technology-cyber-security/
04,ACBI,Advanced Diploma of Information Technology (IT Management Focus),diplomado,Tecnología,2 years (104 weeks),ICT60220 · CRICOS 105626D,https://www.acbi.edu.au/courses/information-technology/ict60220-advanced-diploma-of-information-technology-management-focus/
04,ACBI,Advanced Diploma of Information Technology (Telecommunications Network Engineering),diplomado,Tecnología,2 years (104 weeks),ICT60220 · CRICOS 105626D,https://www.acbi.edu.au/courses/information-technology/ict60220-advanced-diploma-of-information-technology-telecommunications-network-engineering/
04,ACBI,Diploma of Leadership and Management,diplomado,Negocios,1 year (52 weeks),BSB50420 · CRICOS 104261C,https://www.acbi.edu.au/courses/management-strategic-leadership/bsb50420-diploma-of-leadership-and-management/
04,ACBI,Advanced Diploma of Leadership and Management,diplomado,Negocios,1 year (52 weeks),BSB60420 · CRICOS 104703D,https://www.acbi.edu.au/courses/management-strategic-leadership/bsb60420-advanced-diploma-of-leadership-and-management/
04,ACBI,Graduate Diploma of Strategic Leadership,posgrado,Negocios,2 years (104 weeks),BSB80320 · CRICOS 110396D,https://www.acbi.edu.au/courses/management-strategic-leadership/bsb80320-graduate-diploma-of-strategic-leadership/
04,ACBI,Diploma of Project Management,diplomado,Negocios,1 year (52 weeks),BSB50820 · CRICOS 104061M,https://www.acbi.edu.au/courses/project-management/bsb50820-diploma-of-project-management/
04,ACBI,Advanced Diploma of Program Management,diplomado,Negocios,1 year (52 weeks),BSB60720 · CRICOS 104450J,https://www.acbi.edu.au/courses/project-management/bsb60720-advanced-diploma-of-program-management/
04,ACBI,Certificate IV in Environmentally Sustainable Management,curso_corto,Ciencias Ambientales,1 year (52 weeks),11130NAT · CRICOS 112143J,https://www.acbi.edu.au/courses/sustainability/11130nat-certificate-iv-in-environmentally-sustainable-management/
04,ACBI,Advanced Diploma of Conservation and Ecosystem Management,diplomado,Ciencias Ambientales,1 year (52 weeks),AHC60422 · CRICOS 118158J,https://www.acbi.edu.au/courses/sustainability/ahc60422-advanced-diploma-of-conservation-ecosystem-management/
04,ACBI,Diploma of Sustainable Operations,diplomado,Ciencias Ambientales,1 year 6 months (78 weeks),MSS50122 · CRICOS 112566H,https://www.acbi.edu.au/courses/sustainability/mss50122-diploma-of-sustainable-operations/
04,ACBI,Certificate IV in Training and Assessment,curso_corto,Educación,no indicada,TAE40122,https://www.acbi.edu.au/courses/training-and-assessment/tae40122-certificate-iv-in-training-and-assessment/
04,ACBI,Certificate IV in Work Health and Safety,curso_corto,Seguridad Laboral,no indicada,BSB41419,https://www.acbi.edu.au/courses/work-health-and-safety-whs/bsb41419-certificate-iv-in-work-health-and-safety/
04,ACBI,Diploma of Work Health and Safety (WHS),diplomado,Seguridad Laboral,no indicada,BSB51319,https://www.acbi.edu.au/courses/work-health-and-safety-whs/bsb51319-diploma-of-work-health-and-safety-whs/
04,ACBI,Certificate IV in Rail Safety Management,curso_corto,Seguridad Laboral,no indicada,TLI42422,https://www.acbi.edu.au/courses/work-health-and-safety-whs/tli42422-certificate-iv-in-rail-safety-management/
04,ACBI,WHS Law Essentials (short course),curso_corto,Seguridad Laboral,no indicada,-,https://www.acbi.edu.au/courses/work-health-and-safety-whs/whs-law-essentials-short-course/
04,French in Normandy,General French Courses,curso_corto,Idiomas,"10, 15 o 25 horas por semana",-,https://www.frenchinnormandy.com/courses/
04,French in Normandy,Demi-Intensive,curso_corto,Idiomas,10 horas por semana,-,https://www.frenchinnormandy.com/courses/intensive-french-10/
04,French in Normandy,Semi-Intensive,curso_corto,Idiomas,15 horas por semana,-,https://www.frenchinnormandy.com/courses/intensive-french-15/
04,French in Normandy,Intensive,curso_corto,Idiomas,25 horas por semana,-,https://www.frenchinnormandy.com/courses/intensive-french-25/
04,French in Normandy,General French Online,curso_corto,Idiomas,no indicada,-,https://www.frenchinnormandy.com/general-french-online/
04,French in Normandy,DELF Online Exam Preparation,curso_corto,Idiomas,no indicada,-,https://www.frenchinnormandy.com/delf-exam-preparation-online/
04,French in Normandy,DELF Exam Preparation,curso_corto,Idiomas,no indicada,-,https://www.frenchinnormandy.com/delf-exam-preparation-in-france/
04,French in Normandy,DALF Exam Preparation,curso_corto,Idiomas,no indicada,-,https://www.frenchinnormandy.com/dalf-exam-preparation-in-france/
04,French in Normandy,French for 50+,curso_corto,Idiomas,no indicada,-,https://www.frenchinnormandy.com/french-for-50/
04,French in Normandy,French + Gastronomy,curso_corto,Gastronomía,3 semanas,-,https://www.frenchinnormandy.com/french-gastronomy/
04,French in Normandy,French + Hospitality,curso_corto,Hospitalidad,3 semanas,-,https://www.frenchinnormandy.com/french-hospitality-course-in-france/
04,French in Normandy,Teacher Training (Erasmus+),curso_corto,Educación,no indicada,-,https://www.frenchinnormandy.com/french-teacher-training-erasmus/
04,French in Normandy,Private French Lessons,curso_corto,Idiomas,no indicada,-,https://www.frenchinnormandy.com/private-french-lessons/
04,French in Normandy,French for Business,curso_corto,Idiomas,no indicada,-,https://www.frenchinnormandy.com/business-french/
04,French in Normandy,A-Level Preparation,curso_corto,Idiomas,no indicada,-,https://www.frenchinnormandy.com/a-level-french-revision/
04,Adelaide University ELC (ex-CELUSA),Pre-enrolment English Program (PEP),curso_corto,Idiomas,no indicada,-,https://adelaide.edu.au/study/english-language-centre/pre-enrolment-english/
04,Adelaide University ELC (ex-CELUSA),General English for Academic Purposes (GEAP),curso_corto,Idiomas,no indicada,-,https://adelaide.edu.au/study/english-language-centre/general-english-for-academic-purposes/
04,SAE University College,Bachelor of Audio,bachelor,Artes,"6, 8 o 9 trimestres full-time",-,https://sae.edu.au/courses/audio/bachelor-of-audio/
04,SAE University College,Associate Degree of Audio,pregrado,Artes,4 o 6 trimestres full-time,-,https://sae.edu.au/courses/audio/associate-degree-of-audio/
04,SAE University College,Diploma of Audio Production,diplomado,Artes,2 o 3 trimestres full-time,-,https://sae.edu.au/courses/audio/diploma-of-audio-production/
04,SAE University College,Bachelor of Film (Production),bachelor,Artes,"6, 8 o 9 trimestres full-time",-,https://sae.edu.au/courses/film/bachelor-of-film/
04,SAE University College,Associate Degree of Film,pregrado,Artes,4 o 6 trimestres full-time,-,https://sae.edu.au/courses/film/associate-degree-of-film/
04,SAE University College,Diploma of Film,diplomado,Artes,2 o 3 trimestres full-time,-,https://sae.edu.au/courses/film/diploma-of-film/
04,SAE University College,Bachelor of Animation,bachelor,Artes,"6, 8 o 9 trimestres full-time",-,https://sae.edu.au/courses/animation/bachelor-of-animation/
04,SAE University College,Associate Degree of Animation,pregrado,Artes,4 o 6 trimestres full-time,-,https://sae.edu.au/courses/animation/associate-degree-of-animation/
04,SAE University College,Diploma of 3D Animation Production,diplomado,Artes,2 o 3 trimestres full-time,-,https://sae.edu.au/courses/animation/diploma-of-3d-animation-production/
04,SAE University College,Bachelor of Design & Visual Communication,bachelor,Diseño,"6, 8 o 9 trimestres full-time",-,https://sae.edu.au/courses/design/bachelor-of-design-visual-communication/
04,SAE University College,Associate Degree of Design & Visual Communication,pregrado,Diseño,4 o 6 trimestres full-time,-,https://sae.edu.au/courses/design/associate-degree-of-design-visual-communication/
04,SAE University College,Diploma of Graphic Design,diplomado,Diseño,2 o 3 trimestres full-time,-,https://sae.edu.au/courses/design/diploma-of-graphic-design/
04,SAE University College,Bachelor of Music,bachelor,Música,"6, 8 o 9 trimestres full-time",-,https://sae.edu.au/courses/music/bachelor-of-music/
04,SAE University College,Associate Degree of Music,pregrado,Música,4 o 6 trimestres full-time,-,https://sae.edu.au/courses/music/associate-degree-of-music/
04,SAE University College,Diploma of Music,diplomado,Música,2 o 3 trimestres full-time,-,https://sae.edu.au/courses/music/diploma-of-music/
04,SAE University College,Bachelor of Computer Science,bachelor,Tecnología,6 o 8 trimestres full-time,-,https://sae.edu.au/courses/computer-science/bachelor-of-computer-science/
04,SAE University College,Associate Degree of Computer Science,pregrado,Tecnología,4 o 6 trimestres full-time,-,https://sae.edu.au/courses/computer-science/associate-degree-of-computer-science/
04,SAE University College,Diploma of Computer Science,diplomado,Tecnología,2 o 3 trimestres full-time,-,https://sae.edu.au/courses/computer-science/diploma-of-computer-science/
04,SAE University College,Diploma of Cyber Security,diplomado,Tecnología,2 o 3 trimestres full-time,-,https://sae.edu.au/courses/computer-science/diploma-of-cyber-security/
04,SAE University College,Bachelor of Creative Industries,bachelor,Artes,"6, 8 o 9 trimestres full-time",-,https://sae.edu.au/courses/creative-industries/bachelor-of-creative-industries/
04,SAE University College,Associate Degree of Creative Industries,pregrado,Artes,4 o 6 trimestres full-time,-,https://sae.edu.au/courses/creative-industries/associate-degree-of-creative-industries/
04,SAE University College,Diploma of Creative Industries,diplomado,Artes,2 o 3 trimestres full-time,-,https://sae.edu.au/courses/creative-industries/diploma-of-creative-industries/
04,SAE University College,Master of Creative Industries,maestria,Artes,4 trimestres full-time,-,https://sae.edu.au/courses/creative-industries/master-of-creative-industries/
04,SAE University College,Graduate Diploma of Creative Industries,posgrado,Artes,2 trimestres full-time,-,https://sae.edu.au/courses/creative-industries/graduate-diploma-of-creative-industries/
04,SAE University College,Graduate Certificate in Creative Industries,posgrado,Artes,1 trimestre full-time,-,https://sae.edu.au/courses/creative-industries/graduate-certificate-in-creative-industries/
04,SAE University College,Bachelor of VFX and Virtual Production,bachelor,Artes,"6, 8 o 9 trimestres full-time",-,https://sae.edu.au/courses/vfx-virtual-production/bachelor-of-vfx-virtual-production/
04,SAE University College,Associate Degree of VFX and Virtual Production,pregrado,Artes,4 o 6 trimestres full-time,-,https://sae.edu.au/courses/vfx-virtual-production/associate-degree-of-vfx-virtual-production/
04,SAE University College,Diploma of VFX,diplomado,Artes,2 o 3 trimestres full-time,-,https://sae.edu.au/courses/vfx-virtual-production/diploma-of-vfx/
04,SAE University College,Master of Information Technology,maestria,Tecnología,6 trimestres full-time,-,https://sae.edu.au/courses/information-technology/master-of-information-technology/
04,SAE University College,Graduate Certificate of Software Development,posgrado,Tecnología,2 trimestres full-time,-,https://sae.edu.au/courses/information-technology/graduate-certificate-software-development/
04,SAE University College,Bachelor of Games Development (Games Design),bachelor,Tecnología,"6, 8 o 9 trimestres full-time",-,https://sae.edu.au/courses/games/bachelor-of-games-development/
04,SAE University College,Bachelor of Games Development (Games Programming),bachelor,Tecnología,"6, 8 o 9 trimestres full-time",-,https://sae.edu.au/courses/games/bachelor-of-games-development-programming/
04,SAE University College,Associate Degree of Games Development,pregrado,Tecnología,4 o 6 trimestres full-time,-,https://sae.edu.au/courses/games/associate-degree-of-games-development/
04,SAE University College,Diploma of Game Development,diplomado,Tecnología,2 o 3 trimestres full-time,-,https://sae.edu.au/courses/games/diploma-of-game-development/
04,Arbutus College,Certificate in Business Management,curso_corto,Negocios,6 Months,-,https://arbutuscollege.com/program_pt/diploma-in-business-management/
04,Arbutus College,Certificate in Hospitality Management Operations,curso_corto,Hospitalidad,8 Months,-,https://arbutuscollege.com/program_pt/advanced-diploma-in-hospitality-management-operations/
04,Arbutus College,Certificate in Medical Office Assistant,curso_corto,Salud,8 Months,-,https://arbutuscollege.com/program_pt/diploma-in-medical-office-assistant/
04,Arbutus College,Certificate in Operations and Supply Chain Management,curso_corto,Negocios,6 Months,-,https://arbutuscollege.com/program_pt/diploma-in-international-trade/
04,Arbutus College,Co-op Diploma in Business Management,diplomado,Negocios,6 + 6 Months,-,https://arbutuscollege.com/program_pt/co-op-diploma-in-business-management/
04,Arbutus College,Co-op Diploma in Hospitality Management,diplomado,Hospitalidad,6 + 6 Months,-,https://arbutuscollege.com/program_pt/co-op-diploma-in-hospitality-management/
04,Arbutus College,Co-op Diploma in Hospitality Management Operations,diplomado,Hospitalidad,8 + 8 Months,-,https://arbutuscollege.com/program_pt/co-op-diploma-in-hospitality-management-operations/
04,Arbutus College,Co-op Diploma in Medical Office Assistant,diplomado,Salud,8 + 8 Months,-,https://arbutuscollege.com/program_pt/diploma-in-medical-office-assistant-copy/
04,Arbutus College,Co-op Diploma in Operations and Supply Chain Management,diplomado,Negocios,6 + 6 Months,-,https://arbutuscollege.com/program_pt/co-op-diploma-in-operations-and-supply-chain-management/
04,Arbutus College,Diploma in Computer Science & Frontend Web Development with Practicum,diplomado,Tecnología,12 + 3 Months,-,https://arbutuscollege.com/program_pt/diploma-in-computer-science-frontend-web-development-with-practicum/
04,Charlton Brown,High School Preparation Programme,curso_corto,Idiomas,10 week blocks,-,https://charltonbrown.edu.au/course/high-school-preparation-programme/
04,Charlton Brown,Primary School Preparation Course,curso_corto,Idiomas,10 week blocks,-,https://charltonbrown.edu.au/course/primary-school-preparation-course/
04,Charlton Brown,General English,curso_corto,Idiomas,12 week blocks,-,https://charltonbrown.edu.au/course/general-english/
04,Charlton Brown,Certificate IV in Business,curso_corto,Negocios,52 weeks,BSB40120,https://charltonbrown.edu.au/course/certificate-iv-in-business/
04,Charlton Brown,Certificate III in Early Childhood Education and Care,curso_corto,Educación,52 weeks,CHC30121,https://charltonbrown.edu.au/course/certificate-iii-early-childhood-education/
04,Charlton Brown,Diploma of Early Childhood Education and Care,diplomado,Educación,52 weeks,CHC50121,https://charltonbrown.edu.au/course/diploma-early-childhood-education/
04,Charlton Brown,Certificate III in Individual Support,curso_corto,Salud,34 weeks,CHC33021,https://charltonbrown.edu.au/course/certificate-iii-in-individual-support/
04,Charlton Brown,Certificate IV in Ageing Support,curso_corto,Salud,38 weeks,CHC43015,https://charltonbrown.edu.au/course/certificate-iv-in-ageing-support/
04,Charlton Brown,Diploma of Community Services,diplomado,Servicios Sociales,52 weeks,CHC52021,https://charltonbrown.edu.au/course/diploma-of-community-services/
04,Charlton Brown,Certificate III in Commercial Cookery,curso_corto,Gastronomía,52 weeks,SIT30821,https://charltonbrown.edu.au/course/certificate-iii-in-commercial-cookery/
04,Charlton Brown,Certificate IV in Commercial Cookery,curso_corto,Gastronomía,78 weeks,SIT40521,https://charltonbrown.edu.au/course/certificate-iv-in-commercial-cookery/
04,Charlton Brown,Diploma of Hospitality Management,diplomado,Hospitalidad,52 weeks,SIT50422,https://charltonbrown.edu.au/course/diploma-of-hospitality-management/
04,Charlton Brown,Diploma of Hospitality Management Operations,diplomado,Hospitalidad,52 weeks,SIT50422,https://charltonbrown.edu.au/course/diploma-of-hospitality-management-operations/
04,Charlton Brown,Diploma of Hospitality Management [UniTrack],diplomado,Hospitalidad,52 weeks,SIT50422,https://charltonbrown.edu.au/course/diploma-of-hospitality-management-unitrack/
04,Charlton Brown,Diploma of Information Technology [UniTrack],diplomado,Tecnología,52 weeks,ICT50220,https://charltonbrown.edu.au/course/diploma-of-information-technology-unitrack/
04,Charlton Brown,Diploma of Business [UniTrack],diplomado,Negocios,52 weeks,BSB50120,https://charltonbrown.edu.au/course/diploma-of-business-unitrack/
04,Charlton Brown,Diploma of Leadership & Management,diplomado,Negocios,52 weeks,BSB50420,https://charltonbrown.edu.au/course/diploma-of-leadership-management/
04,Charlton Brown,Diploma of Remedial Massage,diplomado,Salud,52 weeks,HLT52021,https://charltonbrown.edu.au/course/diploma-of-remedial-massage/
04,Charlton Brown,Graduate Diploma of Management (Learning) [UniTrack],posgrado,Negocios,52 weeks,BSB80120,https://charltonbrown.edu.au/course/graduate-diploma-of-management-learning-unitrack/
04,Charlton Brown,PACKAGE: EARLY CHILDHOOD EDUCATION AND CARE,diplomado,Educación,104 weeks,CHC30121 + CHC50121,https://charltonbrown.edu.au/course/package-cert-iii-diploma-early-childhood-education/
04,Charlton Brown,PACKAGE: COMMERCIAL COOKERY AND HOSPITALITY,diplomado,Gastronomía,104 weeks,SIT30821 + SIT40521 + SIT50422,https://charltonbrown.edu.au/course/cookeryhospitalitypackage/
04,Charlton Brown,PACKAGE: AGED CARE (3 Course),diplomado,Salud,no indicada,CHC33021 + CHC43015 + CHC52021,https://charltonbrown.edu.au/course/carepackage/
04,ECA Professional Year,ACS Professional Year,curso_corto,Tecnología,1 year,-,https://www.professionalyear.info/py-professional-year/
04,ECA Professional Year,IT Professional Year,curso_corto,Tecnología,1 year,-,https://www.professionalyear.info/it-professional-year-australia/
04,ECA Professional Year,Internships,curso_corto,Negocios,no indicada,-,https://www.professionalyear.info/internships/
